r,q0,psi2_mean,psi2_std,n_seed,amp_l2_mean,k_peak_mean,ring1_frac_mean,harm_ratio_mean,broadband_frac_mean,psi6_mean,hysteresis_area,residual,u64,err64,dist64,err_W7,err_grid,delta_quant
0.0096,0.971,0.070432458538562,0.03180874483618549,40,0.004432521399576167,0.9712737485766411,0.9999754518270493,4.503458706211355e-12,2.4551206570322394e-05,0.06611245325766499,,,0.078125,-0.007692541461437996,0.007692541461437996,-0.08664717414092765,-0.085817541461438,0.0008296326794896558
0.0096,0.972,0.0705834697000682,0.03218524588606931,40,0.004432022920809643,0.9715632349252701,0.9999671444296837,4.4623049233558785e-12,3.285497018623573e-05,0.06599232680164273,,,0.078125,-0.007541530299931806,0.007541530299931806,-0.08649616297942146,-0.0856665302999318,0.0008296326794896558
0.0096,0.973,0.07069213720969851,0.03257346052297856,40,0.004431445407681115,0.9737040936946869,0.9999738171696663,4.452980052836037e-12,2.618753242131788e-05,0.06585774375125761,,,0.078125,-0.007432862790301489,0.007432862790301489,-0.08638749546979115,-0.08555786279030149,0.0008296326794896558
0.00985,0.971,0.07043296522460873,0.031808986021488295,40,0.004658783099148375,0.9712737485766411,0.9999754443764687,5.492579199621594e-12,2.4561175177950644e-05,0.06611385005526241,,,0.078125,-0.0076920347753912655,0.0076920347753912655,-0.08664666745488092,-0.08581703477539127,0.0008296326794896558
0.00985,0.972,0.07058437471278008,0.032183301934208264,40,0.004658092756289938,0.9715632349252701,0.9999671265482902,5.441608014883359e-12,3.2870314316824076e-05,0.06599320108070965,,,0.078125,-0.007540625287219924,0.007540625287219924,-0.08649525796670958,-0.08566562528721992,0.0008296326794896558
0.00985,0.973,0.07069271104410287,0.03257522202342116,40,0.004657511215191283,0.9737040936946869,0.9999738141894341,5.43034601660497e-12,2.619274550852424e-05,0.06585894720628854,,,0.078125,-0.0074322889558971345,0.0074322889558971345,-0.08638692163538679,-0.08555728895589713,0.0008296326794896558
0.0101,0.971,0.07043259139172728,0.03181052826798604,40,0.004896394372917662,0.9712737485766411,0.999975411593914,6.6976977674930435e-12,2.4591372448412584e-05,0.06611264348030085,,,0.078125,-0.007692408608272722,0.007692408608272722,-0.08664704128776238,-0.08581740860827272,0.0008296326794896558
0.0101,0.972,0.07058484647423026,0.03218374613657809,40,0.004895685054361775,0.9715632349252701,0.9999671086668969,6.635661540643073e-12,3.289295777904044e-05,0.06599466176703568,,,0.078125,-0.007540153525769741,0.007540153525769741,-0.0864947862052594,-0.08566515352576974,0.0008296326794896558
0.0101,0.973,0.0706908937077969,0.03257372738741376,40,0.004894890740979405,0.9737040936946869,0.9999738067388535,6.620941577113737e-12,2.6199745070698556e-05,0.06586051881313318,,,0.078125,-0.007434106292203105,0.007434106292203105,-0.08638873897169276,-0.0855591062922031,0.0008296326794896558
0.01035,0.971,0.07043664087541397,0.03181253790047675,40,0.00514596485299985,0.9712737485766411,0.999975423514843,8.165951801471921e-12,2.4581991419836412e-05,0.06611555940471585,,,0.078125,-0.007688359124586028,0.007688359124586028,-0.08664299180407568,-0.08581335912458603,0.0008296326794896558
0.01035,0.972,0.07058549653738733,0.032185569862330204,40,0.005145245674066193,0.9715632349252701,0.999967111647129,8.090489096810455e-12,3.288911402705707e-05,0.06599649870768184,,,0.078125,-0.007539503462612673,0.007539503462612673,-0.08649413614210233,-0.08566450346261267,0.0008296326794896558
0.01035,0.973,0.07069409955292937,0.03257518063409374,40,0.005144657625351053,0.9737040936946869,0.9999737977981568,8.074088207916941e-12,2.621440635266481e-05,0.06586131867952641,,,0.078125,-0.007430900447070635,0.007430900447070635,-0.08638553312656029,-0.08555590044707063,0.0008296326794896558
0.0106,0.971,0.07043569372035559,0.03181304749346299,40,0.005408289784099855,0.9712610855698586,0.9999754056334496,9.956028297793129e-12,2.4600328015367267e-05,0.06611725753173228,,,0.078125,-0.007689306279644412,0.007689306279644412,-0.08664393895913407,-0.08581430627964441,0.0008296326794896558
0.0106,0.972,0.07058773548342283,0.03218526953475995,40,0.005407463537994722,0.9715632349252701,0.9999670952558517,9.863499285996807e-12,3.291302714387711e-05,0.06599629698321219,,,0.078125,-0.007537264516577172,0.007537264516577172,-0.08649189719606683,-0.08566226451657717,0.0008296326794896558
0.0106,0.973,0.0706982705276459,0.03257794319169974,40,0.005406876176129975,0.9737040936946869,0.999973775446415,9.84375045668881e-12,2.6233011840304244e-05,0.06586447604931886,,,0.078125,-0.007426729472354093,0.007426729472354093,-0.08638136215184375,-0.0855517294723541,0.0008296326794896558
0.01085,0.971,0.07043844936415548,0.03181538239688944,40,0.0056837792973964945,0.9712737485766411,0.9999753683805466,1.2136327468166564e-11,2.4626880258438177e-05,0.06611884720623488,,,0.078125,-0.007686550635844516,0.007686550635844516,-0.08664118331533417,-0.08581155063584452,0.0008296326794896558
0.01085,0.972,0.07059031529352064,0.0321881786054145,40,0.005682890105526842,0.9715632349252701,0.999967060983181,1.2023357092924569e-11,3.29405596403376e-05,0.06600048998370764,,,0.078125,-0.007534684706479361,0.007534684706479361,-0.08648931738596902,-0.08565968470647936,0.0008296326794896558
0.01085,0.973,0.07069764966145153,0.03257643131180991,40,0.005682246224023352,0.9737040936946869,0.9999737471342087,1.1999089308961652e-11,2.6253825808453257e-05,0.06586649310775097,,,0.078125,-0.007427350338548466,0.007427350338548466,-0.08638198301803812,-0.08555235033854847,0.0008296326794896558
0.0111,0.971,0.07043885164894159,0.03181580769815566,40,0.005973086319863745,0.9712737485766411,0.9999753490090371,1.479143717231235e-11,2.4647773534525187e-05,0.06612013634294267,,,0.078125,-0.007686148351058408,0.007686148351058408,-0.08664078103054806,-0.08581114835105841,0.0008296326794896558
0.0111,0.972,0.0705917437560856,0.032187443487098816,40,0.00597215493908148,0.9715632349252701,0.9999670490622521,1.465376511539801e-11,3.295633073321369e-05,0.06600163630209857,,,0.078125,-0.007533256243914405,0.007533256243914405,-0.08648788892340406,-0.0856582562439144,0.0008296326794896558
0.0111,0.973,0.0707009593956172,0.032577845496408506,40,0.005971298506483388,0.9737040936946869,0.9999737173318863,1.462246513109222e-11,2.6286865931979264e-05,0.06586808785796161,,,0.078125,-0.0074240406043828006,0.0074240406043828006,-0.08637867328387246,-0.0855490406043828,0.0008296326794896558
0.01135,0.971,0.07044216734357174,0.03181679973676922,40,0.0062768346862867004,0.9712737485766411,0.9999753028154373,1.8023373939135555e-11,2.4701071242816398e-05,0.06612086559180166,,,0.078125,-0.0076828326564282595,0.0076828326564282595,-0.08663746533591792,-0.08580783265642826,0.0008296326794896558
0.01135,0.972,0.07059408905915912,0.03218988290150182,40,0.006276043585967228,0.9715632349252701,0.9999670028686524,1.7857793846096093e-11,3.300018083791656e-05,0.06600062849465753,,,0.078125,-0.007530910940840879,0.007530910940840879,-0.08648554362033053,-0.08565591094084088,0.0008296326794896558
0.01135,0.973,0.07070188308134671,0.03258211056579166,40,0.006275194720365066,0.9737040936946869,0.9999736934900284,1.7820263212113552e-11,2.631744687278115e-05,0.06586874513886866,,,0.078125,-0.007423116918653286,0.007423116918653286,-0.08637774959814294,-0.08554811691865329,0.0008296326794896558
0.0116,0.971,0.07044524960219856,0.03181704574088734,40,0.006595929933246166,0.9712737485766411,0.9999752834439277,2.1959149863054474e-11,2.471856823831331e-05,0.06612406070344146,,,0.078125,-0.007679750397801444,0.007679750397801444,-0.0866343830772911,-0.08580475039780144,0.0008296326794896558
0.0116,0.972,0.07059522606432432,0.0321904266614535,40,0.006594923778902695,0.9715632349252701,0.9999669775366783,2.1755230082687317e-11,3.3031903558367046e-05,0.06600367650389667,,,0.078125,-0.007529773935675679,0.007529773935675679,-0.08648440661516534,-0.08565477393567568,0.0008296326794896558
0.0116,0.973,0.07070403690449889,0.03258134646134591,40,0.006594047392718442,0.9737040936946869,0.9999736592173576,2.1709650613668808e-11,2.635154210111068e-05,0.06587113826535639,,,0.078125,-0.00742096309550111,0.00742096309550111,-0.08637559577499077,-0.08554596309550111,0.0008296326794896558
0.01185,0.971,0.07044599242508406,0.031821044110534685,40,0.00693100608186791,0.9712737485766411,0.9999752059578896,2.674952911084494e-11,2.4795988292680703e-05,0.06612310616765167,,,0.078125,-0.007679007574915936,0.007679007574915936,-0.08663364025440559,-0.08580400757491594,0.0008296326794896558
0.01185,0.972,0.07059643464162942,0.03219329161286193,40,0.006929923454299512,0.9715632349252701,0.9999669313430786,2.650073376887774e-11,3.3075426063078337e-05,0.06600521528162057,,,0.078125,-0.007528565358370584,0.007528565358370584,-0.08648319803786024,-0.08565356535837058,0.0008296326794896558
0.01185,0.973,0.07070432901382442,0.032582216387276375,40,0.006928873830474863,0.9737040936946869,0.9999735906720162,2.6443277515580955e-11,2.641394330566982e-05,0.06587065258063371,,,0.078125,-0.007420670986175576,0.007420670986175576,-0.08637530366566523,-0.08554567098617558,0.0008296326794896558
0.0121,0.971,0.07044679340906437,0.03182096623582166,40,0.00728248772211368,0.9712737485766411,0.9999751716852188,3.257221666864984e-11,2.483742391632404e-05,0.06612430699169632,,,0.078125,-0.007678206590935627,0.007678206590935627,-0.08663283927042528,-0.08580320659093563,0.0008296326794896558
0.0121,0.972,0.0706005150917917,0.032194568831484194,40,0.007281569018959955,0.9715632349252701,0.9999668776988984,3.227303918898472e-11,3.313655511192337e-05,0.06601089285686608,,,0.078125,-0.007524484908208298,0.007524484908208298,-0.08647911758769795,-0.0856494849082083,0.0008296326794896558
0.0121,0.973,0.07070655762217934,0.0325824906188006,40,0.007280492538120553,0.9737040936946869,0.9999735563993454,3.220365285203086e-11,2.6456842215338837e-05,0.06587198795750733,,,0.078125,-0.007418442377820661,0.007418442377820661,-0.08637307505731032,-0.08554344237782066,0.0008296326794896558
0.01235,0.971,0.07044945904053743,0.031822880475189975,40,0.007651718449778801,0.9712737485766411,0.999975037574768,3.965838360833751e-11,2.4961980989246514e-05,0.0661264355992898,,,0.078125,-0.007675540959462573,0.007675540959462573,-0.08663017363895223,-0.08580054095946257,0.0008296326794896558
0.01235,0.972,0.07060362678021188,0.03219391008374718,40,0.00765080108540128,0.9715632349252701,0.9999667808413506,3.92951813883019e-11,3.322950624351506e-05,0.06601097611710424,,,0.078125,-0.007521373219788116,0.007521373219788116,-0.08647600589927777,-0.08564637321978812,0.0008296326794896558
0.01235,0.973,0.07071222439408298,0.03258503033664598,40,0.00764974417397748,0.9737040936946869,0.9999734610319138,3.921217868636806e-11,2.65392632172734e-05,0.06587915848940606,,,0.078125,-0.007412775605917021,0.007412775605917021,-0.08636740828540668,-0.08553777560591702,0.0008296326794896558
0.0126,0.971,0.07045383336953814,0.03182339865372196,40,0.008039255370385894,0.9712737485766411,0.9999749526381493,4.827327660869574e-11,2.5050889826161436e-05,0.06613079877570267,,,0.078125,-0.007671166630461856,0.007671166630461856,-0.08662579930995151,-0.08579616663046186,0.0008296326794896558
0.0126,0.972,0.07060438836924728,0.03219703217149956,40,0.008038310112897257,0.9715632349252701,0.9999666839838028,4.783157403140392e-11,3.331368934595957e-05,0.06601119283586736,,,0.078125,-0.007520611630752724,0.007520611630752724,-0.08647524431024238,-0.08564561163075272,0.0008296326794896558
0.0126,0.973,0.07071371385827656,0.032588311003785224,40,0.008037322678137521,0.9737040936946869,0.9999733656644821,4.773372964256284e-11,2.664271964931686e-05,0.06587937492877241,,,0.078125,-0.007411286141723442,0.007411286141723442,-0.0863659188212131,-0.08553628614172344,0.0008296326794896558
0.01285,0.971,0.0704561881255358,0.0318251726514425,40,0.008446062589064182,0.9712610855698586,0.9999748393893242,5.874568539954161e-11,2.5161801340800592e-05,0.06613439267966892,,,0.078125,-0.007668811874464193,0.007668811874464193,-0.08662344455395385,-0.0857938118744642,0.0008296326794896558
0.01285,0.972,0.07060629548504943,0.0321989462956751,40,0.0084445890737697,0.9715632349252701,0.9999665781855583,5.81951042910589e-11,3.341865854054049e-05,0.06601380531210448,,,0.078125,-0.007518704514950569,0.007518704514950569,-0.08647333719444023,-0.08564370451495057,0.0008296326794896558
0.01285,0.973,0.07071524146012957,0.03258938136947328,40,0.00844365840312088,0.9737040936946869,0.9999732583761215,5.807903333612807e-11,2.674448173820565e-05,0.06588315162807698,,,0.078125,-0.0074097585398704285,0.0074097585398704285,-0.08636439121936008,-0.08553475853987043,0.0008296326794896558
0.0131,0.971,0.0704575350042432,0.031827920592868826,40,0.00887255065608765,0.9712737485766411,0.9999747097492218,7.145586240764335e-11,2.5302818903583103e-05,0.06613422867376353,,,0.078125,-0.007667464995756795,0.007667464995756795,-0.08662209767524645,-0.0857924649957568,0.0008296326794896558
0.0131,0.972,0.07061042292043562,0.03220228106270724,40,0.008871338563039845,0.9715632349252701,0.9999664351344109,7.079683991828567e-11,3.356974548296421e-05,0.06601716151926662,,,0.078125,-0.007514577079564377,0.007514577079564377,-0.08646920975905403,-0.08563957707956438,0.0008296326794896558
0.0131,0.973,0.07072083889506753,0.0325912459203837,40,0.008870339300483416,0.9737040936946869,0.9999731212854386,7.065492461932887e-11,2.688469430722762e-05,0.06588667156174774,,,0.078125,-0.007404161104932472,0.007404161104932472,-0.08635879378442213,-0.08552916110493247,0.0008296326794896558
0.01335,0.971,0.07045949934981759,0.03182848376909488,40,0.009320281865075181,0.9712737485766411,0.9999745145440102,8.689798984551356e-11,2.5478564157310758e-05,0.06613727104850109,,,0.078125,-0.0076655006501824136,0.0076655006501824136,-0.08662013332967207,-0.08579050065018241,0.0008296326794896558
0.01335,0.972,0.07061517541296776,0.032201060511932125,40,0.00931916309054936,0.9715632349252701,0.9999662533402442,8.610223437011121e-11,3.374898260517511e-05,0.06602129584643984,,,0.078125,-0.0075098245870322405,0.0075098245870322405,-0.0864644572665219,-0.08563482458703224,0.0008296326794896558
0.01335,0.973,0.07072376995347437,0.03259171247906575,40,0.009317649202421258,0.9737040936946869,0.9999729603528976,8.591269032992566e-11,2.7048453466704815e-05,0.06588749960064884,,,0.078125,-0.007401230046525625,0.007401230046525625,-0.08635586272601528,-0.08552623004652563,0.0008296326794896558
0.0136,0.971,0.07046358045190568,0.031831672634675415,40,0.009790037223137866,0.9712737485766411,0.9999743103981018,1.0564386952044424e-10,2.569989756011637e-05,0.0661391732981428,,,0.078125,-0.007661419548094323,0.007661419548094323,-0.08661605222758398,-0.08578641954809432,0.0008296326794896558
0.0136,0.972,0.07061736090108747,0.032203620666458876,40,0.00978860894683744,0.9715632349252701,0.9999660596251487,1.0466596929437077e-10,3.3942333993763894e-05,0.06602271092124279,,,0.078125,-0.0075076390989125275,0.0075076390989125275,-0.08646227177840218,-0.08563263909891253,0.0008296326794896558
0.0136,0.973,0.07072597015649076,0.03259572985196201,40,0.009787336480803753,0.9737040936946869,0.9999727517366409,1.0444926364788776e-10,2.7255919621893555e-05,0.06589019647799428,,,0.078125,-0.007399029843509236,0.007399029843509236,-0.08635366252299889,-0.08552402984350924,0.0008296326794896558
0.01385,0.971,0.07046834654174741,0.03183384715788112,40,0.010282428842037868,0.9712737485766411,0.9999740839004516,1.28369025825803e-10,2.5933145479939412e-05,0.06614337770733977,,,0.078125,-0.007656653458252588,0.007656653458252588,-0.08661128613774224,-0.08578165345825259,0.0008296326794896558
0.01385,0.972,0.07062125867232676,0.032208134599858024,40,0.01028095779474819,0.9715632349252701,0.9999658226966858,1.2718273083994758e-10,3.4187780283900795e-05,0.06602630349807437,,,0.078125,-0.007503741327673244,0.007503741327673244,-0.0864583740071629,-0.08562874132767324,0.0008296326794896558
0.01385,0.973,0.0707296322099864,0.03259844072348407,40,0.010279634897597093,0.9737040936946869,0.9999725013971329,1.2692066529707003e-10,2.7500767191668275e-05,0.0658938583452254,,,0.078125,-0.007395367790013596,0.007395367790013596,-0.08635000046950325,-0.0855203677900136,0.0008296326794896558
0.0141,0.971,0.07047318527474995,0.03183577995756225,40,0.010798645298927972,0.9712737485766411,0.9999737575650215,1.559133589595918e-10,2.6241716204822298e-05,0.06614572827238584,,,0.078125,-0.007651814725250047,0.007651814725250047,-0.0866064474047397,-0.08577681472525005,0.0008296326794896558
0.0141,0.972,0.07062442190945142,0.032209026224958824,40,0.010796913225203703,0.9715632349252701,0.999965526163578,1.5446219112785765e-10,3.447375374889816e-05,0.06602875075768674,,,0.078125,-0.007500578090548576,0.007500578090548576,-0.08645521077003823,-0.08562557809054858,0.0008296326794896558
0.0141,0.973,0.07073433697223659,0.032600409788285316,40,0.010795793076977082,0.9737040936946869,0.9999722331762314,1.5415916078398428e-10,2.7774874979513697e-05,0.06589953652583058,,,0.078125,-0.007390663027763408,0.007390663027763408,-0.08634529570725306,-0.08551566302776341,0.0008296326794896558
0.01435,0.971,0.07047718036919828,0.03183872814901641,40,0.011340155638754318,0.9712737485766411,0.9999734044075013,1.8930571520081596e-10,2.659605884218763e-05,0.06615115613676603,,,0.078125,-0.0076478196308017166,0.0076478196308017166,-0.08660245231029137,-0.08577281963080172,0.0008296326794896558
0.01435,0.972,0.07062877691350873,0.03221261007465359,40,0.01133863376453514,0.9715632349252701,0.999965138733387,1.8756324549062952e-10,3.485496308712755e-05,0.06603321053553368,,,0.078125,-0.007496223086491269,0.007496223086491269,-0.08645085576598092,-0.08562122308649127,0.0008296326794896558
0.01435,0.973,0.07073848685249681,0.03260236984905465,40,0.011337141250260124,0.9737040936946869,0.9999718755483628,1.8717533530054896e-10,2.812219072438893e-05,0.06590166944079097,,,0.078125,-0.0073865131475031875,0.0073865131475031875,-0.08634114582699284,-0.08551151314750319,0.0008296326794896558
0.0146,0.971,0.07048244252800936,0.03184300845331738,40,0.011907606688328038,0.9712737485766411,0.9999729812145233,2.297293324321492e-10,2.701855373743456e-05,0.06615597086492922,,,0.078125,-0.007642557471990635,0.007642557471990635,-0.08659719015148029,-0.08576755747199064,0.0008296326794896558
0.0146,0.972,0.07063146643340583,0.03221664102771023,40,0.011905583878979043,0.9715632349252701,0.9999647453427315,2.2758321581439755e-10,3.5252570887678304e-05,0.06603794149123128,,,0.078125,-0.007493533566594171,0.007493533566594171,-0.08644816624608383,-0.08561853356659417,0.0008296326794896558
0.0146,0.973,0.07074282146058972,0.032606932432144985,40,0.011904029594734262,0.9737040936946869,0.9999714523553849,2.2711392870522485e-10,2.855120637832442e-05,0.06590919173322614,,,0.078125,-0.0073821785394102835,0.0073821785394102835,-0.08633681121889994,-0.08550717853941028,0.0008296326794896558
0.01485,0.971,0.07048479928635057,0.03184554321977532,40,0.012501573958434115,0.9712737485766411,0.9999724626541138,2.7858321552387544e-10,2.7539565598999617e-05,0.06615585722029205,,,0.078125,-0.007640200713649431,0.007640200713649431,-0.08659483339313909,-0.08576520071364943,0.0008296326794896558
0.01485,0.972,0.07063933089375492,0.03222208675013441,40,0.012499593151733225,0.9715632349252701,0.9999642208218574,2.759931842094554e-10,3.577983411560126e-05,0.0660406034206971,,,0.078125,-0.0074856691062450825,0.0074856691062450825,-0.08644030178573474,-0.08561066910624508,0.0008296326794896558
0.01485,0.973,0.07075104983523484,0.03260946081556604,40,0.012498534191399754,0.9737040936946869,0.9999709382653237,2.754748793659667e-10,2.905808264586085e-05,0.06591371926479037,,,0.078125,-0.007373950164765164,0.007373950164765164,-0.08632858284425482,-0.08549895016476516,0.0008296326794896558
0.0151,0.971,0.07048881640657778,0.031848411872931526,40,0.01312377669382835,0.9712737485766411,0.9999718442559242,3.376360142859358e-10,2.815174252646102e-05,0.0661601471714675,,,0.078125,-0.007636183593422219,0.007636183593422219,-0.08659081627291187,-0.08576118359342222,0.0008296326794896558
0.0151,0.972,0.07064717211760575,0.032222474290067776,40,0.013122134632430931,0.9715632349252701,0.9999636054039002,3.3454077286165783e-10,3.639270607891376e-05,0.06604708889499303,,,0.078125,-0.007477827882394247,0.007477827882394247,-0.0864324605618839,-0.08560282788239425,0.0008296326794896558
0.0151,0.973,0.07075569513253863,0.03261135855954345,40,0.013120320788584605,0.9737040936946869,0.9999703451991081,3.3384282942250375e-10,2.965466192108579e-05,0.06591672804206607,,,0.078125,-0.007369304867461374,0.007369304867461374,-0.08632393754695103,-0.08549430486746137,0.0008296326794896558
0.01535,0.971,0.07049824143759902,0.03185473399806414,40,0.013775706407614002,0.9712737485766411,0.9999711304903031,4.089980923382974e-10,2.8884721496069686e-05,0.06616720515303309,,,0.078125,-0.007626758562400984,0.007626758562400984,-0.08658139124189064,-0.08575175856240098,0.0008296326794896558
0.01535,0.972,0.07065249197185035,0.0322285688106575,40,0.013773907162249036,0.9716647893190384,0.9999628901481629,4.0524170130673554e-10,3.7128353460502696e-05,0.0660507842432707,,,0.078125,-0.007472508028149652,0.007472508028149652,-0.08642714070763931,-0.08559750802814965,0.0008296326794896558
0.01535,0.973,0.07076142509467895,0.03261807614533252,40,0.013772233691997777,0.9737040936946869,0.9999696105718613,4.044242322975844e-10,3.039215825992869e-05,0.06592346490360793,,,0.078125,-0.007363574905321052,0.007363574905321052,-0.08631820758481071,-0.08548857490532105,0.0008296326794896558
0.0156,0.971,0.07050442420877512,0.031858830553878545,40,0.014457883313298175,0.9712737485766411,0.9999702483415603,4.950732671038516e-10,2.97518959541776e-05,0.06617068380583073,,,0.078125,-0.007620575791224882,0.007620575791224882,-0.08657520847071454,-0.08574557579122488,0.0008296326794896558
0.0156,0.972,0.0706583535764366,0.032232324018285026,40,0.014456185302697076,0.9715632349252701,0.9999620094895363,4.905531980625711e-10,3.7993679416103984e-05,0.06605967038776721,,,0.078125,-0.0074666464235634,0.0074666464235634,-0.08642127910305306,-0.0855916464235634,0.0008296326794896558
0.0156,0.973,0.07076714723370964,0.032621318414460074,40,0.014453987893648407,0.9737040936946869,0.9999687761068344,4.895068669852343e-10,3.123094256807235e-05,0.06592755005694921,,,0.078125,-0.0073578527662903626,0.0073578527662903626,-0.08631248544578002,-0.08548285276629036,0.0008296326794896558
0.01585,0.971,0.07051047724671658,0.031861915910097655,40,0.015171575150452508,0.9712737485766411,0.9999692156910897,5.988045746752047e-10,3.078967092733365e-05,0.0661765256663784,,,0.078125,-0.00761452275328342,0.00761452275328342,-0.08656915543277308,-0.08573952275328342,0.0008296326794896558
0.01585,0.972,0.07066562138497824,0.03223532313661439,40,0.015169256413355417,0.9716647893190384,0.9999609515070915,5.932565591559857e-10,3.904377008439042e-05,0.06606407365761692,,,0.078125,-0.007459378615021758,0.007459378615021758,-0.08641401129451141,-0.08558437861502176,0.0008296326794896558
0.01585,0.973,0.0707783778198063,0.03262701107809136,40,0.015167607972398347,0.9737040936946869,0.9999677270650864,5.920933777991965e-10,3.227028610126581e-05,0.06593711148016149,,,0.078125,-0.007346622180193704,0.007346622180193704,-0.08630125485968336,-0.0854716221801937,0.0008296326794896558
0.0161,0.971,0.07052019732072945,0.031867069287990483,40,0.01591794090345497,0.9712737485766411,0.9999679684638977,7.236737709082064e-10,3.203988349014253e-05,0.06618404502514744,,,0.078125,-0.00760480267927055,0.00760480267927055,-0.0865594353587602,-0.08572980267927055,0.0008296326794896558
0.0161,0.972,0.07067329101264472,0.03224089683972494,40,0.015915851783938652,0.9716647893190384,0.9999597191810607,7.17029900731969e-10,4.0291981349582784e-05,0.06607067699078466,,,0.078125,-0.007451708987355282,0.007451708987355282,-0.08640634166684494,-0.08557670898735528,0.0008296326794896558
0.0161,0.973,0.07078348449431356,0.032632416349222385,40,0.015913923084735826,0.9737040936946869,0.9999665036797524,7.155957160165371e-10,3.349239245835634e-05,0.06594218071550127,,,0.078125,-0.007341515505686444,0.007341515505686444,-0.0862961481851761,-0.08546651550568644,0.0008296326794896558
0.01635,0.971,0.07052433043718334,0.03187308970292867,40,0.016697959415614555,0.9707239732146263,0.9999665215611457,8.737756074239655e-10,3.347896404193307e-05,0.06618870168458665,,,0.078125,-0.007600669562816659,0.007600669562816659,-0.08655530224230631,-0.08572566956281666,0.0008296326794896558
0.01635,0.972,0.0706850004382431,0.032248381972764764,40,0.01669615700375284,0.9716647893190384,0.9999582424759865,8.658352410040315e-10,4.176011261733947e-05,0.06607940490357574,,,0.078125,-0.007439999561756894,0.007439999561756894,-0.08639463224124655,-0.0855649995617569,0.0008296326794896558
0.01635,0.973,0.07079341234639283,0.03263789927437422,40,0.016693581035360647,0.9737040936946869,0.9999650657176972,8.639917406516595e-10,3.493378126222524e-05,0.06594982156530019,,,0.078125,-0.007331587653607169,0.007331587653607169,-0.08628622033309682,-0.08545658765360717,0.0008296326794896558
0.0166,0.971,0.07053531166166063,0.03187892081505261,40,0.017513422248884986,0.9707239732146263,0.9999647587537766,1.0541182440815255e-09,3.5247215419076386e-05,0.0661963846068829,,,0.078125,-0.007589688338339368,0.007589688338339368,-0.08654432101782902,-0.08571468833833937,0.0008296326794896558
0.0166,0.972,0.07069177539087827,0.032255190907667375,40,0.01751095764338965,0.9716647893190384,0.9999564573168754,1.044410448403088e-09,4.35472211393062e-05,0.0660846197046339,,,0.078125,-0.0074332246091217274,0.0074332246091217274,-0.08638785728861138,-0.08555822460912173,0.0008296326794896558
0.0166,0.973,0.07080564266070719,0.032647223623622115,40,0.01750914347358043,0.9737040936946869,0.9999633178114891,1.042396972905646e-09,3.668898939395149e-05,0.06595774204470213,,,0.078125,-0.007319357339292815,0.007319357339292815,-0.08627399001878247,-0.08544435733929281,0.0008296326794896558
0.01685,0.971,0.07054703310132023,0.031887826856592104,40,0.01836470072157676,0.9707239732146263,0.9999626830220223,1.2702997834179718e-09,3.7319103557820196e-05,0.06620314824394877,,,0.078125,-0.007577966898679775,0.007577966898679775,-0.08653259957816943,-0.08570296689867977,0.0008296326794896558
0.01685,0.972,0.07070224424824115,0.032260713264786293,40,0.018362191086634946,0.9716647893190384,0.9999543622136116,1.2586223951949193e-09,4.564406344798044e-05,0.06609538088086989,,,0.078125,-0.007422755751758853,0.007422755751758853,-0.08637738843124851,-0.08554775575175885,0.0008296326794896558
0.01685,0.973,0.07081402949988837,0.03265097914732847,40,0.018359796935692386,0.9737040936946869,0.9999612718820572,1.2560750758949802e-09,3.8730649612261915e-05,0.06596944672055538,,,0.078125,-0.007310970500111633,0.007310970500111633,-0.08626560317960129,-0.08543597050011163,0.0008296326794896558
0.0171,0.971,0.0705592276062816,0.03189395614997868,40,0.019252901570871412,0.9707239732146263,0.9999602496623993,1.5290505500642481e-09,3.9757538252160886e-05,0.06621250417083498,,,0.078125,-0.0075657723937184035,0.0075657723937184035,-0.08652040507320806,-0.0856907723937184,0.0008296326794896558
0.0171,0.972,0.07071612249128516,0.03226841627822767,40,0.01925088455900546,0.9716647893190384,0.9999519035220146,1.5151881971320336e-09,4.81023619613552e-05,0.06610342813655731,,,0.078125,-0.007408877508714842,0.007408877508714842,-0.0863635101882045,-0.08553387750871484,0.0008296326794896558
0.0171,0.973,0.07082833955064412,0.03266096574399312,40,0.019248618744313682,0.9737040936946869,0.9999588549137115,1.5121970758924519e-09,4.11510314734187e-05,0.06597747993655498,,,0.078125,-0.007296660449355882,0.007296660449355882,-0.08625129312884554,-0.08542166044935588,0.0008296326794896558
0.01735,0.971,0.07057124697603281,0.03190385110881834,40,0.020179525809362487,0.9707239732146263,0.9999573811888695,1.8383921496223366e-09,4.263237033228506e-05,0.06622398316394533,,,0.078125,-0.007553753023967186,0.007553753023967186,-0.08650838570345684,-0.08567875302396719,0.0008296326794896558
0.01735,0.972,0.0707271869294345,0.03227807488638418,40,0.020177012914791657,0.9716647893190384,0.99994897544384,1.8215958352829631e-09,5.1034539319516624e-05,0.06611339834053065,,,0.078125,-0.007397813070565501,0.007397813070565501,-0.08635244575005516,-0.0855228130705655,0.0008296326794896558
0.01735,0.973,0.07084166072309013,0.03267134497869866,40,0.020174766844138447,0.9739302396774292,0.9999559640884399,1.8180586397464894e-09,4.404585706652142e-05,0.06598856779746706,,,0.078125,-0.00728333927690987,0.00728333927690987,-0.08623797195639953,-0.08540833927690987,0.0008296326794896558
0.0176,0.971,0.07058356418274339,0.0319114204340144,40,0.021146110165864193,0.9707239732146263,0.9999539583921433,2.2078190414775987e-09,4.604346368068946e-05,0.06623020977713165,,,0.078125,-0.007541435817256609,0.007541435817256609,-0.08649606849674626,-0.08566643581725661,0.0008296326794896558
0.0176,0.972,0.07074246071279044,0.032288923990879514,40,0.02114335172809656,0.9716647893190384,0.9999454960227012,2.1875994266062904e-09,5.4501993326994123e-05,0.06612446410581466,,,0.078125,-0.007382539287209555,0.007382539287209555,-0.08633717196669921,-0.08550753928720956,0.0008296326794896558
0.0176,0.973,0.07085546082817015,0.03267670609606825,40,0.021140672964975193,0.9739302396774292,0.9999525666236877,2.18323439882262e-09,4.74372754979413e-05,0.06600116644985969,,,0.078125,-0.0072695391718298474,0.0072695391718298474,-0.0862241718513195,-0.08539453917182985,0.0008296326794896558
0.01785,0.971,0.0706003747414797,0.031924218912584464,40,0.022152070701122246,0.9707239732146263,0.999949936568737,2.64744352551638e-09,5.0067251595464765e-05,0.06624319863039996,,,0.078125,-0.0075246252585202955,0.0075246252585202955,-0.08647925793800995,-0.0856496252585203,0.0008296326794896558
0.01785,0.972,0.07075685779564078,0.03229916073441124,40,0.022149586305022194,0.9716647893190384,0.9999414250254631,2.623399214529698e-09,5.8575392631610154e-05,0.06613480632659044,,,0.078125,-0.007368142204359218,0.007368142204359218,-0.08632277488384887,-0.08549314220435922,0.0008296326794896558
0.01785,0.973,0.07087347069755193,0.032692280776522885,40,0.022146919136866873,0.9739302396774292,0.999948562681675,2.6182433193744357e-09,5.143930939084384e-05,0.0660120945423841,,,0.078125,-0.007251529302448073,0.007251529302448073,-0.08620616198193773,-0.08537652930244807,0.0008296326794896558
0.0181,0.971,0.07061625220812853,0.03193313619874058,40,0.023199957655742714,0.9707239732146263,0.9999452322721482,3.1704701419776883e-09,5.4772070780018114e-05,0.06625393319409337,,,0.078125,-0.007508747791871467,0.007508747791871467,-0.08646338047136112,-0.08563374779187147,0.0008296326794896558
0.0181,0.972,0.07077496973797674,0.03231151589120777,40,0.023196905944496346,0.9716647893190384,0.9999366134405137,3.141445648058294e-09,6.338601924653631e-05,0.06614980660378929,,,0.078125,-0.007350030262023258,0.007350030262023258,-0.08630466294151291,-0.08547503026202326,0.0008296326794896558
0.0181,0.973,0.0708889967296272,0.03270147254768887,40,0.023193118628114417,0.9739302396774292,0.9999438285827636,3.1347690276906093e-09,5.6167050115618625e-05,0.06602761000394818,,,0.078125,-0.007236003270372798,0.007236003270372798,-0.08619063594986245,-0.0853610032703728,0.0008296326794896558
0.01835,0.971,0.07063476620241996,0.031947548733383534,40,0.024288424616679495,0.9707239732146263,0.9999397099018097,3.790098379585771e-09,6.0295611910987644e-05,0.06626753737218674,,,0.078125,-0.007490233797580043,0.007490233797580043,-0.0864448664770697,-0.08561523379758004,0.0008296326794896558
0.01835,0.972,0.07079455615021284,0.032325265166103685,40,0.024286151072010355,0.9716647893190384,0.999930976331234,3.755969230079259e-09,6.903747753312927e-05,0.06616412121802563,,,0.078125,-0.007330443849787163,0.007330443849787163,-0.08628507652927682,-0.08545544384978716,0.0008296326794896558
0.01835,0.973,0.0709115718491375,0.032716012711093416,40,0.024283353099599437,0.9739302396774292,0.9999383077025413,3.748714777485063e-09,6.170198585095932e-05,0.06604121550917622,,,0.078125,-0.007213428150862497,0.007213428150862497,-0.08616806083035215,-0.0853384281508625,0.0008296326794896558
0.0186,0.971,0.07065381738357242,0.03196078692037069,40,0.025420770002528976,0.9707239732146263,0.99993317425251,4.524287222640311e-09,6.682523244307958e-05,0.06627893245313313,,,0.078125,-0.007471182616427582,0.007471182616427582,-0.08642581529591724,-0.08559618261642758,0.0008296326794896558
0.0186,0.972,0.0708160127047449,0.03233890244082714,40,0.025417900038883046,0.9716647893190384,0.9999243542551994,4.4832178025533406e-09,7.564688621641835e-05,0.06617863830178972,,,0.078125,-0.007308987295255101,0.007308987295255101,-0.08626361997474476,-0.0854339872952551,0.0008296326794896558
0.0186,0.973,0.07093087276443835,0.032730434647343314,40,0.025414197519421526,0.9739302396774292,0.9999318182468414,4.474083037386833e-09,6.818350530011231e-05,0.06605931790545577,,,0.078125,-0.007194127235561648,0.007194127235561648,-0.0861487599150513,-0.08531912723556165,0.0008296326794896558
0.01885,0.971,0.0706764330156147,0.03197796127931082,40,0.026595417736098127,0.9707239732146263,0.9999255999922753,5.39049728187635e-09,7.440287845383864e-05,0.06629547369666393,,,0.078125,-0.007448566984385299,0.007448566984385299,-0.08640319966387495,-0.0855735669843853,0.0008296326794896558
0.01885,0.972,0.07083771042525763,0.03235571184281521,40,0.02659244230017061,0.9716647893190384,0.9999166339635849,5.34161714860204e-09,8.336493192473426e-05,0.06619415865279729,,,0.078125,-0.007287289574742367,0.007287289574742367,-0.08624192225423202,-0.08541228957474237,0.0008296326794896558
0.01885,0.973,0.07095647729001935,0.03274717224537724,40,0.02659016093239184,0.9739302396774292,0.999924187362194,5.331997410262801e-09,7.581537211081013e-05,0.06607658164575692,,,0.078125,-0.007168522709980654,0.007168522709980654,-0.08612315538947031,-0.08529352270998065,0.0008296326794896558
0.0191,0.971,0.07070057052187619,0.03199429095431319,40,0.027814371651038478,0.9707239732146263,0.9999167531728744,6.411217623458754e-09,8.325395774590733e-05,0.06631106354761865,,,0.078125,-0.007424429478123815,0.007424429478123815,-0.08637906215761347,-0.08554942947812381,0.0008296326794896558
0.0191,0.972,0.07086346317082638,0.03237370900690269,40,0.02781092715449627,0.9716647893190384,0.9999076053500175,6.3528030946891075e-09,9.240011513610383e-05,0.06621359069831664,,,0.078125,-0.007261536829173618,0.007261536829173618,-0.08621616950866327,-0.08538653682917362,0.0008296326794896558
0.0191,0.973,0.07098174751736219,0.032763956864602234,40,0.027807607455179045,0.9739302396774292,0.9999153405427933,6.340606795163239e-09,8.466314775432544e-05,0.06609756671823555,,,0.078125,-0.007143252482637807,0.007143252482637807,-0.08609788516212746,-0.08526825248263781,0.0008296326794896558
0.01935,0.971,0.07072944156825538,0.03201538291607147,40,0.029076781123876523,0.9707239732146263,0.9999064669013024,7.6096619339161e-09,9.354795492980699e-05,0.06633155043236907,,,0.078125,-0.007395558431744623,0.007395558431744623,-0.08635019111123428,-0.08552055843174462,0.0008296326794896558
0.01935,0.972,0.0708904384169727,0.032392079199676724,40,0.02907289480790492,0.9716647893190384,0.9998971194028854,7.540107027637078e-09,0.00010288316516376976,0.06622897689230736,,,0.078125,-0.007234561583027294,0.007234561583027294,-0.08618919426251695,-0.0853595615830273,0.0008296326794896558
0.01935,0.973,0.07100845924578604,0.032783505696883264,40,0.029070106241851988,0.9739302396774292,0.9999050572514534,7.526360501497465e-09,9.495414706178271e-05,0.06611760663799936,,,0.078125,-0.00711654075421396,0.00711654075421396,-0.08607117343370362,-0.08524154075421396,0.0008296326794896558
0.0196,0.971,0.07075896887108679,0.03203565512252199,40,0.030383521178737233,0.9706597417593003,0.9998945325613022,9.013652435552189e-09,0.00010547057481741503,0.06635002878028894,,,0.078125,-0.0073660311289132085,0.0073660311289132085,-0.08632066380840286,-0.08549103112891321,0.0008296326794896558
0.0196,0.972,0.07092241183854635,0.03241458315364809,40,0.03037995188497002,0.9716647893190384,0.9998849302530288,8.931843864523615e-09,0.00011507501985757272,0.06625464982353145,,,0.078125,-0.007202588161453652,0.007202588161453652,-0.08615722084094331,-0.08532758816145365,0.0008296326794896558
0.0196,0.973,0.07104094033129507,0.03280553292431622,40,0.0303760767448693,0.9739302396774292,0.9998930513858795,8.91457659912831e-09,0.00010694113207132914,0.06614141422323878,,,0.078125,-0.007084059668704928,0.007084059668704928,-0.08603869234819458,-0.08520905966870493,0.0008296326794896558
0.01985,0.971,0.07079172078520055,0.03206122136785779,40,0.0317332682665437,0.9706597417593003,0.9998807176947594,1.0651894988278342e-08,0.00011927342056873963,0.0663714522030204,,,0.078125,-0.007333279214799454,0.007333279214799454,-0.08628791189428911,-0.08545827921479945,0.0008296326794896558
0.01985,0.972,0.0709545501042157,0.032440559334797836,40,0.03172891442663963,0.9716647893190384,0.99987084120512,1.0554513907301554e-08,0.0001291627471800425,0.06627432769164439,,,0.078125,-0.007170449895784303,0.007170449895784303,-0.08612508257527396,-0.0852954498957843,0.0008296326794896558
0.01985,0.973,0.07107549700886007,0.03283232943098282,40,0.03172685364261265,0.9739302396774292,0.9998792231082916,1.0536725691956405e-08,0.00012077619958285598,0.06616646428592499,,,0.078125,-0.007049502991139933,0.007049502991139933,-0.08600413567062959,-0.08517450299113993,0.0008296326794896558
0.0201,0.971,0.07082560863345858,0.03208777937542325,40,0.033126241806894496,0.9706597417593003,0.9998648405075073,1.2558193884792956e-08,0.0001351590448393325,0.06639242011588062,,,0.078125,-0.0072993913665414245,0.0072993913665414245,-0.08625402404603108,-0.08542439136654142,0.0008296326794896558
0.0201,0.972,0.07099280776455993,0.0324680400996158,40,0.033123695803806134,0.9716647893190384,0.9998545929789543,1.2446278185862524e-08,0.0001454113518775025,0.06630001366138454,,,0.078125,-0.007132192235440066,0.007132192235440066,-0.08608682491492972,-0.08525719223544007,0.0008296326794896558
0.0201,0.973,0.07111527631059285,0.03285721617751697,40,0.03312016651034351,0.9739302396774292,0.9998632147908211,1.2423491191349e-08,0.0001367835213386,0.06619235859252508,,,0.078125,-0.007009723689407152,0.007009723689407152,-0.08596435636889681,-0.08513472368940715,0.0008296326794896558
0.02035,0.971,0.0708666561171412,0.03211519261709932,40,0.03456330653280015,0.9706597417593003,0.9998465150594711,1.47712077236406e-08,0.000153480924564015,0.06641998672857877,,,0.078125,-0.0072583438828588,0.0072583438828588,-0.08621297656234846,-0.0853833438828588,0.0008296326794896558
0.02035,0.972,0.07103199083358044,0.03249505960993056,40,0.03455947674810882,0.9716647893190384,0.9998359188437462,1.4637763334768294e-08,0.0001640811147808075,0.06632655113935466,,,0.078125,-0.007093009166419556,0.007093009166419556,-0.08604764184590921,-0.08521800916641956,0.0008296326794896558
0.02035,0.973,0.07115384330973025,0.0328860829997841,40,0.03455664617940779,0.9739302396774292,0.9998448669910431,1.4612480048192823e-08,0.0001551375024063875,0.06622190694324667,,,0.078125,-0.00697115669026975,0.00697115669026975,-0.0859257893697594,-0.08509615669026975,0.0008296326794896558
0.0206,0.971,0.07090911911800499,0.03214646041708991,40,0.0360423324629664,0.9706597417593003,0.9998255535960198,1.732907537466133e-08,0.00017444852928742,0.06644620399456466,,,0.078125,-0.007215880881995013,0.007215880881995013,-0.08617051356148467,-0.08534088088199501,0.0008296326794896558
0.0206,0.972,0.07107985783368345,0.03252846272748546,40,0.03603929877281185,0.9716005578637124,0.9998144716024399,1.717431965531091e-08,0.0001855286529461825,0.06635728962719437,,,0.078125,-0.007045142166316548,0.007045142166316548,-0.0859997748458062,-0.08517014216631655,0.0008296326794896558
0.0206,0.973,0.07120331465266641,0.03292027860637922,40,0.03603557460010047,0.9739302396774292,0.9998238161206245,1.7143482944348422e-08,0.00017619177415322,0.0662530002649873,,,0.078125,-0.006921685347333589,0.006921685347333589,-0.08587631802682325,-0.08504668534733359,0.0008296326794896558
0.02085,0.971,0.07095794035121794,0.03218537725319825,40,0.0375630663707852,0.9706597417593003,0.9998016282916069,2.0276275858321925e-08,0.000198375583931865,0.06647680774331088,,,0.078125,-0.007167059648782059,0.007167059648782059,-0.08612169232827172,-0.08529205964878206,0.0008296326794896558
0.02085,0.972,0.0711291217245161,0.03256459371288628,40,0.03755943132564421,0.9716005578637124,0.9997900143265724,2.0094378072599282e-08,0.0002099960463965125,0.06639125053770835,,,0.078125,-0.006995878275483897,0.006995878275483897,-0.08595051095497355,-0.0851208782754839,0.0008296326794896558
0.02085,0.973,0.07125081606209274,0.032955281333118945,40,0.0375560623593628,0.9739302396774292,0.9997997537255288,2.005956012407495e-08,0.000200252243303065,0.06628668340854342,,,0.078125,-0.006874183937907258,0.006874183937907258,-0.08582881661739691,-0.08499918393790726,0.0008296326794896558
0.0211,0.971,0.07101178411394353,0.03222410761489223,40,0.039124144706875044,0.9706597417593003,0.9997743859887123,2.3659205483639312e-08,0.00022562676749653,0.06651060048025097,,,0.078125,-0.00711321588605647,0.00711321588605647,-0.08606784856554613,-0.08523821588605647,0.0008296326794896558
0.0211,0.972,0.07118232403881843,0.03260630036865205,40,0.039119424670934634,0.9716005578637124,0.999762162566185,2.3444997321320216e-08,0.0002378393281105175,0.06642365907318885,,,0.078125,-0.006942675961181574,0.006942675961181574,-0.08589730864067123,-0.08506767596118157,0.0008296326794896558
0.0211,0.973,0.07130767507478591,0.032994604344664495,40,0.03911603391170497,0.9738660082221031,0.999772384762764,2.3404909121893525e-08,0.000227618966164245,0.06632490279152985,,,0.078125,-0.0068173249252140855,0.0068173249252140855,-0.08577195760470374,-0.08494232492521409,0.0008296326794896558
0.02135,0.971,0.07107105534523721,0.032266124582195355,40,0.040721765905618615,0.9706597417593003,0.999743489921093,2.7521466128277437e-08,0.0002565133654570175,0.0665461698081344,,,0.078125,-0.007053944654762792,0.007053944654762792,-0.08600857733425245,-0.08517894465476279,0.0008296326794896558
0.02135,0.972,0.07124194055795666,0.032651533616308216,40,0.04071738468483086,0.9716005578637124,0.9997306078672409,2.7273739267030805e-08,0.0002694018672627275,0.06646260446868832,,,0.078125,-0.006883059442043343,0.006883059442043343,-0.085837692121533,-0.08500805944204334,0.0008296326794896558
0.02135,0.973,0.07136851209215815,0.033042001184894546,40,0.0407152284868061,0.9738660082221031,0.9997413069009781,2.72309634397061e-08,0.00025870468198258,0.06636455547995862,,,0.078125,-0.006756487907841849,0.006756487907841849,-0.0857111205873315,-0.08488148790784185,0.0008296326794896558
0.0216,0.971,0.0711347350850701,0.03231403666119921,40,0.04235767396166915,0.9706597417593003,0.9997086271643638,3.1922844945242444e-08,0.0002913821892434025,0.06658259772229935,,,0.078125,-0.006990264914929906,0.006990264914929906,-0.08594489759441956,-0.0851152649149299,0.0008296326794896558
0.0216,0.972,0.07130598821677263,0.03269897069000508,40,0.04235291853547092,0.9716005578637124,0.99969492405653,3.1635238473270985e-08,0.0003050893657927575,0.06650149370543654,,,0.078125,-0.006819011783227372,0.006819011783227372,-0.08577364446271703,-0.08494401178322737,0.0008296326794896558
0.0216,0.973,0.07143512619659301,0.03309056266410186,40,0.04234994612634178,0.9738660082221031,0.9997062236070633,3.158390597945981e-08,0.0002937828910944025,0.06640978148207063,,,0.078125,-0.006689873803406993,0.006689873803406993,-0.08564450648289665,-0.08481487380340699,0.0008296326794896558
