r,q0,psi2_mean,psi_amp,hysteresis_area,u64,err64,dist64,err_W7,err_grid,delta_quant
0.009625,0.971,,,,,,,,,0.0008296326794896558
0.009625,0.972,,,,,,,,,0.0008296326794896558
0.009625,0.973,,,,,,,,,0.0008296326794896558
0.009875,0.971,,,,,,,,,0.0008296326794896558
0.009875,0.972,,,,,,,,,0.0008296326794896558
0.009875,0.973,,,,,,,,,0.0008296326794896558
0.010125,0.971,,,,,,,,,0.0008296326794896558
0.010125,0.972,,,,,,,,,0.0008296326794896558
0.010125,0.973,,,,,,,,,0.0008296326794896558
0.010375,0.971,,,,,,,,,0.0008296326794896558
0.010375,0.972,,,,,,,,,0.0008296326794896558
0.010375,0.973,,,,,,,,,0.0008296326794896558
0.010625,0.971,,,,,,,,,0.0008296326794896558
0.010625,0.972,,,,,,,,,0.0008296326794896558
0.010625,0.973,,,,,,,,,0.0008296326794896558
0.010875000000000001,0.971,,,,,,,,,0.0008296326794896558
0.010875000000000001,0.972,,,,,,,,,0.0008296326794896558
0.010875000000000001,0.973,,,,,,,,,0.0008296326794896558
0.011125000000000001,0.971,,,,,,,,,0.0008296326794896558
0.011125000000000001,0.972,,,,,,,,,0.0008296326794896558
0.011125000000000001,0.973,,,,,,,,,0.0008296326794896558
0.011375000000000001,0.971,,,,,,,,,0.0008296326794896558
0.011375000000000001,0.972,,,,,,,,,0.0008296326794896558
0.011375000000000001,0.973,,,,,,,,,0.0008296326794896558
0.011625000000000002,0.971,,,,,,,,,0.0008296326794896558
0.011625000000000002,0.972,,,,,,,,,0.0008296326794896558
0.011625000000000002,0.973,,,,,,,,,0.0008296326794896558
0.011875000000000002,0.971,,,,,,,,,0.0008296326794896558
0.011875000000000002,0.972,,,,,,,,,0.0008296326794896558
0.011875000000000002,0.973,,,,,,,,,0.0008296326794896558
0.012125000000000002,0.971,,,,,,,,,0.0008296326794896558
0.012125000000000002,0.972,,,,,,,,,0.0008296326794896558
0.012125000000000002,0.973,,,,,,,,,0.0008296326794896558
0.012375000000000002,0.971,,,,,,,,,0.0008296326794896558
0.012375000000000002,0.972,,,,,,,,,0.0008296326794896558
0.012375000000000002,0.973,,,,,,,,,0.0008296326794896558
0.012625000000000003,0.971,,,,,,,,,0.0008296326794896558
0.012625000000000003,0.972,,,,,,,,,0.0008296326794896558
0.012625000000000003,0.973,,,,,,,,,0.0008296326794896558
0.012875000000000003,0.971,,,,,,,,,0.0008296326794896558
0.012875000000000003,0.972,,,,,,,,,0.0008296326794896558
0.012875000000000003,0.973,,,,,,,,,0.0008296326794896558
0.013125000000000003,0.971,,,,,,,,,0.0008296326794896558
0.013125000000000003,0.972,,,,,,,,,0.0008296326794896558
0.013125000000000003,0.973,,,,,,,,,0.0008296326794896558
0.013375000000000003,0.971,,,,,,,,,0.0008296326794896558
0.013375000000000003,0.972,,,,,,,,,0.0008296326794896558
0.013375000000000003,0.973,,,,,,,,,0.0008296326794896558
0.013625000000000003,0.971,,,,,,,,,0.0008296326794896558
0.013625000000000003,0.972,,,,,,,,,0.0008296326794896558
0.013625000000000003,0.973,,,,,,,,,0.0008296326794896558
0.013875000000000004,0.971,,,,,,,,,0.0008296326794896558
0.013875000000000004,0.972,,,,,,,,,0.0008296326794896558
0.013875000000000004,0.973,,,,,,,,,0.0008296326794896558
0.014125000000000004,0.971,,,,,,,,,0.0008296326794896558
0.014125000000000004,0.972,,,,,,,,,0.0008296326794896558
0.014125000000000004,0.973,,,,,,,,,0.0008296326794896558
0.014375000000000004,0.971,,,,,,,,,0.0008296326794896558
0.014375000000000004,0.972,,,,,,,,,0.0008296326794896558
0.014375000000000004,0.973,,,,,,,,,0.0008296326794896558
0.014625000000000004,0.971,,,,,,,,,0.0008296326794896558
0.014625000000000004,0.972,,,,,,,,,0.0008296326794896558
0.014625000000000004,0.973,,,,,,,,,0.0008296326794896558
0.014875000000000005,0.971,,,,,,,,,0.0008296326794896558
0.014875000000000005,0.972,,,,,,,,,0.0008296326794896558
0.014875000000000005,0.973,,,,,,,,,0.0008296326794896558
0.015125000000000005,0.971,,,,,,,,,0.0008296326794896558
0.015125000000000005,0.972,,,,,,,,,0.0008296326794896558
0.015125000000000005,0.973,,,,,,,,,0.0008296326794896558
0.015375000000000005,0.971,,,,,,,,,0.0008296326794896558
0.015375000000000005,0.972,,,,,,,,,0.0008296326794896558
0.015375000000000005,0.973,,,,,,,,,0.0008296326794896558
0.015625000000000007,0.971,,,,,,,,,0.0008296326794896558
0.015625000000000007,0.972,,,,,,,,,0.0008296326794896558
0.015625000000000007,0.973,,,,,,,,,0.0008296326794896558
0.015875000000000007,0.971,,,,,,,,,0.0008296326794896558
0.015875000000000007,0.972,,,,,,,,,0.0008296326794896558
0.015875000000000007,0.973,,,,,,,,,0.0008296326794896558
0.016125000000000007,0.971,,,,,,,,,0.0008296326794896558
0.016125000000000007,0.972,,,,,,,,,0.0008296326794896558
0.016125000000000007,0.973,,,,,,,,,0.0008296326794896558
0.016375000000000008,0.971,,,,,,,,,0.0008296326794896558
0.016375000000000008,0.972,,,,,,,,,0.0008296326794896558
0.016375000000000008,0.973,,,,,,,,,0.0008296326794896558
0.016625000000000008,0.971,,,,,,,,,0.0008296326794896558
0.016625000000000008,0.972,,,,,,,,,0.0008296326794896558
0.016625000000000008,0.973,,,,,,,,,0.0008296326794896558
0.016875000000000008,0.971,,,,,,,,,0.0008296326794896558
0.016875000000000008,0.972,,,,,,,,,0.0008296326794896558
0.016875000000000008,0.973,,,,,,,,,0.0008296326794896558
0.01712500000000001,0.971,,,,,,,,,0.0008296326794896558
0.01712500000000001,0.972,,,,,,,,,0.0008296326794896558
0.01712500000000001,0.973,,,,,,,,,0.0008296326794896558
0.01737500000000001,0.971,,,,,,,,,0.0008296326794896558
0.01737500000000001,0.972,,,,,,,,,0.0008296326794896558
0.01737500000000001,0.973,,,,,,,,,0.0008296326794896558
0.01762500000000001,0.971,,,,,,,,,0.0008296326794896558
0.01762500000000001,0.972,,,,,,,,,0.0008296326794896558
0.01762500000000001,0.973,,,,,,,,,0.0008296326794896558
0.01787500000000001,0.971,,,,,,,,,0.0008296326794896558
0.01787500000000001,0.972,,,,,,,,,0.0008296326794896558
0.01787500000000001,0.973,,,,,,,,,0.0008296326794896558
0.01812500000000001,0.971,,,,,,,,,0.0008296326794896558
0.01812500000000001,0.972,,,,,,,,,0.0008296326794896558
0.01812500000000001,0.973,,,,,,,,,0.0008296326794896558
0.01837500000000001,0.971,,,,,,,,,0.0008296326794896558
0.01837500000000001,0.972,,,,,,,,,0.0008296326794896558
0.01837500000000001,0.973,,,,,,,,,0.0008296326794896558
0.01862500000000001,0.971,,,,,,,,,0.0008296326794896558
0.01862500000000001,0.972,,,,,,,,,0.0008296326794896558
0.01862500000000001,0.973,,,,,,,,,0.0008296326794896558
0.01887500000000001,0.971,,,,,,,,,0.0008296326794896558
0.01887500000000001,0.972,,,,,,,,,0.0008296326794896558
0.01887500000000001,0.973,,,,,,,,,0.0008296326794896558
0.01912500000000001,0.971,,,,,,,,,0.0008296326794896558
0.01912500000000001,0.972,,,,,,,,,0.0008296326794896558
0.01912500000000001,0.973,,,,,,,,,0.0008296326794896558
0.01937500000000001,0.971,,,,,,,,,0.0008296326794896558
0.01937500000000001,0.972,,,,,,,,,0.0008296326794896558
0.01937500000000001,0.973,,,,,,,,,0.0008296326794896558
0.01962500000000001,0.971,,,,,,,,,0.0008296326794896558
0.01962500000000001,0.972,,,,,,,,,0.0008296326794896558
0.01962500000000001,0.973,,,,,,,,,0.0008296326794896558
0.01987500000000001,0.971,,,,,,,,,0.0008296326794896558
0.01987500000000001,0.972,,,,,,,,,0.0008296326794896558
0.01987500000000001,0.973,,,,,,,,,0.0008296326794896558
0.02012500000000001,0.971,,,,,,,,,0.0008296326794896558
0.02012500000000001,0.972,,,,,,,,,0.0008296326794896558
0.02012500000000001,0.973,,,,,,,,,0.0008296326794896558
0.02037500000000001,0.971,,,,,,,,,0.0008296326794896558
0.02037500000000001,0.972,,,,,,,,,0.0008296326794896558
0.02037500000000001,0.973,,,,,,,,,0.0008296326794896558
0.02062500000000001,0.971,,,,,,,,,0.0008296326794896558
0.02062500000000001,0.972,,,,,,,,,0.0008296326794896558
0.02062500000000001,0.973,,,,,,,,,0.0008296326794896558
0.02087500000000001,0.971,,,,,,,,,0.0008296326794896558
0.02087500000000001,0.972,,,,,,,,,0.0008296326794896558
0.02087500000000001,0.973,,,,,,,,,0.0008296326794896558
0.021125000000000012,0.971,,,,,,,,,0.0008296326794896558
0.021125000000000012,0.972,,,,,,,,,0.0008296326794896558
0.021125000000000012,0.973,,,,,,,,,0.0008296326794896558
0.021375000000000012,0.971,,,,,,,,,0.0008296326794896558
0.021375000000000012,0.972,,,,,,,,,0.0008296326794896558
0.021375000000000012,0.973,,,,,,,,,0.0008296326794896558
0.021625000000000012,0.971,,,,,,,,,0.0008296326794896558
0.021625000000000012,0.972,,,,,,,,,0.0008296326794896558
0.021625000000000012,0.973,,,,,,,,,0.0008296326794896558
