profile,Oxford_430PM_r,Oxford_430PM_h,Oxford_430PM_d,Oxford_430PM_p,Oxford_430PM_s,Oxford_430PM_gamma,Oxford_430PM_g,Oxford_430PM_nu,Oxford_300AM_r,Oxford_300AM_h,Oxford_300AM_d,Oxford_300AM_p,Oxford_300AM_s,Oxford_300AM_gamma,Oxford_300AM_g,Oxford_300AM_nu,Oxford_430AM_r,Oxford_430AM_h,Oxford_430AM_d,Oxford_430AM_p,Oxford_430AM_s,Oxford_430AM_gamma,Oxford_430AM_g,Oxford_430AM_nu,England_430PM_r,England_430PM_h,England_430PM_d,England_430PM_p,England_430PM_s,England_430PM_gamma,England_430PM_g,England_430PM_nu,England_300AM_r,England_300AM_h,England_300AM_d,England_300AM_p,England_300AM_s,England_300AM_gamma,England_300AM_g,England_300AM_nu,England_430AM_r,England_430AM_h,England_430AM_d,England_430AM_p,England_430AM_s,England_430AM_gamma,England_430AM_g,England_430AM_nu,Korea_430PM_r,Korea_430PM_h,Korea_430PM_d,Korea_430PM_p,Korea_430PM_s,Korea_430PM_gamma,Korea_430PM_g,Korea_430PM_nu,Korea_300AM_r,Korea_300AM_h,Korea_300AM_d,Korea_300AM_p,Korea_300AM_s,Korea_300AM_gamma,Korea_300AM_g,Korea_300AM_nu,Korea_430AM_r,Korea_430AM_h,Korea_430AM_d,Korea_430AM_p,Korea_430AM_s,Korea_430AM_gamma,Korea_430AM_g,Korea_430AM_nu
ENFJ_F_A,0.3089,0.4408,0.4500,0.5650,0.2673,0.0929,0.4238,0.3700,0.1639,0.2138,0.2433,0.1121,0.1300,0.0514,0.3571,0.2863,0.2728,0.3323,0.3350,0.2621,0.3227,0.3700,0.2419,0.2606,0.3106,0.4523,0.4500,0.5707,0.2800,0.0914,0.4229,0.3731,0.1672,0.2223,0.2567,0.1193,0.1373,0.0514,0.3605,0.2894,0.2772,0.3462,0.3350,0.2686,0.3367,0.3629,0.2424,0.2631,0.3344,0.4908,0.4917,0.6286,0.3013,0.1071,0.4743,0.4250,0.1728,0.2246,0.2617,0.1207,0.1400,0.0614,0.3690,0.2988,0.3028,0.3738,0.3833,0.3036,0.3620,0.4014,0.2814,0.3063
ENFJ_F_AB,0.3078,0.4392,0.4433,0.5607,0.2673,0.0929,0.4238,0.3700,0.1628,0.2123,0.2417,0.1114,0.1293,0.0514,0.3538,0.2838,0.2739,0.3338,0.3350,0.2600,0.3273,0.3743,0.2429,0.2613,0.3133,0.4562,0.4500,0.5721,0.2840,0.0914,0.4257,0.3756,0.1661,0.2208,0.2550,0.1186,0.1367,0.0514,0.3571,0.2869,0.2789,0.3508,0.3350,0.2700,0.3413,0.3643,0.2452,0.2663,0.3289,0.4869,0.4817,0.6229,0.2987,0.1043,0.4690,0.4188,0.1694,0.2208,0.2517,0.1193,0.1380,0.0600,0.3624,0.2931,0.2983,0.3708,0.3733,0.2979,0.3600,0.4000,0.2762,0.3006
ENFJ_F_B,0.3083,0.4400,0.4500,0.5607,0.2680,0.0943,0.4238,0.3706,0.1633,0.2131,0.2417,0.1121,0.1313,0.0571,0.3543,0.2844,0.2750,0.3354,0.3350,0.2607,0.3300,0.3814,0.2433,0.2625,0.3133,0.4546,0.4500,0.5679,0.2840,0.0929,0.4233,0.3744,0.1661,0.2208,0.2550,0.1186,0.1367,0.0514,0.3571,0.2869,0.2800,0.3500,0.3350,0.2664,0.3433,0.3714,0.2433,0.2656,0.3339,0.4915,0.4900,0.6250,0.3047,0.1086,0.4714,0.4238,0.1717,0.2246,0.2583,0.1207,0.1420,0.0614,0.3629,0.2944,0.3039,0.3754,0.3817,0.3007,0.3673,0.4086,0.2790,0.3056
ENFJ_F_O,0.3144,0.4454,0.4583,0.5671,0.2733,0.0971,0.4262,0.3750,0.1633,0.2123,0.2483,0.1114,0.1293,0.0514,0.3538,0.2838,0.2800,0.3408,0.3433,0.2664,0.3340,0.3800,0.2452,0.2669,0.3161,0.4569,0.4583,0.5729,0.2860,0.0957,0.4252,0.3781,0.1661,0.2208,0.2550,0.1186,0.1367,0.0514,0.3571,0.2869,0.2833,0.3515,0.3433,0.2714,0.3447,0.3729,0.2452,0.2688,0.3433,0.5015,0.5117,0.6329,0.3147,0.1143,0.4743,0.4300,0.1728,0.2262,0.2583,0.1214,0.1447,0.0686,0.3633,0.2956,0.3128,0.3854,0.3983,0.3093,0.3787,0.4257,0.2857,0.3150
ENFJ_M_A,0.2944,0.4246,0.4267,0.5529,0.2527,0.0857,0.4171,0.3600,0.1589,0.2069,0.2417,0.1093,0.1227,0.0429,0.3529,0.2813,0.2594,0.3177,0.3117,0.2500,0.3073,0.3514,0.2348,0.2500,0.2972,0.4362,0.4267,0.5586,0.2653,0.0843,0.4162,0.3631,0.1622,0.2162,0.2483,0.1164,0.1307,0.0443,0.3562,0.2850,0.2622,0.3285,0.3183,0.2550,0.3180,0.3443,0.2348,0.2519,0.3128,0.4677,0.4583,0.6136,0.2793,0.0943,0.4619,0.4069,0.1667,0.2177,0.2467,0.1179,0.1327,0.0529,0.3648,0.2938,0.2772,0.3469,0.3433,0.2843,0.3287,0.3657,0.2681,0.2850
ENFJ_M_AB,0.2972,0.4300,0.4333,0.5564,0.2573,0.0871,0.4200,0.3631,0.1556,0.2069,0.2317,0.1086,0.1233,0.0486,0.3481,0.2769,0.2578,0.3231,0.3167,0.2536,0.3120,0.3557,0.2362,0.2500,0.3011,0.4446,0.4333,0.5636,0.2733,0.0857,0.4195,0.3669,0.1583,0.2146,0.2450,0.1150,0.1287,0.0429,0.3510,0.2794,0.2633,0.3369,0.3167,0.2593,0.3247,0.3443,0.2362,0.2525,0.3106,0.4692,0.4567,0.6150,0.2787,0.0929,0.4624,0.4056,0.1617,0.2146,0.2417,0.1157,0.1300,0.0514,0.3562,0.2856,0.2756,0.3492,0.3417,0.2871,0.3313,0.3643,0.2676,0.2844
ENFJ_M_B,0.2961,0.4269,0.4267,0.5500,0.2567,0.0871,0.4176,0.3613,0.1589,0.2069,0.2400,0.1093,0.1247,0.0500,0.3500,0.2800,0.2611,0.3223,0.3117,0.2507,0.3153,0.3643,0.2362,0.2525,0.3000,0.4415,0.4267,0.5571,0.2727,0.0857,0.4171,0.3650,0.1617,0.2154,0.2467,0.1164,0.1320,0.0500,0.3533,0.2831,0.2672,0.3362,0.3183,0.2564,0.3280,0.3529,0.2362,0.2550,0.3133,0.4669,0.4583,0.6093,0.2800,0.0957,0.4619,0.4075,0.1617,0.2146,0.2417,0.1157,0.1300,0.0514,0.3562,0.2856,0.2767,0.3485,0.3417,0.2836,0.3333,0.3714,0.2657,0.2838
ENFJ_M_O,0.3033,0.4346,0.4433,0.5621,0.2607,0.0914,0.4252,0.3700,0.1611,0.2115,0.2417,0.1114,0.1287,0.0500,0.3538,0.2831,0.2672,0.3277,0.3283,0.2600,0.3167,0.3614,0.2433,0.2600,0.3067,0.4485,0.4433,0.5693,0.2760,0.0886,0.4248,0.3731,0.1644,0.2200,0.2550,0.1186,0.1360,0.0500,0.3571,0.2862,0.2717,0.3415,0.3283,0.2664,0.3307,0.3543,0.2438,0.2625,0.3272,0.4854,0.4783,0.6300,0.2940,0.1029,0.4781,0.4256,0.1683,0.2208,0.2517,0.1193,0.1380,0.0600,0.3624,0.2931,0.2917,0.3646,0.3683,0.2986,0.3487,0.3843,0.2800,0.3006
ENFP_F_A,0.3239,0.4500,0.4683,0.5707,0.2740,0.1043,0.4390,0.3731,0.1650,0.2131,0.2417,0.1114,0.1300,0.0529,0.3567,0.2831,0.2872,0.3400,0.3533,0.2636,0.3273,0.3686,0.2543,0.2606,0.3256,0.4692,0.4817,0.5907,0.2900,0.1000,0.4419,0.3800,0.1672,0.2185,0.2550,0.1171,0.1340,0.0529,0.3595,0.2856,0.2883,0.3592,0.3667,0.2836,0.3433,0.3643,0.2571,0.2675,0.3428,0.4992,0.5083,0.6350,0.3087,0.1143,0.4824,0.4263,0.1717,0.2231,0.2600,0.1200,0.1393,0.0614,0.3671,0.2956,0.3094,0.3769,0.3933,0.3043,0.3653,0.4086,0.2867,0.3050
ENFP_F_AB,0.3211,0.4423,0.4533,0.5621,0.2693,0.1043,0.4343,0.3675,0.1650,0.2115,0.2400,0.1100,0.1280,0.0486,0.3543,0.2800,0.2867,0.3362,0.3467,0.2600,0.3240,0.3686,0.2552,0.2594,0.3194,0.4569,0.4667,0.5786,0.2813,0.0986,0.4352,0.3738,0.1656,0.2162,0.2533,0.1157,0.1313,0.0471,0.3557,0.2825,0.2861,0.3515,0.3533,0.2764,0.3367,0.3643,0.2576,0.2656,0.3367,0.4892,0.4933,0.6250,0.2993,0.1114,0.4786,0.4188,0.1689,0.2200,0.2500,0.1186,0.1380,0.0614,0.3605,0.2906,0.3050,0.3715,0.3850,0.2993,0.3580,0.4000,0.2852,0.2994
ENFP_F_B,0.3256,0.4477,0.4550,0.5643,0.2740,0.1057,0.4381,0.3712,0.1656,0.2123,0.2400,0.1107,0.1300,0.0543,0.3548,0.2806,0.2894,0.3362,0.3467,0.2579,0.3247,0.3714,0.2543,0.2581,0.3256,0.4608,0.4683,0.5764,0.2860,0.1014,0.4381,0.3756,0.1661,0.2169,0.2533,0.1164,0.1333,0.0529,0.3562,0.2831,0.2900,0.3538,0.3533,0.2736,0.3407,0.3671,0.2571,0.2650,0.3433,0.4938,0.5017,0.6271,0.3053,0.1157,0.4810,0.4238,0.1711,0.2208,0.2567,0.1186,0.1387,0.0629,0.3619,0.2906,0.3106,0.3754,0.3867,0.3000,0.3653,0.4100,0.2857,0.3031
ENFP_F_O,0.3344,0.4546,0.4700,0.5707,0.2807,0.1114,0.4419,0.3762,0.1678,0.2131,0.2467,0.1107,0.1307,0.0557,0.3548,0.2813,0.2994,0.3462,0.3550,0.2650,0.3380,0.3871,0.2581,0.2650,0.3322,0.4669,0.4767,0.5829,0.2920,0.1057,0.4405,0.3806,0.1694,0.2208,0.2533,0.1179,0.1373,0.0543,0.3567,0.2844,0.2994,0.3615,0.3683,0.2814,0.3507,0.3829,0.2605,0.2713,0.3556,0.5077,0.5233,0.6364,0.3193,0.1229,0.4857,0.4306,0.1750,0.2262,0.2567,0.1207,0.1453,0.0714,0.3629,0.2931,0.3267,0.3900,0.4100,0.3086,0.3833,0.4357,0.2948,0.3144
ENFP_M_A,0.3261,0.4531,0.4717,0.5829,0.2707,0.1029,0.4462,0.3700,0.1656,0.2085,0.2400,0.1086,0.1247,0.0486,0.3552,0.2788,0.2894,0.3438,0.3633,0.2786,0.3207,0.3557,0.2629,0.2581,0.3300,0.4831,0.5117,0.6214,0.2913,0.0971,0.4552,0.3831,0.1678,0.2185,0.2533,0.1200,0.1320,0.0471,0.3595,0.2838,0.2950,0.3746,0.4033,0.3171,0.3420,0.3514,0.2733,0.2713,0.3339,0.4923,0.5033,0.6464,0.2920,0.1057,0.4871,0.4181,0.1694,0.2192,0.2517,0.1214,0.1333,0.0543,0.3667,0.2925,0.2972,0.3715,0.3867,0.3171,0.3413,0.3700,0.2900,0.2931
ENFP_M_AB,0.3261,0.4462,0.4650,0.5729,0.2667,0.1029,0.4448,0.3669,0.1617,0.2069,0.2300,0.1071,0.1227,0.0471,0.3500,0.2731,0.2850,0.3377,0.3483,0.2693,0.3140,0.3500,0.2590,0.2519,0.3267,0.4708,0.4917,0.6057,0.2833,0.0971,0.4510,0.3775,0.1622,0.2115,0.2433,0.1129,0.1260,0.0457,0.3514,0.2756,0.2883,0.3623,0.3817,0.3000,0.3313,0.3457,0.2667,0.2625,0.3306,0.4854,0.4883,0.6357,0.2867,0.1043,0.4838,0.4119,0.1633,0.2131,0.2400,0.1143,0.1280,0.0471,0.3552,0.2819,0.2950,0.3631,0.3733,0.3050,0.3367,0.3700,0.2862,0.2881
ENFP_M_B,0.3278,0.4454,0.4583,0.5686,0.2673,0.1057,0.4438,0.3656,0.1650,0.2069,0.2383,0.1079,0.1240,0.0486,0.3519,0.2763,0.2906,0.3362,0.3433,0.2643,0.3173,0.3586,0.2605,0.2537,0.3261,0.4654,0.4783,0.5929,0.2827,0.0986,0.4462,0.3744,0.1661,0.2146,0.2450,0.1150,0.1307,0.0471,0.3538,0.2794,0.2906,0.3577,0.3633,0.2907,0.3333,0.3529,0.2643,0.2625,0.3333,0.4815,0.4833,0.6279,0.2873,0.1071,0.4810,0.4119,0.1656,0.2146,0.2400,0.1150,0.1307,0.0543,0.3571,0.2825,0.2961,0.3608,0.3667,0.2986,0.3367,0.3714,0.2838,0.2869
ENFP_M_O,0.3444,0.4585,0.4750,0.5821,0.2767,0.1143,0.4562,0.3750,0.1689,0.2100,0.2400,0.1086,0.1260,0.0514,0.3567,0.2794,0.3078,0.3500,0.3600,0.2786,0.3287,0.3729,0.2733,0.2638,0.3444,0.4838,0.5017,0.6121,0.2960,0.1071,0.4614,0.3863,0.1706,0.2177,0.2533,0.1157,0.1327,0.0500,0.3586,0.2825,0.3094,0.3746,0.3867,0.3064,0.3480,0.3671,0.2776,0.2731,0.3550,0.5046,0.5100,0.6500,0.3060,0.1171,0.5005,0.4306,0.1728,0.2208,0.2500,0.1179,0.1373,0.0586,0.3629,0.2900,0.3206,0.3869,0.4000,0.3229,0.3620,0.4000,0.3048,0.3081
ENTJ_F_A,0.2944,0.4131,0.4017,0.5379,0.2413,0.0871,0.4186,0.3469,0.1556,0.2023,0.2317,0.1057,0.1160,0.0371,0.3495,0.2738,0.2550,0.3000,0.2867,0.2329,0.2840,0.3286,0.2338,0.2331,0.2928,0.4200,0.4017,0.5421,0.2493,0.0829,0.4157,0.3488,0.1572,0.2100,0.2383,0.1129,0.1227,0.0357,0.3514,0.2769,0.2550,0.3100,0.2867,0.2379,0.2940,0.3200,0.2324,0.2350,0.2978,0.4423,0.4117,0.5936,0.2527,0.0857,0.4571,0.3863,0.1589,0.2069,0.2367,0.1121,0.1187,0.0371,0.3590,0.2837,0.2567,0.3154,0.2950,0.2614,0.2887,0.3214,0.2571,0.2575
ENTJ_F_AB,0.2922,0.4115,0.4017,0.5357,0.2407,0.0857,0.4171,0.3469,0.1550,0.2015,0.2300,0.1057,0.1173,0.0429,0.3467,0.2719,0.2550,0.3031,0.2933,0.2314,0.2913,0.3400,0.2338,0.2356,0.2944,0.4277,0.4083,0.5471,0.2567,0.0829,0.4176,0.3525,0.1556,0.2085,0.2367,0.1121,0.1220,0.0357,0.3481,0.2744,0.2567,0.3185,0.2933,0.2436,0.3033,0.3257,0.2348,0.2394,0.2956,0.4408,0.4117,0.5914,0.2520,0.0843,0.4557,0.3863,0.1544,0.2054,0.2333,0.1107,0.1167,0.0357,0.3538,0.2781,0.2561,0.3169,0.3017,0.2586,0.2920,0.3214,0.2562,0.2588
ENTJ_F_B,0.2944,0.4131,0.4000,0.5343,0.2440,0.0871,0.4157,0.3450,0.1539,0.2000,0.2283,0.1050,0.1167,0.0429,0.3433,0.2694,0.2567,0.3038,0.2867,0.2314,0.2920,0.3414,0.2352,0.2356,0.2944,0.4238,0.4000,0.5400,0.2560,0.0843,0.4133,0.3481,0.1556,0.2077,0.2350,0.1114,0.1220,0.0371,0.3448,0.2725,0.2589,0.3169,0.2867,0.2371,0.3040,0.3286,0.2338,0.2381,0.2989,0.4438,0.4117,0.5907,0.2560,0.0857,0.4576,0.3869,0.1539,0.2038,0.2317,0.1100,0.1160,0.0357,0.3505,0.2756,0.2578,0.3185,0.2950,0.2593,0.2947,0.3286,0.2581,0.2594
ENTJ_F_O,0.2956,0.4115,0.4000,0.5329,0.2420,0.0900,0.4181,0.3444,0.1556,0.2000,0.2283,0.1043,0.1153,0.0386,0.3443,0.2688,0.2572,0.3000,0.2867,0.2286,0.2853,0.3314,0.2367,0.2331,0.2922,0.4177,0.4000,0.5371,0.2493,0.0843,0.4138,0.3462,0.1567,0.2077,0.2350,0.1114,0.1220,0.0371,0.3462,0.2719,0.2567,0.3092,0.2867,0.2336,0.2947,0.3214,0.2338,0.2350,0.2983,0.4415,0.4117,0.5893,0.2533,0.0871,0.4586,0.3863,0.1556,0.2046,0.2317,0.1100,0.1167,0.0371,0.3519,0.2756,0.2572,0.3146,0.2950,0.2571,0.2893,0.3229,0.2586,0.2575
ENTJ_M_A,0.3028,0.4154,0.4017,0.5357,0.2440,0.0929,0.4243,0.3469,0.1583,0.2031,0.2317,0.1057,0.1167,0.0386,0.3510,0.2738,0.2622,0.3015,0.2867,0.2286,0.2867,0.3343,0.2395,0.2331,0.2983,0.4215,0.4017,0.5400,0.2513,0.0871,0.4200,0.3488,0.1594,0.2108,0.2383,0.1129,0.1233,0.0371,0.3529,0.2769,0.2611,0.3108,0.2867,0.2336,0.2960,0.3243,0.2367,0.2350,0.3022,0.4431,0.4117,0.5914,0.2540,0.0886,0.4600,0.3863,0.1611,0.2077,0.2367,0.1121,0.1193,0.0386,0.3605,0.2837,0.2600,0.3154,0.2950,0.2571,0.2900,0.3243,0.2600,0.2575
ENTJ_M_AB,0.2989,0.4169,0.4067,0.5386,0.2460,0.0900,0.4210,0.3469,0.1572,0.2023,0.2300,0.1057,0.1180,0.0443,0.3481,0.2719,0.2622,0.3077,0.2917,0.2357,0.2960,0.3514,0.2390,0.2356,0.2994,0.4285,0.4067,0.5464,0.2580,0.0871,0.4186,0.3500,0.1583,0.2100,0.2367,0.1129,0.1247,0.0429,0.3500,0.2750,0.2639,0.3192,0.2983,0.2414,0.3067,0.3357,0.2362,0.2375,0.3017,0.4469,0.4183,0.5950,0.2573,0.0871,0.4614,0.3888,0.1556,0.2046,0.2317,0.1100,0.1167,0.0371,0.3519,0.2756,0.2606,0.3215,0.3017,0.2636,0.2960,0.3300,0.2619,0.2613
ENTJ_M_B,0.3028,0.4162,0.4000,0.5343,0.2467,0.0929,0.4214,0.3450,0.1567,0.2008,0.2283,0.1050,0.1173,0.0443,0.3448,0.2694,0.2644,0.3054,0.2850,0.2293,0.2960,0.3529,0.2381,0.2338,0.3011,0.4262,0.4000,0.5400,0.2580,0.0886,0.4176,0.3481,0.1583,0.2092,0.2350,0.1121,0.1247,0.0443,0.3467,0.2731,0.2656,0.3177,0.2850,0.2350,0.3073,0.3386,0.2352,0.2363,0.3022,0.4438,0.4100,0.5900,0.2567,0.0886,0.4571,0.3844,0.1550,0.2031,0.2300,0.1093,0.1160,0.0371,0.3486,0.2731,0.2611,0.3177,0.2933,0.2564,0.2953,0.3314,0.2576,0.2569
ENTJ_M_O,0.3161,0.4208,0.4033,0.5386,0.2493,0.1014,0.4357,0.3519,0.1617,0.2031,0.2300,0.1050,0.1173,0.0414,0.3505,0.2713,0.2756,0.3108,0.2867,0.2329,0.2960,0.3471,0.2500,0.2363,0.3100,0.4285,0.4033,0.5443,0.2587,0.0929,0.4290,0.3544,0.1617,0.2100,0.2433,0.1121,0.1233,0.0386,0.3510,0.2744,0.2694,0.3185,0.2867,0.2379,0.3040,0.3343,0.2443,0.2381,0.3122,0.4508,0.4150,0.5993,0.2593,0.0943,0.4743,0.3956,0.1583,0.2054,0.2317,0.1100,0.1173,0.0386,0.3533,0.2756,0.2722,0.3238,0.2983,0.2621,0.2980,0.3300,0.2724,0.2656
ENTP_F_A,0.3367,0.4654,0.4700,0.5793,0.2907,0.1100,0.4414,0.3813,0.1661,0.2108,0.2433,0.1064,0.1320,0.0557,0.3448,0.2756,0.2978,0.3562,0.3600,0.2721,0.3447,0.3786,0.2552,0.2663,0.3472,0.4954,0.4900,0.6014,0.3187,0.1100,0.4457,0.3919,0.1700,0.2215,0.2500,0.1150,0.1420,0.0543,0.3471,0.2794,0.3106,0.3877,0.3733,0.2964,0.3733,0.3800,0.2610,0.2769,0.3561,0.5162,0.5150,0.6429,0.3253,0.1214,0.4843,0.4319,0.1678,0.2177,0.2500,0.1129,0.1387,0.0629,0.3467,0.2800,0.3244,0.3977,0.4067,0.3143,0.3873,0.4214,0.2895,0.3119
ENTP_F_AB,0.3339,0.4592,0.4700,0.5736,0.2860,0.1086,0.4386,0.3781,0.1656,0.2115,0.2450,0.1071,0.1320,0.0543,0.3481,0.2775,0.2950,0.3531,0.3533,0.2707,0.3413,0.3786,0.2548,0.2656,0.3406,0.4854,0.4833,0.5943,0.3100,0.1071,0.4424,0.3875,0.1689,0.2200,0.2517,0.1143,0.1393,0.0543,0.3500,0.2813,0.3039,0.3792,0.3667,0.2914,0.3653,0.3771,0.2600,0.2744,0.3556,0.5100,0.5167,0.6379,0.3220,0.1214,0.4833,0.4319,0.1672,0.2192,0.2517,0.1136,0.1393,0.0629,0.3500,0.2825,0.3206,0.3938,0.4000,0.3129,0.3833,0.4200,0.2890,0.3106
ENTP_F_B,0.3344,0.4600,0.4700,0.5736,0.2867,0.1100,0.4386,0.3787,0.1672,0.2123,0.2450,0.1071,0.1327,0.0557,0.3481,0.2781,0.3000,0.3531,0.3550,0.2700,0.3447,0.3871,0.2548,0.2681,0.3411,0.4838,0.4833,0.5900,0.3100,0.1086,0.4400,0.3863,0.1689,0.2200,0.2517,0.1143,0.1393,0.0543,0.3500,0.2813,0.3078,0.3785,0.3683,0.2886,0.3687,0.3857,0.2600,0.2769,0.3594,0.5162,0.5250,0.6400,0.3273,0.1243,0.4871,0.4363,0.1739,0.2231,0.2600,0.1164,0.1460,0.0700,0.3529,0.2869,0.3300,0.4008,0.4100,0.3150,0.3940,0.4371,0.2933,0.3181
ENTP_F_O,0.3422,0.4677,0.4783,0.5779,0.2927,0.1143,0.4452,0.3825,0.1694,0.2131,0.2450,0.1071,0.1333,0.0571,0.3495,0.2781,0.3061,0.3562,0.3633,0.2707,0.3467,0.3900,0.2610,0.2706,0.3450,0.4869,0.4850,0.5929,0.3113,0.1100,0.4448,0.3888,0.1706,0.2208,0.2517,0.1143,0.1400,0.0557,0.3514,0.2813,0.3122,0.3823,0.3700,0.2914,0.3707,0.3886,0.2648,0.2800,0.3672,0.5215,0.5333,0.6443,0.3333,0.1286,0.4910,0.4406,0.1761,0.2246,0.2600,0.1164,0.1473,0.0729,0.3543,0.2875,0.3356,0.4062,0.4167,0.3171,0.4007,0.4457,0.2957,0.3200
ENTP_M_A,0.3361,0.4685,0.4783,0.5907,0.2860,0.1071,0.4467,0.3750,0.1617,0.2085,0.2350,0.1079,0.1253,0.0471,0.3457,0.2719,0.2967,0.3562,0.3633,0.2850,0.3327,0.3600,0.2629,0.2625,0.3478,0.5085,0.5183,0.6314,0.3180,0.1043,0.4571,0.3913,0.1661,0.2200,0.2483,0.1164,0.1360,0.0471,0.3481,0.2763,0.3128,0.4015,0.4033,0.3293,0.3693,0.3600,0.2752,0.2800,0.3444,0.5077,0.5100,0.6543,0.3073,0.1100,0.4876,0.4231,0.1656,0.2131,0.2433,0.1107,0.1327,0.0557,0.3471,0.2775,0.3106,0.3892,0.3967,0.3271,0.3607,0.3814,0.2962,0.3044
ENTP_M_AB,0.3289,0.4577,0.4650,0.5814,0.2773,0.1043,0.4419,0.3712,0.1617,0.2062,0.2350,0.1036,0.1247,0.0471,0.3433,0.2700,0.2928,0.3492,0.3567,0.2771,0.3280,0.3586,0.2600,0.2594,0.3372,0.4923,0.4983,0.6164,0.3053,0.1014,0.4495,0.3850,0.1644,0.2146,0.2417,0.1107,0.1320,0.0471,0.3452,0.2738,0.3017,0.3838,0.3833,0.3121,0.3560,0.3557,0.2676,0.2731,0.3400,0.5008,0.4967,0.6464,0.3027,0.1086,0.4848,0.4200,0.1644,0.2123,0.2433,0.1107,0.1320,0.0543,0.3471,0.2769,0.3072,0.3808,0.3900,0.3150,0.3560,0.3814,0.2910,0.3000
ENTP_M_B,0.3317,0.4577,0.4667,0.5779,0.2780,0.1057,0.4443,0.3719,0.1617,0.2062,0.2350,0.1036,0.1247,0.0471,0.3433,0.2700,0.2956,0.3500,0.3517,0.2743,0.3307,0.3657,0.2614,0.2613,0.3378,0.4862,0.4867,0.6050,0.3020,0.1029,0.4490,0.3831,0.1644,0.2146,0.2417,0.1107,0.1320,0.0471,0.3452,0.2738,0.3028,0.3785,0.3717,0.3014,0.3547,0.3629,0.2676,0.2719,0.3417,0.4985,0.4983,0.6386,0.3027,0.1100,0.4833,0.4194,0.1656,0.2131,0.2433,0.1107,0.1327,0.0557,0.3471,0.2775,0.3089,0.3800,0.3833,0.3114,0.3580,0.3886,0.2890,0.2994
ENTP_M_O,0.3511,0.4708,0.4767,0.5871,0.2887,0.1171,0.4595,0.3813,0.1678,0.2100,0.2367,0.1043,0.1273,0.0514,0.3495,0.2731,0.3156,0.3638,0.3617,0.2864,0.3427,0.3814,0.2771,0.2706,0.3583,0.5046,0.5033,0.6221,0.3160,0.1129,0.4657,0.3950,0.1700,0.2223,0.2500,0.1171,0.1373,0.0486,0.3529,0.2788,0.3228,0.3954,0.3883,0.3150,0.3700,0.3786,0.2824,0.2825,0.3622,0.5162,0.5167,0.6543,0.3180,0.1214,0.5005,0.4350,0.1717,0.2200,0.2517,0.1136,0.1400,0.0643,0.3529,0.2819,0.3300,0.3992,0.4017,0.3307,0.3767,0.4100,0.3071,0.3156
ESFJ_F_A,0.3250,0.4531,0.4700,0.5750,0.2780,0.1043,0.4386,0.3775,0.1633,0.2069,0.2433,0.1050,0.1280,0.0543,0.3443,0.2744,0.2850,0.3408,0.3600,0.2664,0.3287,0.3729,0.2519,0.2619,0.3261,0.4685,0.4900,0.5914,0.2907,0.1000,0.4410,0.3838,0.1644,0.2146,0.2500,0.1121,0.1347,0.0529,0.3462,0.2775,0.2883,0.3608,0.3733,0.2864,0.3453,0.3700,0.2562,0.2688,0.3439,0.5031,0.5150,0.6386,0.3120,0.1143,0.4814,0.4275,0.1656,0.2169,0.2500,0.1129,0.1380,0.0614,0.3467,0.2794,0.3128,0.3854,0.4067,0.3100,0.3747,0.4157,0.2867,0.3081
ESFJ_F_AB,0.3244,0.4508,0.4700,0.5707,0.2773,0.1043,0.4362,0.3756,0.1644,0.2085,0.2450,0.1057,0.1287,0.0543,0.3476,0.2769,0.2867,0.3446,0.3533,0.2679,0.3327,0.3743,0.2524,0.2631,0.3278,0.4700,0.4833,0.5886,0.2940,0.1014,0.4390,0.3831,0.1656,0.2162,0.2517,0.1129,0.1353,0.0529,0.3495,0.2800,0.2900,0.3638,0.3667,0.2857,0.3493,0.3714,0.2567,0.2700,0.3467,0.5015,0.5167,0.6350,0.3133,0.1171,0.4810,0.4294,0.1667,0.2185,0.2517,0.1136,0.1387,0.0614,0.3500,0.2819,0.3128,0.3854,0.4000,0.3100,0.3747,0.4157,0.2867,0.3081
ESFJ_F_B,0.3239,0.4508,0.4700,0.5707,0.2773,0.1043,0.4348,0.3762,0.1644,0.2085,0.2450,0.1057,0.1287,0.0543,0.3476,0.2769,0.2883,0.3438,0.3550,0.2671,0.3353,0.3814,0.2510,0.2656,0.3256,0.4669,0.4833,0.5843,0.2927,0.1000,0.4352,0.3813,0.1656,0.2162,0.2517,0.1129,0.1353,0.0529,0.3495,0.2800,0.2917,0.3623,0.3683,0.2829,0.3520,0.3786,0.2552,0.2725,0.3511,0.5077,0.5250,0.6371,0.3187,0.1200,0.4848,0.4338,0.1711,0.2200,0.2600,0.1150,0.1427,0.0700,0.3524,0.2863,0.3206,0.3923,0.4100,0.3121,0.3853,0.4329,0.2910,0.3156
ESFJ_F_O,0.3250,0.4562,0.4783,0.5750,0.2813,0.1043,0.4371,0.3800,0.1622,0.2077,0.2450,0.1057,0.1280,0.0529,0.3462,0.2769,0.2889,0.3446,0.3633,0.2679,0.3353,0.3800,0.2529,0.2681,0.3250,0.4692,0.4850,0.5871,0.2933,0.1000,0.4371,0.3844,0.1656,0.2162,0.2517,0.1129,0.1353,0.0529,0.3495,0.2800,0.2917,0.3638,0.3700,0.2857,0.3520,0.3771,0.2571,0.2750,0.3539,0.5115,0.5333,0.6414,0.3233,0.1214,0.4857,0.4381,0.1711,0.2200,0.2600,0.1150,0.1427,0.0700,0.3524,0.2863,0.3222,0.3962,0.4167,0.3143,0.3907,0.4386,0.2905,0.3175
ESFJ_M_A,0.3206,0.4515,0.4783,0.5850,0.2687,0.0986,0.4419,0.3700,0.1583,0.2046,0.2350,0.1064,0.1213,0.0457,0.3452,0.2706,0.2828,0.3431,0.3633,0.2807,0.3193,0.3529,0.2586,0.2588,0.3244,0.4808,0.5183,0.6214,0.2893,0.0929,0.4510,0.3831,0.1606,0.2123,0.2483,0.1136,0.1280,0.0443,0.3471,0.2738,0.2889,0.3738,0.4033,0.3193,0.3407,0.3486,0.2690,0.2719,0.3328,0.4954,0.5100,0.6500,0.2947,0.1043,0.4848,0.4194,0.1622,0.2092,0.2433,0.1093,0.1287,0.0543,0.3467,0.2763,0.2989,0.3769,0.3967,0.3229,0.3480,0.3757,0.2933,0.3006
ESFJ_M_AB,0.3172,0.4485,0.4650,0.5786,0.2680,0.0986,0.4381,0.3688,0.1589,0.2031,0.2350,0.1021,0.1213,0.0471,0.3429,0.2694,0.2828,0.3400,0.3567,0.2743,0.3187,0.3529,0.2562,0.2569,0.3233,0.4762,0.4983,0.6107,0.2887,0.0943,0.4462,0.3800,0.1600,0.2108,0.2417,0.1093,0.1280,0.0457,0.3448,0.2725,0.2872,0.3685,0.3833,0.3064,0.3400,0.3500,0.2643,0.2688,0.3306,0.4923,0.4967,0.6436,0.2940,0.1043,0.4824,0.4175,0.1606,0.2085,0.2433,0.1093,0.1280,0.0529,0.3452,0.2763,0.2989,0.3723,0.3900,0.3121,0.3473,0.3771,0.2886,0.2975
ESFJ_M_B,0.3189,0.4477,0.4667,0.5750,0.2680,0.0986,0.4390,0.3694,0.1572,0.2023,0.2350,0.1021,0.1207,0.0457,0.3414,0.2694,0.2817,0.3400,0.3517,0.2714,0.3207,0.3586,0.2562,0.2588,0.3211,0.4692,0.4867,0.5993,0.2847,0.0943,0.4443,0.3781,0.1600,0.2108,0.2417,0.1093,0.1280,0.0457,0.3448,0.2725,0.2844,0.3615,0.3717,0.2957,0.3373,0.3543,0.2614,0.2675,0.3311,0.4892,0.4983,0.6357,0.2933,0.1043,0.4795,0.4169,0.1606,0.2085,0.2433,0.1093,0.1280,0.0529,0.3452,0.2763,0.2972,0.3708,0.3833,0.3086,0.3487,0.3829,0.2852,0.2969
ESFJ_M_O,0.3244,0.4562,0.4767,0.5843,0.2747,0.1014,0.4457,0.3787,0.1600,0.2069,0.2367,0.1043,0.1247,0.0457,0.3452,0.2725,0.2872,0.3492,0.3617,0.2836,0.3287,0.3657,0.2633,0.2681,0.3278,0.4808,0.5033,0.6150,0.2920,0.0971,0.4533,0.3894,0.1611,0.2138,0.2500,0.1143,0.1287,0.0443,0.3490,0.2769,0.2922,0.3715,0.3883,0.3079,0.3460,0.3629,0.2700,0.2769,0.3433,0.5046,0.5167,0.6514,0.3067,0.1114,0.4924,0.4325,0.1656,0.2146,0.2517,0.1121,0.1347,0.0600,0.3495,0.2806,0.3106,0.3877,0.4017,0.3279,0.3653,0.4000,0.2990,0.3131
ESFP_F_A,0.2883,0.4277,0.4183,0.5500,0.2567,0.0829,0.4129,0.3525,0.1522,0.2038,0.2283,0.1079,0.1233,0.0529,0.3419,0.2719,0.2561,0.3223,0.3050,0.2486,0.3200,0.3829,0.2338,0.2463,0.3022,0.4577,0.4317,0.5700,0.2853,0.0857,0.4162,0.3619,0.1583,0.2154,0.2350,0.1157,0.1327,0.0486,0.3452,0.2756,0.2689,0.3523,0.3183,0.2679,0.3407,0.3514,0.2386,0.2537,0.2978,0.4600,0.4300,0.6064,0.2700,0.0843,0.4576,0.3944,0.1561,0.2077,0.2333,0.1129,0.1227,0.0429,0.3519,0.2806,0.2589,0.3338,0.3133,0.2721,0.3120,0.3386,0.2567,0.2663
ESFP_F_AB,0.2900,0.4246,0.4133,0.5450,0.2540,0.0843,0.4148,0.3525,0.1539,0.2046,0.2283,0.1079,0.1240,0.0543,0.3433,0.2719,0.2556,0.3215,0.2983,0.2479,0.3180,0.3771,0.2348,0.2450,0.3017,0.4500,0.4267,0.5614,0.2787,0.0857,0.4176,0.3606,0.1572,0.2146,0.2350,0.1150,0.1307,0.0429,0.3448,0.2750,0.2661,0.3438,0.3117,0.2607,0.3333,0.3514,0.2367,0.2500,0.2961,0.4546,0.4233,0.6007,0.2660,0.0843,0.4548,0.3919,0.1533,0.2077,0.2317,0.1121,0.1213,0.0414,0.3500,0.2775,0.2567,0.3331,0.3067,0.2721,0.3113,0.3371,0.2567,0.2656
ESFP_F_B,0.2889,0.4231,0.4117,0.5443,0.2533,0.0843,0.4114,0.3500,0.1539,0.2046,0.2283,0.1079,0.1240,0.0543,0.3433,0.2719,0.2578,0.3200,0.2983,0.2421,0.3200,0.3843,0.2329,0.2444,0.3017,0.4515,0.4183,0.5600,0.2820,0.0871,0.4148,0.3594,0.1589,0.2154,0.2350,0.1157,0.1327,0.0486,0.3452,0.2756,0.2683,0.3469,0.3050,0.2600,0.3373,0.3529,0.2371,0.2512,0.2961,0.4546,0.4233,0.6007,0.2660,0.0843,0.4548,0.3919,0.1522,0.2062,0.2300,0.1114,0.1207,0.0414,0.3467,0.2750,0.2583,0.3308,0.3067,0.2657,0.3113,0.3386,0.2543,0.2644
ESFP_F_O,0.2894,0.4269,0.4117,0.5457,0.2573,0.0857,0.4105,0.3519,0.1550,0.2077,0.2283,0.1100,0.1287,0.0586,0.3429,0.2731,0.2594,0.3254,0.2983,0.2457,0.3293,0.4014,0.2333,0.2475,0.3072,0.4615,0.4183,0.5643,0.2927,0.0886,0.4148,0.3625,0.1611,0.2192,0.2350,0.1171,0.1367,0.0500,0.3457,0.2769,0.2750,0.3585,0.3050,0.2657,0.3520,0.3657,0.2381,0.2556,0.2989,0.4592,0.4233,0.6021,0.2707,0.0871,0.4552,0.3938,0.1544,0.2092,0.2300,0.1129,0.1240,0.0414,0.3471,0.2756,0.2611,0.3354,0.3067,0.2679,0.3173,0.3457,0.2552,0.2663
ESFP_M_A,0.2933,0.4400,0.4450,0.5707,0.2620,0.0829,0.4205,0.3588,0.1533,0.2054,0.2283,0.1093,0.1273,0.0643,0.3429,0.2731,0.2633,0.3423,0.3317,0.2757,0.3373,0.4057,0.2462,0.2575,0.3122,0.4869,0.4850,0.6150,0.3000,0.0857,0.4343,0.3769,0.1594,0.2177,0.2417,0.1200,0.1333,0.0486,0.3476,0.2775,0.2800,0.3831,0.3717,0.3143,0.3593,0.3629,0.2576,0.2700,0.3022,0.4746,0.4567,0.6314,0.2760,0.0843,0.4676,0.4025,0.1561,0.2100,0.2333,0.1171,0.1233,0.0429,0.3543,0.2825,0.2639,0.3515,0.3400,0.2971,0.3233,0.3443,0.2676,0.2756
ESFP_M_AB,0.2961,0.4346,0.4333,0.5593,0.2593,0.0857,0.4214,0.3569,0.1550,0.2054,0.2283,0.1086,0.1260,0.0600,0.3438,0.2725,0.2633,0.3331,0.3183,0.2621,0.3293,0.3957,0.2429,0.2512,0.3078,0.4708,0.4600,0.5943,0.2887,0.0857,0.4305,0.3712,0.1578,0.2154,0.2350,0.1157,0.1327,0.0486,0.3452,0.2756,0.2739,0.3646,0.3450,0.2921,0.3453,0.3571,0.2500,0.2613,0.3022,0.4669,0.4433,0.6193,0.2720,0.0857,0.4638,0.3981,0.1533,0.2077,0.2317,0.1121,0.1213,0.0414,0.3500,0.2775,0.2633,0.3431,0.3267,0.2850,0.3187,0.3443,0.2638,0.2706
ESFP_M_B,0.2944,0.4323,0.4250,0.5564,0.2587,0.0857,0.4181,0.3544,0.1556,0.2062,0.2283,0.1093,0.1280,0.0657,0.3443,0.2731,0.2644,0.3354,0.3117,0.2636,0.3340,0.4086,0.2438,0.2531,0.3106,0.4708,0.4517,0.5886,0.2920,0.0886,0.4267,0.3681,0.1589,0.2154,0.2350,0.1157,0.1327,0.0486,0.3452,0.2756,0.2783,0.3646,0.3383,0.2836,0.3507,0.3657,0.2476,0.2594,0.3017,0.4638,0.4367,0.6129,0.2713,0.0857,0.4614,0.3963,0.1522,0.2062,0.2300,0.1114,0.1207,0.0414,0.3467,0.2750,0.2633,0.3438,0.3200,0.2850,0.3193,0.3457,0.2638,0.2713
ESFP_M_O,0.3033,0.4477,0.4350,0.5714,0.2800,0.1214,0.4267,0.3681,0.1572,0.2108,0.2283,0.1121,0.1353,0.0771,0.3443,0.2756,0.2711,0.3492,0.3183,0.2757,0.3553,0.4486,0.2476,0.2619,0.3228,0.4885,0.4617,0.6000,0.3093,0.0929,0.4333,0.3806,0.1628,0.2200,0.2417,0.1179,0.1387,0.0557,0.3462,0.2775,0.2883,0.3869,0.3450,0.3029,0.3747,0.3914,0.2533,0.2706,0.3089,0.4777,0.4467,0.6279,0.2820,0.0886,0.4710,0.4081,0.1556,0.2108,0.2300,0.1136,0.1267,0.0486,0.3476,0.2769,0.2728,0.3585,0.3300,0.2993,0.3340,0.3600,0.2743,0.2844
ESTJ_F_A,0.3117,0.4254,0.4283,0.5479,0.2520,0.0986,0.4348,0.3538,0.1550,0.1954,0.2250,0.0986,0.1140,0.0400,0.3367,0.2619,0.2689,0.3115,0.3117,0.2364,0.2940,0.3329,0.2457,0.2350,0.3083,0.4400,0.4417,0.5664,0.2633,0.0914,0.4343,0.3600,0.1561,0.2031,0.2317,0.1057,0.1207,0.0386,0.3386,0.2650,0.2672,0.3269,0.3250,0.2550,0.3060,0.3271,0.2467,0.2413,0.3067,0.4531,0.4367,0.6029,0.2607,0.0929,0.4671,0.3906,0.1506,0.1962,0.2250,0.1029,0.1133,0.0371,0.3362,0.2638,0.2689,0.3269,0.3217,0.2671,0.3027,0.3357,0.2676,0.2644
ESTJ_F_AB,0.3089,0.4231,0.4283,0.5457,0.2507,0.0971,0.4295,0.3525,0.1556,0.1969,0.2267,0.0993,0.1147,0.0400,0.3400,0.2644,0.2700,0.3131,0.3133,0.2400,0.2973,0.3400,0.2452,0.2400,0.3083,0.4408,0.4417,0.5636,0.2660,0.0914,0.4310,0.3594,0.1567,0.2069,0.2333,0.1107,0.1220,0.0386,0.3443,0.2694,0.2711,0.3315,0.3267,0.2579,0.3133,0.3357,0.2481,0.2469,0.3122,0.4585,0.4450,0.6043,0.2687,0.0957,0.4662,0.3944,0.1539,0.2023,0.2267,0.1057,0.1200,0.0443,0.3405,0.2681,0.2739,0.3323,0.3300,0.2721,0.3100,0.3443,0.2690,0.2700
ESTJ_F_B,0.3111,0.4246,0.4217,0.5457,0.2520,0.1000,0.4310,0.3531,0.1572,0.2008,0.2267,0.1007,0.1187,0.0414,0.3405,0.2656,0.2733,0.3115,0.3133,0.2357,0.2973,0.3414,0.2443,0.2381,0.3072,0.4354,0.4350,0.5557,0.2627,0.0929,0.4281,0.3575,0.1578,0.2054,0.2400,0.1064,0.1220,0.0400,0.3419,0.2681,0.2706,0.3262,0.3200,0.2521,0.3093,0.3357,0.2452,0.2444,0.3128,0.4592,0.4450,0.6043,0.2693,0.0971,0.4662,0.3950,0.1544,0.2023,0.2333,0.1057,0.1200,0.0443,0.3405,0.2681,0.2772,0.3346,0.3300,0.2700,0.3153,0.3514,0.2676,0.2700
ESTJ_F_O,0.3072,0.4185,0.4150,0.5400,0.2473,0.0971,0.4305,0.3513,0.1550,0.1954,0.2250,0.0986,0.1140,0.0400,0.3367,0.2619,0.2650,0.3054,0.3050,0.2307,0.2893,0.3314,0.2414,0.2325,0.3039,0.4300,0.4283,0.5521,0.2580,0.0900,0.4276,0.3556,0.1561,0.2031,0.2317,0.1057,0.1207,0.0386,0.3386,0.2650,0.2628,0.3192,0.3117,0.2450,0.3013,0.3257,0.2424,0.2388,0.3056,0.4500,0.4300,0.5964,0.2600,0.0929,0.4648,0.3888,0.1506,0.1962,0.2250,0.1029,0.1133,0.0371,0.3362,0.2638,0.2683,0.3246,0.3150,0.2629,0.3020,0.3357,0.2652,0.2625
ESTJ_M_A,0.3311,0.4423,0.4550,0.5686,0.2613,0.1071,0.4510,0.3600,0.1600,0.1992,0.2250,0.1029,0.1160,0.0429,0.3419,0.2638,0.2900,0.3315,0.3383,0.2614,0.3047,0.3429,0.2657,0.2431,0.3300,0.4708,0.4883,0.6071,0.2807,0.0986,0.4571,0.3731,0.1611,0.2069,0.2383,0.1100,0.1227,0.0414,0.3438,0.2669,0.2900,0.3600,0.3783,0.3000,0.3240,0.3343,0.2719,0.2563,0.3211,0.4700,0.4633,0.6279,0.2687,0.0971,0.4829,0.3981,0.1550,0.1977,0.2250,0.1029,0.1147,0.0400,0.3390,0.2638,0.2828,0.3454,0.3483,0.2957,0.3093,0.3343,0.2852,0.2731
ESTJ_M_AB,0.3256,0.4385,0.4483,0.5643,0.2593,0.1043,0.4457,0.3581,0.1606,0.1985,0.2267,0.0993,0.1160,0.0429,0.3429,0.2644,0.2844,0.3277,0.3317,0.2571,0.3027,0.3400,0.2590,0.2419,0.3228,0.4608,0.4750,0.5950,0.2747,0.0957,0.4490,0.3687,0.1594,0.2077,0.2333,0.1107,0.1227,0.0400,0.3457,0.2694,0.2839,0.3508,0.3650,0.2879,0.3187,0.3329,0.2638,0.2525,0.3189,0.4708,0.4567,0.6250,0.2713,0.0971,0.4795,0.3975,0.1544,0.1985,0.2267,0.1036,0.1147,0.0386,0.3410,0.2663,0.2822,0.3423,0.3483,0.2879,0.3107,0.3414,0.2795,0.2713
ESTJ_M_B,0.3272,0.4362,0.4350,0.5579,0.2593,0.1057,0.4448,0.3563,0.1606,0.1985,0.2267,0.0993,0.1160,0.0429,0.3429,0.2644,0.2850,0.3231,0.3250,0.2500,0.3013,0.3471,0.2581,0.2400,0.3233,0.4523,0.4617,0.5807,0.2707,0.0971,0.4452,0.3644,0.1600,0.2054,0.2333,0.1064,0.1220,0.0400,0.3433,0.2675,0.2833,0.3431,0.3450,0.2743,0.3167,0.3400,0.2605,0.2488,0.3233,0.4638,0.4517,0.6136,0.2693,0.1014,0.4776,0.3969,0.1561,0.2023,0.2267,0.1050,0.1187,0.0400,0.3414,0.2675,0.2828,0.3400,0.3350,0.2814,0.3107,0.3429,0.2786,0.2694
ESTJ_M_O,0.3322,0.4369,0.4350,0.5586,0.2587,0.1100,0.4510,0.3575,0.1617,0.1977,0.2250,0.0986,0.1160,0.0443,0.3410,0.2619,0.2928,0.3262,0.3267,0.2543,0.3027,0.3457,0.2662,0.2437,0.3300,0.4592,0.4683,0.5893,0.2740,0.1014,0.4543,0.3681,0.1617,0.2069,0.2383,0.1100,0.1227,0.0414,0.3438,0.2669,0.2917,0.3462,0.3533,0.2786,0.3180,0.3386,0.2686,0.2525,0.3278,0.4692,0.4533,0.6207,0.2713,0.1014,0.4886,0.4019,0.1556,0.1977,0.2250,0.1029,0.1147,0.0400,0.3390,0.2638,0.2883,0.3423,0.3383,0.2893,0.3087,0.3386,0.2905,0.2763
ESTP_F_A,0.3028,0.4454,0.4217,0.5593,0.2747,0.0900,0.4186,0.3638,0.1556,0.2062,0.2250,0.1057,0.1307,0.0600,0.3343,0.2675,0.2661,0.3377,0.3117,0.2550,0.3373,0.3929,0.2348,0.2519,0.3261,0.4862,0.4417,0.5836,0.3147,0.0957,0.4233,0.3763,0.1617,0.2177,0.2317,0.1129,0.1387,0.0514,0.3371,0.2713,0.2883,0.3800,0.3250,0.2807,0.3700,0.3657,0.2410,0.2631,0.3094,0.4769,0.4367,0.6143,0.2867,0.0914,0.4581,0.4006,0.1544,0.2069,0.2250,0.1079,0.1260,0.0443,0.3352,0.2681,0.2733,0.3531,0.3217,0.2807,0.3347,0.3514,0.2600,0.2763
ESTP_F_AB,0.3000,0.4408,0.4217,0.5557,0.2707,0.0900,0.4157,0.3613,0.1550,0.2038,0.2267,0.1043,0.1260,0.0543,0.3367,0.2688,0.2672,0.3346,0.3133,0.2557,0.3333,0.3886,0.2357,0.2537,0.3189,0.4769,0.4350,0.5764,0.3067,0.0943,0.4200,0.3725,0.1628,0.2215,0.2333,0.1179,0.1400,0.0514,0.3429,0.2756,0.2850,0.3708,0.3200,0.2743,0.3633,0.3657,0.2395,0.2625,0.3111,0.4754,0.4450,0.6129,0.2873,0.0929,0.4576,0.4019,0.1561,0.2092,0.2267,0.1093,0.1287,0.0500,0.3390,0.2713,0.2789,0.3569,0.3317,0.2850,0.3393,0.3600,0.2657,0.2831
ESTP_F_B,0.3000,0.4408,0.4217,0.5557,0.2707,0.0900,0.4157,0.3613,0.1561,0.2054,0.2267,0.1050,0.1287,0.0614,0.3371,0.2700,0.2689,0.3369,0.3133,0.2543,0.3400,0.4000,0.2348,0.2537,0.3200,0.4769,0.4350,0.5764,0.3067,0.0943,0.4200,0.3725,0.1633,0.2192,0.2400,0.1136,0.1393,0.0514,0.3405,0.2738,0.2861,0.3723,0.3200,0.2750,0.3660,0.3729,0.2400,0.2638,0.3117,0.4762,0.4450,0.6129,0.2880,0.0943,0.4576,0.4025,0.1567,0.2092,0.2333,0.1093,0.1287,0.0500,0.3390,0.2713,0.2783,0.3546,0.3300,0.2807,0.3407,0.3671,0.2605,0.2800
ESTP_F_O,0.3006,0.4392,0.4150,0.5514,0.2707,0.0900,0.4157,0.3613,0.1556,0.2062,0.2250,0.1057,0.1307,0.0600,0.3343,0.2675,0.2667,0.3377,0.3050,0.2529,0.3427,0.4100,0.2338,0.2519,0.3222,0.4792,0.4283,0.5736,0.3107,0.0957,0.4205,0.3738,0.1617,0.2177,0.2317,0.1129,0.1387,0.0514,0.3371,0.2713,0.2861,0.3746,0.3117,0.2736,0.3680,0.3714,0.2386,0.2613,0.3078,0.4731,0.4300,0.6079,0.2853,0.0900,0.4557,0.3981,0.1550,0.2077,0.2250,0.1086,0.1280,0.0500,0.3357,0.2688,0.2717,0.3485,0.3150,0.2757,0.3327,0.3571,0.2576,0.2744
ESTP_M_A,0.3072,0.4569,0.4550,0.5800,0.2793,0.0886,0.4262,0.3694,0.1561,0.2092,0.2250,0.1107,0.1333,0.0657,0.3371,0.2700,0.2733,0.3577,0.3383,0.2836,0.3527,0.4100,0.2467,0.2625,0.3344,0.5154,0.4883,0.6286,0.3293,0.0957,0.4414,0.3913,0.1628,0.2200,0.2383,0.1171,0.1393,0.0514,0.3395,0.2731,0.2989,0.4108,0.3717,0.3271,0.3887,0.3771,0.2600,0.2794,0.3133,0.4908,0.4633,0.6393,0.2920,0.0900,0.4681,0.4081,0.1539,0.2062,0.2250,0.1079,0.1253,0.0429,0.3352,0.2675,0.2778,0.3677,0.3483,0.3064,0.3420,0.3557,0.2705,0.2844
ESTP_M_AB,0.3022,0.4454,0.4417,0.5664,0.2713,0.0886,0.4205,0.3644,0.1544,0.2046,0.2267,0.1050,0.1280,0.0600,0.3371,0.2694,0.2672,0.3454,0.3250,0.2714,0.3420,0.4029,0.2405,0.2563,0.3239,0.4931,0.4683,0.6057,0.3127,0.0929,0.4324,0.3819,0.1606,0.2185,0.2333,0.1164,0.1367,0.0514,0.3424,0.2750,0.2867,0.3877,0.3517,0.3036,0.3700,0.3686,0.2505,0.2694,0.3094,0.4823,0.4500,0.6271,0.2873,0.0900,0.4629,0.4038,0.1533,0.2054,0.2267,0.1079,0.1247,0.0486,0.3386,0.2700,0.2733,0.3569,0.3417,0.2950,0.3340,0.3557,0.2648,0.2794
ESTP_M_B,0.3017,0.4454,0.4350,0.5664,0.2713,0.0886,0.4205,0.3644,0.1561,0.2054,0.2267,0.1057,0.1300,0.0657,0.3376,0.2700,0.2678,0.3462,0.3183,0.2707,0.3460,0.4143,0.2414,0.2575,0.3228,0.4900,0.4617,0.5993,0.3120,0.0929,0.4300,0.3800,0.1617,0.2192,0.2333,0.1136,0.1393,0.0514,0.3405,0.2738,0.2872,0.3831,0.3450,0.2936,0.3707,0.3743,0.2462,0.2663,0.3122,0.4800,0.4517,0.6236,0.2880,0.0914,0.4624,0.4050,0.1550,0.2062,0.2267,0.1079,0.1253,0.0500,0.3386,0.2706,0.2744,0.3600,0.3350,0.2950,0.3393,0.3614,0.2657,0.2806
ESTP_M_O,0.3100,0.4585,0.4350,0.5757,0.2913,0.1243,0.4267,0.3719,0.1578,0.2092,0.2250,0.1079,0.1373,0.0786,0.3357,0.2700,0.2800,0.3608,0.3267,0.2829,0.3680,0.4529,0.2495,0.2688,0.3350,0.5069,0.4617,0.6093,0.3280,0.0971,0.4343,0.3863,0.1656,0.2246,0.2383,0.1193,0.1453,0.0586,0.3405,0.2750,0.3039,0.4054,0.3533,0.3107,0.3953,0.3986,0.2562,0.2800,0.3172,0.4892,0.4533,0.6321,0.2940,0.0929,0.4710,0.4125,0.1550,0.2077,0.2250,0.1086,0.1280,0.0500,0.3357,0.2688,0.2828,0.3708,0.3383,0.3071,0.3487,0.3700,0.2767,0.2919
INFJ_F_A,0.3028,0.4331,0.4417,0.5614,0.2580,0.0886,0.4210,0.3644,0.1628,0.2108,0.2450,0.1107,0.1247,0.0443,0.3595,0.2869,0.2650,0.3254,0.3267,0.2600,0.3100,0.3471,0.2381,0.2531,0.3039,0.4469,0.4417,0.5736,0.2707,0.0857,0.4224,0.3688,0.1656,0.2215,0.2517,0.1221,0.1327,0.0443,0.3652,0.2919,0.2694,0.3400,0.3267,0.2700,0.3240,0.3471,0.2410,0.2581,0.3267,0.4838,0.4767,0.6293,0.2913,0.1000,0.4738,0.4200,0.1706,0.2246,0.2550,0.1243,0.1373,0.0529,0.3710,0.2988,0.2889,0.3608,0.3600,0.2979,0.3413,0.3771,0.2748,0.2944
INFJ_F_AB,0.3006,0.4331,0.4350,0.5614,0.2580,0.0871,0.4233,0.3656,0.1611,0.2092,0.2367,0.1100,0.1240,0.0443,0.3562,0.2844,0.2639,0.3254,0.3200,0.2600,0.3100,0.3457,0.2405,0.2544,0.3061,0.4508,0.4417,0.5750,0.2747,0.0857,0.4252,0.3713,0.1644,0.2177,0.2500,0.1171,0.1313,0.0443,0.3595,0.2875,0.2700,0.3431,0.3267,0.2707,0.3260,0.3414,0.2433,0.2600,0.3156,0.4762,0.4583,0.6214,0.2833,0.0943,0.4662,0.4094,0.1689,0.2215,0.2483,0.1229,0.1340,0.0529,0.3705,0.2981,0.2806,0.3531,0.3500,0.2936,0.3307,0.3600,0.2705,0.2869
INFJ_F_B,0.3000,0.4331,0.4350,0.5636,0.2573,0.0857,0.4233,0.3650,0.1606,0.2085,0.2367,0.1100,0.1233,0.0429,0.3562,0.2838,0.2589,0.3208,0.3183,0.2564,0.3013,0.3329,0.2371,0.2494,0.3056,0.4500,0.4417,0.5750,0.2740,0.0843,0.4252,0.3706,0.1644,0.2200,0.2500,0.1214,0.1320,0.0443,0.3619,0.2894,0.2667,0.3423,0.3250,0.2714,0.3220,0.3329,0.2410,0.2556,0.3133,0.4723,0.4583,0.6221,0.2787,0.0914,0.4657,0.4075,0.1678,0.2200,0.2483,0.1221,0.1313,0.0457,0.3700,0.2969,0.2778,0.3485,0.3433,0.2914,0.3247,0.3529,0.2695,0.2850
INFJ_F_O,0.2978,0.4246,0.4283,0.5586,0.2493,0.0843,0.4200,0.3613,0.1628,0.2138,0.2400,0.1157,0.1253,0.0429,0.3652,0.2906,0.2567,0.3154,0.3117,0.2529,0.2967,0.3314,0.2343,0.2463,0.3006,0.4415,0.4283,0.5700,0.2660,0.0829,0.4219,0.3669,0.1661,0.2223,0.2533,0.1229,0.1327,0.0429,0.3686,0.2938,0.2622,0.3331,0.3183,0.2664,0.3133,0.3300,0.2376,0.2513,0.3128,0.4700,0.4517,0.6229,0.2753,0.0914,0.4652,0.4069,0.1678,0.2223,0.2483,0.1264,0.1320,0.0457,0.3724,0.2988,0.2767,0.3446,0.3383,0.2886,0.3207,0.3514,0.2700,0.2844
INFJ_M_A,0.2933,0.4231,0.4267,0.5557,0.2493,0.0843,0.4190,0.3606,0.1594,0.2085,0.2367,0.1100,0.1233,0.0429,0.3562,0.2838,0.2539,0.3146,0.3167,0.2521,0.2967,0.3314,0.2333,0.2456,0.2978,0.4408,0.4333,0.5693,0.2660,0.0829,0.4210,0.3662,0.1628,0.2192,0.2500,0.1214,0.1313,0.0429,0.3619,0.2888,0.2583,0.3315,0.3233,0.2636,0.3133,0.3300,0.2367,0.2506,0.3067,0.4623,0.4500,0.6143,0.2707,0.0900,0.4614,0.4031,0.1656,0.2169,0.2483,0.1207,0.1280,0.0457,0.3695,0.2962,0.2733,0.3431,0.3433,0.2879,0.3200,0.3500,0.2690,0.2831
INFJ_M_AB,0.2928,0.4285,0.4317,0.5607,0.2520,0.0829,0.4200,0.3600,0.1583,0.2069,0.2350,0.1093,0.1227,0.0429,0.3529,0.2813,0.2544,0.3192,0.3167,0.2564,0.3020,0.3357,0.2367,0.2481,0.2994,0.4515,0.4450,0.5800,0.2727,0.0814,0.4248,0.3681,0.1617,0.2154,0.2483,0.1164,0.1300,0.0429,0.3562,0.2844,0.2639,0.3431,0.3300,0.2750,0.3220,0.3314,0.2424,0.2563,0.3050,0.4669,0.4483,0.6193,0.2727,0.0871,0.4624,0.4019,0.1611,0.2154,0.2383,0.1193,0.1260,0.0443,0.3643,0.2906,0.2678,0.3415,0.3400,0.2879,0.3160,0.3414,0.2657,0.2781
INFJ_M_B,0.2928,0.4308,0.4317,0.5650,0.2527,0.0829,0.4224,0.3619,0.1589,0.2077,0.2367,0.1093,0.1213,0.0371,0.3557,0.2831,0.2533,0.3177,0.3167,0.2550,0.2980,0.3243,0.2357,0.2469,0.3000,0.4523,0.4517,0.5821,0.2727,0.0814,0.4248,0.3681,0.1617,0.2185,0.2433,0.1207,0.1293,0.0371,0.3614,0.2881,0.2633,0.3423,0.3367,0.2764,0.3193,0.3243,0.2419,0.2550,0.3033,0.4654,0.4483,0.6221,0.2693,0.0857,0.4643,0.4025,0.1617,0.2162,0.2400,0.1200,0.1260,0.0429,0.3676,0.2925,0.2672,0.3408,0.3400,0.2871,0.3140,0.3357,0.2652,0.2775
INFJ_M_O,0.2950,0.4277,0.4283,0.5650,0.2500,0.0829,0.4248,0.3644,0.1611,0.2131,0.2400,0.1150,0.1233,0.0371,0.3648,0.2900,0.2528,0.3169,0.3117,0.2586,0.2947,0.3229,0.2386,0.2481,0.2983,0.4415,0.4350,0.5750,0.2633,0.0814,0.4262,0.3694,0.1644,0.2238,0.2533,0.1264,0.1313,0.0371,0.3705,0.2950,0.2583,0.3315,0.3183,0.2686,0.3087,0.3229,0.2414,0.2531,0.3072,0.4669,0.4467,0.6271,0.2687,0.0871,0.4724,0.4100,0.1650,0.2185,0.2483,0.1250,0.1280,0.0443,0.3719,0.2975,0.2706,0.3423,0.3317,0.2929,0.3147,0.3414,0.2738,0.2850
INFP_F_A,0.3122,0.4431,0.4650,0.5700,0.2660,0.0957,0.4329,0.3669,0.1628,0.2092,0.2417,0.1093,0.1247,0.0471,0.3557,0.2819,0.2750,0.3354,0.3500,0.2664,0.3187,0.3557,0.2500,0.2563,0.3144,0.4654,0.4850,0.5964,0.2827,0.0914,0.4381,0.3756,0.1639,0.2192,0.2483,0.1207,0.1320,0.0457,0.3600,0.2869,0.2789,0.3562,0.3700,0.2886,0.3353,0.3529,0.2543,0.2631,0.3294,0.4862,0.4983,0.6314,0.2940,0.1057,0.4767,0.4181,0.1683,0.2208,0.2533,0.1221,0.1340,0.0543,0.3686,0.2956,0.2928,0.3669,0.3817,0.3036,0.3473,0.3814,0.2805,0.2944
INFP_F_AB,0.3072,0.4385,0.4517,0.5664,0.2620,0.0943,0.4324,0.3656,0.1606,0.2069,0.2333,0.1086,0.1233,0.0457,0.3524,0.2788,0.2694,0.3262,0.3433,0.2607,0.3087,0.3471,0.2486,0.2531,0.3089,0.4569,0.4783,0.5893,0.2753,0.0900,0.4371,0.3738,0.1611,0.2115,0.2467,0.1143,0.1267,0.0443,0.3538,0.2813,0.2744,0.3515,0.3633,0.2864,0.3293,0.3443,0.2557,0.2625,0.3161,0.4762,0.4817,0.6250,0.2820,0.0971,0.4719,0.4081,0.1661,0.2185,0.2450,0.1214,0.1327,0.0529,0.3652,0.2925,0.2828,0.3562,0.3667,0.2964,0.3333,0.3643,0.2767,0.2869
INFP_F_B,0.3028,0.4323,0.4567,0.5643,0.2567,0.0914,0.4271,0.3619,0.1594,0.2069,0.2333,0.1086,0.1233,0.0457,0.3524,0.2788,0.2639,0.3246,0.3417,0.2593,0.3047,0.3386,0.2462,0.2488,0.3061,0.4562,0.4833,0.5929,0.2740,0.0871,0.4348,0.3725,0.1600,0.2138,0.2467,0.1186,0.1273,0.0443,0.3562,0.2831,0.2672,0.3469,0.3683,0.2857,0.3213,0.3343,0.2514,0.2575,0.3156,0.4777,0.4817,0.6293,0.2820,0.0957,0.4743,0.4094,0.1644,0.2162,0.2467,0.1200,0.1280,0.0471,0.3676,0.2937,0.2783,0.3508,0.3667,0.2943,0.3267,0.3557,0.2757,0.2844
INFP_F_O,0.3011,0.4346,0.4567,0.5657,0.2593,0.0900,0.4262,0.3625,0.1583,0.2100,0.2350,0.1136,0.1240,0.0443,0.3567,0.2831,0.2600,0.3231,0.3417,0.2593,0.3033,0.3357,0.2433,0.2488,0.3050,0.4592,0.4833,0.5964,0.2767,0.0857,0.4338,0.3731,0.1611,0.2154,0.2483,0.1193,0.1280,0.0443,0.3595,0.2856,0.2661,0.3515,0.3683,0.2914,0.3247,0.3329,0.2529,0.2600,0.3133,0.4769,0.4817,0.6293,0.2813,0.0943,0.4729,0.4094,0.1656,0.2200,0.2483,0.1250,0.1293,0.0471,0.3733,0.2981,0.2761,0.3523,0.3667,0.2986,0.3267,0.3543,0.2767,0.2863
INFP_M_A,0.3200,0.4577,0.4917,0.5979,0.2700,0.0971,0.4490,0.3750,0.1644,0.2123,0.2467,0.1171,0.1253,0.0471,0.3586,0.2825,0.2811,0.3485,0.3750,0.2921,0.3173,0.3443,0.2648,0.2594,0.3294,0.4977,0.5517,0.6507,0.2960,0.0929,0.4648,0.3925,0.1667,0.2223,0.2600,0.1286,0.1327,0.0457,0.3629,0.2875,0.2906,0.3885,0.4350,0.3450,0.3433,0.3400,0.2805,0.2769,0.3261,0.4962,0.5150,0.6607,0.2893,0.0971,0.4895,0.4188,0.1700,0.2223,0.2533,0.1257,0.1327,0.0486,0.3719,0.2963,0.2917,0.3754,0.4000,0.3314,0.3387,0.3586,0.2938,0.2969
INFP_M_AB,0.3133,0.4515,0.4883,0.5929,0.2640,0.0943,0.4433,0.3681,0.1628,0.2092,0.2467,0.1121,0.1227,0.0414,0.3557,0.2800,0.2767,0.3415,0.3733,0.2871,0.3107,0.3371,0.2605,0.2550,0.3222,0.4915,0.5417,0.6457,0.2900,0.0900,0.4590,0.3856,0.1650,0.2215,0.2600,0.1279,0.1307,0.0400,0.3624,0.2869,0.2861,0.3815,0.4333,0.3400,0.3367,0.3329,0.2762,0.2725,0.3200,0.4915,0.5067,0.6564,0.2840,0.0943,0.4871,0.4144,0.1633,0.2169,0.2500,0.1229,0.1267,0.0457,0.3662,0.2894,0.2844,0.3692,0.3917,0.3264,0.3307,0.3486,0.2910,0.2913
INFP_M_B,0.3122,0.4585,0.4950,0.6050,0.2673,0.0914,0.4471,0.3719,0.1622,0.2108,0.2467,0.1164,0.1227,0.0400,0.3581,0.2813,0.2750,0.3462,0.3800,0.2950,0.3133,0.3343,0.2605,0.2575,0.3228,0.5008,0.5617,0.6621,0.2940,0.0871,0.4652,0.3913,0.1650,0.2231,0.2667,0.1321,0.1307,0.0386,0.3648,0.2881,0.2867,0.3923,0.4467,0.3586,0.3413,0.3314,0.2824,0.2788,0.3183,0.4946,0.5117,0.6664,0.2840,0.0929,0.4886,0.4150,0.1617,0.2185,0.2500,0.1271,0.1267,0.0443,0.3671,0.2912,0.2806,0.3685,0.3967,0.3314,0.3273,0.3400,0.2881,0.2894
INFP_M_O,0.3172,0.4685,0.5183,0.6207,0.2733,0.0914,0.4562,0.3819,0.1628,0.2146,0.2550,0.1214,0.1240,0.0400,0.3624,0.2863,0.2767,0.3585,0.4017,0.3143,0.3187,0.3329,0.2700,0.2663,0.3267,0.5108,0.5783,0.6779,0.3000,0.0871,0.4743,0.4013,0.1650,0.2246,0.2683,0.1329,0.1313,0.0386,0.3667,0.2913,0.2878,0.4015,0.4617,0.3714,0.3460,0.3300,0.2895,0.2856,0.3250,0.5015,0.5367,0.6743,0.2893,0.0929,0.4962,0.4238,0.1683,0.2292,0.2617,0.1393,0.1340,0.0457,0.3810,0.3038,0.2900,0.3869,0.4217,0.3571,0.3387,0.3486,0.3071,0.3069
INTJ_F_A,0.2906,0.4108,0.4033,0.5414,0.2367,0.0829,0.4186,0.3481,0.1606,0.2077,0.2367,0.1121,0.1193,0.0386,0.3605,0.2837,0.2522,0.3000,0.2950,0.2371,0.2807,0.3186,0.2338,0.2344,0.2900,0.4238,0.4100,0.5536,0.2487,0.0786,0.4186,0.3525,0.1606,0.2123,0.2433,0.1179,0.1227,0.0371,0.3619,0.2862,0.2528,0.3131,0.2950,0.2471,0.2933,0.3157,0.2352,0.2388,0.2961,0.4431,0.4133,0.6014,0.2493,0.0829,0.4610,0.3894,0.1606,0.2123,0.2400,0.1179,0.1207,0.0371,0.3681,0.2906,0.2567,0.3169,0.3033,0.2664,0.2880,0.3186,0.2590,0.2594
INTJ_F_AB,0.2883,0.4138,0.4083,0.5464,0.2393,0.0814,0.4167,0.3481,0.1583,0.2069,0.2367,0.1121,0.1187,0.0371,0.3590,0.2837,0.2506,0.3054,0.2950,0.2414,0.2867,0.3243,0.2357,0.2381,0.2889,0.4269,0.4150,0.5564,0.2520,0.0786,0.4167,0.3531,0.1611,0.2154,0.2433,0.1193,0.1260,0.0371,0.3624,0.2869,0.2528,0.3185,0.3017,0.2529,0.2973,0.3157,0.2367,0.2419,0.2950,0.4454,0.4200,0.6029,0.2520,0.0814,0.4600,0.3900,0.1589,0.2115,0.2400,0.1179,0.1200,0.0357,0.3667,0.2906,0.2550,0.3215,0.3033,0.2700,0.2920,0.3186,0.2605,0.2625
INTJ_F_B,0.2872,0.4154,0.4100,0.5493,0.2393,0.0800,0.4186,0.3506,0.1583,0.2069,0.2367,0.1121,0.1187,0.0371,0.3590,0.2837,0.2472,0.3008,0.2950,0.2414,0.2800,0.3157,0.2333,0.2363,0.2878,0.4254,0.4167,0.5579,0.2487,0.0771,0.4195,0.3544,0.1583,0.2115,0.2433,0.1179,0.1220,0.0357,0.3605,0.2862,0.2506,0.3154,0.3017,0.2536,0.2933,0.3143,0.2362,0.2406,0.2933,0.4477,0.4200,0.6093,0.2520,0.0800,0.4610,0.3919,0.1583,0.2138,0.2400,0.1221,0.1207,0.0357,0.3690,0.2925,0.2550,0.3177,0.3050,0.2714,0.2887,0.3171,0.2605,0.2644
INTJ_F_O,0.2906,0.4146,0.4067,0.5514,0.2380,0.0814,0.4233,0.3556,0.1606,0.2085,0.2383,0.1129,0.1193,0.0371,0.3624,0.2862,0.2494,0.3031,0.2967,0.2443,0.2807,0.3157,0.2367,0.2388,0.2917,0.4254,0.4133,0.5571,0.2500,0.0786,0.4224,0.3581,0.1606,0.2131,0.2450,0.1186,0.1227,0.0357,0.3638,0.2887,0.2522,0.3154,0.2967,0.2521,0.2933,0.3143,0.2371,0.2413,0.2939,0.4446,0.4150,0.6064,0.2487,0.0800,0.4614,0.3919,0.1594,0.2138,0.2400,0.1221,0.1207,0.0357,0.3690,0.2925,0.2572,0.3200,0.3067,0.2743,0.2893,0.3171,0.2638,0.2669
INTJ_M_A,0.2956,0.4162,0.4083,0.5443,0.2420,0.0871,0.4224,0.3481,0.1600,0.2062,0.2350,0.1114,0.1187,0.0386,0.3571,0.2812,0.2561,0.3015,0.2933,0.2364,0.2827,0.3229,0.2371,0.2338,0.2939,0.4254,0.4150,0.5529,0.2507,0.0829,0.4219,0.3519,0.1617,0.2115,0.2417,0.1171,0.1227,0.0386,0.3600,0.2837,0.2556,0.3146,0.3000,0.2486,0.2947,0.3186,0.2371,0.2381,0.2972,0.4446,0.4183,0.6000,0.2527,0.0843,0.4595,0.3875,0.1611,0.2123,0.2400,0.1179,0.1207,0.0371,0.3681,0.2906,0.2567,0.3169,0.3017,0.2657,0.2887,0.3200,0.2595,0.2588
INTJ_M_AB,0.2917,0.4169,0.4150,0.5486,0.2413,0.0843,0.4219,0.3500,0.1594,0.2062,0.2350,0.1114,0.1187,0.0386,0.3571,0.2812,0.2544,0.3069,0.3067,0.2429,0.2880,0.3271,0.2376,0.2375,0.2950,0.4369,0.4283,0.5686,0.2580,0.0814,0.4248,0.3575,0.1606,0.2138,0.2417,0.1186,0.1253,0.0371,0.3590,0.2844,0.2572,0.3262,0.3200,0.2621,0.3027,0.3186,0.2414,0.2438,0.2956,0.4462,0.4250,0.6043,0.2527,0.0829,0.4605,0.3894,0.1606,0.2123,0.2400,0.1179,0.1207,0.0371,0.3681,0.2906,0.2567,0.3223,0.3150,0.2714,0.2927,0.3200,0.2610,0.2619
INTJ_M_B,0.2900,0.4192,0.4217,0.5550,0.2413,0.0829,0.4229,0.3519,0.1583,0.2069,0.2367,0.1121,0.1187,0.0371,0.3590,0.2837,0.2511,0.3077,0.3067,0.2486,0.2853,0.3186,0.2381,0.2381,0.2906,0.4354,0.4350,0.5736,0.2540,0.0786,0.4252,0.3581,0.1606,0.2123,0.2433,0.1179,0.1227,0.0371,0.3619,0.2862,0.2539,0.3246,0.3200,0.2671,0.2987,0.3157,0.2419,0.2444,0.2950,0.4500,0.4333,0.6114,0.2533,0.0814,0.4648,0.3938,0.1606,0.2146,0.2400,0.1221,0.1213,0.0371,0.3705,0.2925,0.2578,0.3254,0.3183,0.2793,0.2940,0.3186,0.2671,0.2688
INTJ_M_O,0.2961,0.4208,0.4133,0.5550,0.2433,0.0843,0.4290,0.3581,0.1617,0.2092,0.2383,0.1129,0.1200,0.0386,0.3638,0.2862,0.2578,0.3069,0.2983,0.2471,0.2847,0.3214,0.2452,0.2438,0.2967,0.4315,0.4200,0.5657,0.2527,0.0814,0.4300,0.3619,0.1633,0.2192,0.2517,0.1243,0.1273,0.0371,0.3681,0.2913,0.2578,0.3200,0.3050,0.2593,0.2967,0.3171,0.2452,0.2481,0.3028,0.4569,0.4250,0.6200,0.2573,0.0843,0.4771,0.4038,0.1633,0.2169,0.2417,0.1271,0.1233,0.0386,0.3748,0.2975,0.2644,0.3269,0.3100,0.2821,0.2940,0.3214,0.2767,0.2763
INTP_F_A,0.3278,0.4592,0.4667,0.5764,0.2840,0.1043,0.4367,0.3756,0.1617,0.2092,0.2350,0.1050,0.1280,0.0471,0.3424,0.2713,0.2883,0.3515,0.3500,0.2743,0.3347,0.3614,0.2519,0.2613,0.3433,0.5000,0.4867,0.6100,0.3200,0.1057,0.4443,0.3900,0.1656,0.2208,0.2417,0.1136,0.1387,0.0471,0.3448,0.2756,0.3044,0.3900,0.3700,0.3014,0.3707,0.3643,0.2586,0.2738,0.3428,0.5046,0.4983,0.6386,0.3133,0.1114,0.4790,0.4238,0.1656,0.2162,0.2433,0.1121,0.1360,0.0557,0.3462,0.2788,0.3072,0.3869,0.3817,0.3129,0.3673,0.3886,0.2829,0.3006
INTP_F_AB,0.3206,0.4538,0.4583,0.5721,0.2780,0.1000,0.4343,0.3706,0.1583,0.2046,0.2333,0.1029,0.1240,0.0471,0.3386,0.2681,0.2828,0.3462,0.3433,0.2700,0.3287,0.3543,0.2510,0.2594,0.3339,0.4908,0.4783,0.6043,0.3100,0.1000,0.4414,0.3838,0.1617,0.2154,0.2400,0.1114,0.1340,0.0457,0.3410,0.2719,0.2983,0.3831,0.3700,0.3000,0.3613,0.3557,0.2595,0.2725,0.3344,0.4954,0.4900,0.6329,0.3033,0.1057,0.4762,0.4175,0.1611,0.2108,0.2350,0.1100,0.1313,0.0543,0.3424,0.2750,0.3000,0.3769,0.3750,0.3071,0.3567,0.3786,0.2814,0.2969
INTP_F_B,0.3183,0.4523,0.4583,0.5721,0.2767,0.0971,0.4329,0.3700,0.1572,0.2038,0.2267,0.1029,0.1233,0.0457,0.3386,0.2675,0.2772,0.3431,0.3417,0.2664,0.3240,0.3443,0.2471,0.2550,0.3328,0.4915,0.4850,0.6064,0.3100,0.0986,0.4424,0.3856,0.1628,0.2154,0.2400,0.1114,0.1340,0.0457,0.3410,0.2719,0.2939,0.3808,0.3683,0.2986,0.3567,0.3457,0.2557,0.2681,0.3294,0.4938,0.4817,0.6350,0.2987,0.1029,0.4762,0.4150,0.1572,0.2092,0.2333,0.1086,0.1273,0.0457,0.3400,0.2706,0.2933,0.3700,0.3667,0.3014,0.3467,0.3629,0.2781,0.2906
INTP_F_O,0.3189,0.4562,0.4583,0.5736,0.2807,0.0986,0.4319,0.3719,0.1578,0.2069,0.2267,0.1043,0.1267,0.0457,0.3376,0.2688,0.2772,0.3462,0.3417,0.2679,0.3273,0.3443,0.2462,0.2563,0.3383,0.5023,0.4850,0.6129,0.3207,0.1000,0.4424,0.3888,0.1644,0.2192,0.2400,0.1129,0.1380,0.0471,0.3414,0.2731,0.2983,0.3931,0.3683,0.3071,0.3680,0.3471,0.2581,0.2731,0.3300,0.4969,0.4817,0.6364,0.3020,0.1029,0.4752,0.4163,0.1589,0.2100,0.2333,0.1086,0.1280,0.0471,0.3400,0.2713,0.2939,0.3754,0.3667,0.3071,0.3507,0.3629,0.2795,0.2938
INTP_M_A,0.3344,0.4762,0.4917,0.6050,0.2893,0.1029,0.4514,0.3806,0.1622,0.2100,0.2400,0.1086,0.1280,0.0471,0.3429,0.2700,0.2917,0.3631,0.3750,0.2979,0.3327,0.3486,0.2652,0.2644,0.3528,0.5308,0.5517,0.6636,0.3307,0.1029,0.4676,0.4031,0.1683,0.2262,0.2533,0.1257,0.1400,0.0471,0.3500,0.2781,0.3144,0.4215,0.4350,0.3579,0.3780,0.3500,0.2833,0.2875,0.3406,0.5154,0.5150,0.6679,0.3093,0.1043,0.4919,0.4250,0.1606,0.2123,0.2400,0.1129,0.1287,0.0471,0.3438,0.2725,0.3039,0.3908,0.4000,0.3371,0.3547,0.3643,0.2957,0.3019
INTP_M_AB,0.3256,0.4700,0.4883,0.6021,0.2827,0.0986,0.4443,0.3738,0.1606,0.2062,0.2400,0.1064,0.1227,0.0414,0.3419,0.2688,0.2883,0.3592,0.3750,0.2964,0.3287,0.3471,0.2648,0.2631,0.3444,0.5208,0.5483,0.6571,0.3207,0.0986,0.4614,0.3950,0.1650,0.2223,0.2533,0.1236,0.1347,0.0414,0.3490,0.2769,0.3083,0.4138,0.4350,0.3550,0.3700,0.3471,0.2824,0.2850,0.3328,0.5077,0.5067,0.6643,0.3000,0.1000,0.4890,0.4194,0.1589,0.2115,0.2400,0.1129,0.1280,0.0457,0.3424,0.2725,0.2972,0.3862,0.3983,0.3343,0.3473,0.3557,0.2929,0.2969
INTP_M_B,0.3261,0.4746,0.4950,0.6107,0.2840,0.0986,0.4490,0.3775,0.1589,0.2077,0.2400,0.1107,0.1227,0.0400,0.3429,0.2706,0.2867,0.3615,0.3800,0.3007,0.3293,0.3400,0.2624,0.2625,0.3483,0.5354,0.5617,0.6771,0.3293,0.0986,0.4695,0.4019,0.1672,0.2254,0.2600,0.1250,0.1380,0.0414,0.3495,0.2775,0.3106,0.4254,0.4467,0.3714,0.3760,0.3414,0.2852,0.2894,0.3300,0.5092,0.5117,0.6721,0.2993,0.0971,0.4890,0.4200,0.1583,0.2108,0.2400,0.1129,0.1273,0.0443,0.3424,0.2719,0.2944,0.3862,0.3983,0.3379,0.3447,0.3471,0.2933,0.2975
INTP_M_O,0.3378,0.4923,0.5183,0.6293,0.2980,0.1014,0.4590,0.3900,0.1617,0.2108,0.2467,0.1121,0.1260,0.0400,0.3433,0.2713,0.2956,0.3815,0.4017,0.3229,0.3427,0.3414,0.2729,0.2738,0.3644,0.5600,0.5783,0.6964,0.3513,0.1043,0.4805,0.4169,0.1700,0.2308,0.2667,0.1307,0.1420,0.0414,0.3510,0.2806,0.3239,0.4500,0.4617,0.3900,0.3967,0.3457,0.2957,0.3006,0.3461,0.5285,0.5367,0.6843,0.3173,0.1029,0.4995,0.4325,0.1617,0.2169,0.2467,0.1186,0.1320,0.0457,0.3452,0.2750,0.3089,0.4100,0.4217,0.3657,0.3627,0.3571,0.3100,0.3144
ISFJ_F_A,0.3178,0.4446,0.4667,0.5707,0.2687,0.1000,0.4362,0.3706,0.1567,0.2023,0.2350,0.1021,0.1207,0.0457,0.3414,0.2694,0.2783,0.3369,0.3500,0.2686,0.3193,0.3571,0.2514,0.2563,0.3222,0.4700,0.4867,0.5986,0.2887,0.0957,0.4419,0.3800,0.1583,0.2100,0.2417,0.1093,0.1273,0.0443,0.3433,0.2725,0.2844,0.3608,0.3700,0.2900,0.3400,0.3557,0.2562,0.2644,0.3328,0.4900,0.4983,0.6329,0.2980,0.1071,0.4786,0.4188,0.1617,0.2115,0.2433,0.1107,0.1313,0.0529,0.3457,0.2769,0.2972,0.3723,0.3817,0.3071,0.3520,0.3843,0.2824,0.2956
ISFJ_F_AB,0.3139,0.4431,0.4583,0.5679,0.2667,0.0971,0.4343,0.3669,0.1556,0.2008,0.2333,0.1014,0.1200,0.0457,0.3381,0.2669,0.2772,0.3354,0.3433,0.2657,0.3173,0.3514,0.2510,0.2556,0.3189,0.4692,0.4783,0.5957,0.2873,0.0943,0.4400,0.3769,0.1583,0.2085,0.2400,0.1086,0.1267,0.0443,0.3400,0.2700,0.2844,0.3615,0.3700,0.2914,0.3387,0.3500,0.2581,0.2656,0.3278,0.4854,0.4900,0.6286,0.2927,0.1043,0.4762,0.4144,0.1583,0.2069,0.2350,0.1086,0.1273,0.0529,0.3419,0.2738,0.2939,0.3662,0.3750,0.3029,0.3453,0.3757,0.2814,0.2931
ISFJ_F_B,0.3133,0.4423,0.4583,0.5679,0.2660,0.0957,0.4343,0.3663,0.1544,0.2000,0.2267,0.1014,0.1193,0.0443,0.3381,0.2663,0.2728,0.3331,0.3417,0.2621,0.3133,0.3429,0.2486,0.2513,0.3194,0.4700,0.4850,0.5979,0.2873,0.0929,0.4424,0.3781,0.1572,0.2085,0.2400,0.1086,0.1267,0.0443,0.3400,0.2700,0.2800,0.3600,0.3683,0.2900,0.3347,0.3414,0.2557,0.2613,0.3228,0.4831,0.4817,0.6307,0.2873,0.1000,0.4762,0.4113,0.1550,0.2054,0.2333,0.1071,0.1233,0.0443,0.3395,0.2694,0.2867,0.3592,0.3667,0.2971,0.3353,0.3600,0.2781,0.2869
ISFJ_F_O,0.3161,0.4408,0.4583,0.5664,0.2640,0.0986,0.4367,0.3656,0.1567,0.2008,0.2267,0.1014,0.1200,0.0457,0.3395,0.2663,0.2744,0.3308,0.3417,0.2607,0.3107,0.3443,0.2510,0.2500,0.3183,0.4677,0.4850,0.5986,0.2840,0.0929,0.4433,0.3769,0.1583,0.2085,0.2400,0.1086,0.1267,0.0443,0.3414,0.2694,0.2794,0.3585,0.3683,0.2929,0.3313,0.3400,0.2590,0.2613,0.3222,0.4800,0.4817,0.6293,0.2840,0.1000,0.4771,0.4100,0.1567,0.2062,0.2333,0.1071,0.1240,0.0457,0.3410,0.2694,0.2867,0.3585,0.3667,0.3000,0.3327,0.3600,0.2814,0.2875
ISFJ_M_A,0.3267,0.4623,0.4917,0.5993,0.2747,0.1000,0.4524,0.3756,0.1583,0.2031,0.2400,0.1057,0.1207,0.0457,0.3419,0.2681,0.2856,0.3500,0.3750,0.2921,0.3187,0.3471,0.2662,0.2600,0.3356,0.5023,0.5517,0.6521,0.3007,0.0957,0.4667,0.3938,0.1606,0.2154,0.2533,0.1214,0.1287,0.0443,0.3486,0.2750,0.2956,0.3931,0.4350,0.3464,0.3480,0.3429,0.2824,0.2781,0.3311,0.5008,0.5150,0.6621,0.2940,0.1000,0.4914,0.4200,0.1578,0.2085,0.2400,0.1114,0.1247,0.0457,0.3433,0.2713,0.2950,0.3762,0.4000,0.3314,0.3393,0.3600,0.2952,0.2969
ISFJ_M_AB,0.3206,0.4600,0.4883,0.5979,0.2720,0.0971,0.4457,0.3700,0.1578,0.2023,0.2400,0.1050,0.1187,0.0400,0.3414,0.2675,0.2861,0.3523,0.3750,0.2936,0.3213,0.3457,0.2667,0.2600,0.3311,0.5023,0.5483,0.6500,0.3013,0.0929,0.4605,0.3888,0.1611,0.2177,0.2533,0.1221,0.1300,0.0386,0.3486,0.2750,0.2961,0.3954,0.4350,0.3479,0.3507,0.3414,0.2814,0.2788,0.3272,0.5000,0.5067,0.6614,0.2920,0.0971,0.4895,0.4163,0.1578,0.2085,0.2400,0.1114,0.1247,0.0457,0.3433,0.2713,0.2917,0.3754,0.3983,0.3300,0.3360,0.3529,0.2929,0.2931
ISFJ_M_B,0.3239,0.4654,0.4950,0.6064,0.2740,0.0986,0.4519,0.3737,0.1594,0.2077,0.2400,0.1107,0.1227,0.0400,0.3443,0.2700,0.2844,0.3523,0.3800,0.2964,0.3193,0.3400,0.2652,0.2588,0.3361,0.5146,0.5617,0.6686,0.3073,0.0943,0.4695,0.3950,0.1622,0.2177,0.2600,0.1221,0.1300,0.0386,0.3486,0.2750,0.2994,0.4046,0.4467,0.3629,0.3540,0.3371,0.2867,0.2819,0.3256,0.4992,0.5117,0.6679,0.2887,0.0957,0.4905,0.4162,0.1578,0.2077,0.2400,0.1114,0.1240,0.0443,0.3433,0.2706,0.2900,0.3762,0.3983,0.3336,0.3340,0.3457,0.2948,0.2938
ISFJ_M_O,0.3400,0.4762,0.5183,0.6207,0.2800,0.1057,0.4690,0.3825,0.1644,0.2092,0.2467,0.1107,0.1240,0.0429,0.3471,0.2700,0.2994,0.3654,0.4017,0.3143,0.3247,0.3457,0.2829,0.2663,0.3483,0.5208,0.5783,0.6793,0.3093,0.1000,0.4848,0.4031,0.1650,0.2208,0.2667,0.1264,0.1313,0.0400,0.3524,0.2769,0.3078,0.4108,0.4617,0.3729,0.3547,0.3414,0.3000,0.2869,0.3406,0.5092,0.5367,0.6757,0.2967,0.1014,0.5038,0.4250,0.1606,0.2108,0.2467,0.1157,0.1253,0.0457,0.3471,0.2725,0.3056,0.3946,0.4217,0.3586,0.3460,0.3571,0.3148,0.3081
ISFP_F_A,0.2850,0.4262,0.4267,0.5536,0.2527,0.0800,0.4143,0.3538,0.1567,0.2085,0.2333,0.1136,0.1247,0.0486,0.3524,0.2812,0.2517,0.3215,0.3117,0.2529,0.3133,0.3629,0.2333,0.2456,0.2983,0.4569,0.4467,0.5807,0.2787,0.0814,0.4219,0.3656,0.1606,0.2169,0.2400,0.1200,0.1307,0.0443,0.3552,0.2844,0.2633,0.3523,0.3317,0.2786,0.3347,0.3414,0.2410,0.2550,0.2933,0.4592,0.4367,0.6136,0.2660,0.0814,0.4581,0.3950,0.1594,0.2146,0.2383,0.1193,0.1253,0.0429,0.3643,0.2900,0.2556,0.3346,0.3200,0.2779,0.3093,0.3300,0.2571,0.2669
ISFP_F_AB,0.2833,0.4223,0.4200,0.5521,0.2487,0.0786,0.4138,0.3525,0.1561,0.2077,0.2333,0.1136,0.1240,0.0471,0.3524,0.2806,0.2483,0.3146,0.3117,0.2507,0.3027,0.3514,0.2329,0.2425,0.2939,0.4477,0.4400,0.5736,0.2707,0.0800,0.4200,0.3612,0.1600,0.2162,0.2400,0.1200,0.1300,0.0429,0.3552,0.2838,0.2589,0.3400,0.3250,0.2693,0.3220,0.3357,0.2381,0.2500,0.2917,0.4531,0.4300,0.6079,0.2613,0.0800,0.4552,0.3919,0.1583,0.2131,0.2383,0.1186,0.1227,0.0357,0.3638,0.2887,0.2511,0.3277,0.3200,0.2764,0.3000,0.3229,0.2557,0.2644
ISFP_F_B,0.2822,0.4223,0.4267,0.5571,0.2460,0.0786,0.4157,0.3538,0.1567,0.2085,0.2350,0.1136,0.1227,0.0414,0.3552,0.2825,0.2456,0.3123,0.3117,0.2500,0.2993,0.3429,0.2310,0.2413,0.2928,0.4500,0.4467,0.5800,0.2707,0.0786,0.4210,0.3631,0.1611,0.2177,0.2417,0.1207,0.1307,0.0429,0.3586,0.2863,0.2556,0.3408,0.3317,0.2750,0.3193,0.3271,0.2386,0.2506,0.2917,0.4546,0.4383,0.6136,0.2593,0.0800,0.4605,0.3956,0.1594,0.2169,0.2400,0.1236,0.1240,0.0357,0.3695,0.2931,0.2544,0.3308,0.3233,0.2821,0.3020,0.3229,0.2633,0.2713
ISFP_F_O,0.2850,0.4269,0.4350,0.5614,0.2513,0.0800,0.4205,0.3594,0.1567,0.2085,0.2350,0.1136,0.1227,0.0414,0.3552,0.2825,0.2461,0.3177,0.3183,0.2557,0.3033,0.3429,0.2338,0.2438,0.2950,0.4546,0.4617,0.5893,0.2733,0.0800,0.4276,0.3700,0.1600,0.2177,0.2417,0.1207,0.1307,0.0429,0.3586,0.2863,0.2561,0.3454,0.3450,0.2836,0.3207,0.3271,0.2433,0.2544,0.2917,0.4592,0.4450,0.6171,0.2633,0.0800,0.4633,0.3981,0.1594,0.2169,0.2400,0.1236,0.1240,0.0357,0.3695,0.2931,0.2550,0.3362,0.3300,0.2879,0.3060,0.3229,0.2662,0.2738
ISFP_M_A,0.2922,0.4462,0.4667,0.5843,0.2627,0.0800,0.4271,0.3644,0.1578,0.2092,0.2400,0.1143,0.1267,0.0543,0.3529,0.2819,0.2589,0.3446,0.3517,0.2879,0.3293,0.3800,0.2476,0.2581,0.3100,0.4946,0.5133,0.6379,0.2980,0.0814,0.4452,0.3850,0.1639,0.2231,0.2533,0.1264,0.1367,0.0500,0.3586,0.2875,0.2756,0.3862,0.3983,0.3329,0.3520,0.3471,0.2619,0.2725,0.3006,0.4792,0.4767,0.6443,0.2760,0.0814,0.4710,0.4056,0.1600,0.2169,0.2450,0.1236,0.1260,0.0429,0.3667,0.2919,0.2617,0.3585,0.3600,0.3157,0.3220,0.3357,0.2729,0.2800
ISFP_M_AB,0.2894,0.4377,0.4533,0.5771,0.2553,0.0800,0.4252,0.3606,0.1561,0.2077,0.2333,0.1136,0.1240,0.0471,0.3524,0.2806,0.2561,0.3331,0.3450,0.2764,0.3160,0.3629,0.2443,0.2525,0.3050,0.4800,0.5000,0.6250,0.2860,0.0800,0.4405,0.3781,0.1611,0.2185,0.2467,0.1243,0.1307,0.0429,0.3576,0.2856,0.2706,0.3762,0.3850,0.3229,0.3427,0.3414,0.2595,0.2681,0.2972,0.4708,0.4633,0.6371,0.2687,0.0814,0.4690,0.4019,0.1589,0.2162,0.2383,0.1236,0.1253,0.0414,0.3667,0.2913,0.2600,0.3485,0.3533,0.3057,0.3127,0.3300,0.2705,0.2756
ISFP_M_B,0.2883,0.4400,0.4667,0.5836,0.2553,0.0786,0.4262,0.3625,0.1578,0.2115,0.2417,0.1186,0.1253,0.0471,0.3581,0.2850,0.2533,0.3338,0.3517,0.2821,0.3133,0.3543,0.2448,0.2531,0.3044,0.4877,0.5133,0.6371,0.2900,0.0786,0.4443,0.3825,0.1617,0.2223,0.2550,0.1293,0.1320,0.0429,0.3633,0.2900,0.2689,0.3800,0.3983,0.3350,0.3407,0.3329,0.2624,0.2706,0.2967,0.4731,0.4767,0.6436,0.2687,0.0800,0.4700,0.4038,0.1606,0.2200,0.2467,0.1286,0.1267,0.0414,0.3724,0.2956,0.2617,0.3515,0.3633,0.3136,0.3140,0.3286,0.2767,0.2825
ISFP_M_O,0.2978,0.4608,0.4967,0.6136,0.2673,0.0800,0.4443,0.3787,0.1600,0.2169,0.2483,0.1243,0.1293,0.0471,0.3610,0.2875,0.2633,0.3562,0.3817,0.3129,0.3280,0.3629,0.2633,0.2706,0.3178,0.5154,0.5633,0.6771,0.3060,0.0800,0.4652,0.4013,0.1644,0.2300,0.2683,0.1393,0.1367,0.0429,0.3686,0.2944,0.2833,0.4085,0.4483,0.3736,0.3593,0.3414,0.2838,0.2906,0.3072,0.4908,0.5083,0.6657,0.2800,0.0814,0.4867,0.4188,0.1656,0.2254,0.2550,0.1350,0.1320,0.0429,0.3771,0.3012,0.2711,0.3754,0.3933,0.3479,0.3273,0.3314,0.2971,0.3012
ISTJ_F_A,0.3044,0.4246,0.4250,0.5507,0.2493,0.0943,0.4305,0.3494,0.1544,0.1954,0.2250,0.0986,0.1140,0.0400,0.3367,0.2619,0.2661,0.3123,0.3183,0.2457,0.2907,0.3300,0.2486,0.2375,0.3022,0.4423,0.4517,0.5757,0.2613,0.0871,0.4324,0.3575,0.1544,0.2023,0.2317,0.1086,0.1180,0.0386,0.3405,0.2663,0.2667,0.3308,0.3383,0.2657,0.3060,0.3243,0.2500,0.2444,0.3028,0.4531,0.4367,0.6071,0.2593,0.0886,0.4681,0.3913,0.1517,0.1977,0.2267,0.1036,0.1140,0.0371,0.3395,0.2663,0.2628,0.3269,0.3267,0.2750,0.2960,0.3257,0.2681,0.2631
ISTJ_F_AB,0.3061,0.4262,0.4350,0.5543,0.2507,0.0943,0.4329,0.3556,0.1539,0.1985,0.2267,0.1036,0.1147,0.0386,0.3410,0.2663,0.2633,0.3146,0.3183,0.2471,0.2933,0.3286,0.2462,0.2388,0.3061,0.4469,0.4550,0.5786,0.2667,0.0886,0.4367,0.3644,0.1550,0.2062,0.2333,0.1107,0.1213,0.0371,0.3429,0.2694,0.2656,0.3362,0.3450,0.2714,0.3100,0.3243,0.2514,0.2475,0.3039,0.4569,0.4433,0.6107,0.2627,0.0886,0.4671,0.3925,0.1522,0.1992,0.2283,0.1043,0.1147,0.0371,0.3429,0.2688,0.2650,0.3300,0.3283,0.2771,0.3007,0.3271,0.2690,0.2675
ISTJ_F_B,0.3006,0.4238,0.4317,0.5529,0.2480,0.0914,0.4276,0.3494,0.1539,0.1985,0.2267,0.1036,0.1147,0.0386,0.3410,0.2663,0.2628,0.3138,0.3183,0.2471,0.2927,0.3271,0.2462,0.2381,0.3000,0.4462,0.4583,0.5814,0.2640,0.0843,0.4324,0.3600,0.1539,0.2031,0.2333,0.1093,0.1180,0.0371,0.3424,0.2688,0.2639,0.3354,0.3450,0.2736,0.3087,0.3214,0.2500,0.2469,0.3011,0.4554,0.4433,0.6136,0.2593,0.0871,0.4690,0.3931,0.1522,0.1992,0.2283,0.1043,0.1147,0.0371,0.3429,0.2688,0.2617,0.3292,0.3267,0.2764,0.2987,0.3243,0.2671,0.2638
ISTJ_F_O,0.3033,0.4246,0.4317,0.5529,0.2487,0.0929,0.4290,0.3494,0.1544,0.1954,0.2250,0.0986,0.1140,0.0400,0.3367,0.2619,0.2672,0.3154,0.3183,0.2471,0.2940,0.3300,0.2490,0.2381,0.3044,0.4485,0.4583,0.5836,0.2653,0.0871,0.4352,0.3600,0.1544,0.2023,0.2317,0.1086,0.1180,0.0386,0.3405,0.2663,0.2689,0.3392,0.3517,0.2779,0.3107,0.3243,0.2552,0.2488,0.3033,0.4562,0.4433,0.6136,0.2600,0.0886,0.4705,0.3931,0.1517,0.1977,0.2267,0.1036,0.1140,0.0371,0.3395,0.2663,0.2650,0.3323,0.3333,0.2807,0.3000,0.3257,0.2710,0.2656
ISTJ_M_A,0.3272,0.4508,0.4717,0.5857,0.2633,0.1029,0.4519,0.3600,0.1617,0.2046,0.2317,0.1086,0.1200,0.0429,0.3448,0.2663,0.2894,0.3408,0.3583,0.2800,0.3080,0.3386,0.2705,0.2488,0.3283,0.4846,0.5250,0.6350,0.2840,0.0943,0.4629,0.3769,0.1611,0.2108,0.2517,0.1186,0.1233,0.0400,0.3471,0.2706,0.2922,0.3754,0.4117,0.3293,0.3293,0.3314,0.2829,0.2656,0.3222,0.4808,0.4833,0.6464,0.2733,0.0957,0.4905,0.4037,0.1583,0.2046,0.2333,0.1093,0.1193,0.0400,0.3452,0.2688,0.2828,0.3562,0.3667,0.3136,0.3127,0.3314,0.2910,0.2756
ISTJ_M_AB,0.3222,0.4500,0.4733,0.5864,0.2620,0.0986,0.4510,0.3625,0.1606,0.2054,0.2333,0.1093,0.1200,0.0414,0.3467,0.2688,0.2828,0.3392,0.3583,0.2800,0.3067,0.3357,0.2662,0.2494,0.3272,0.4885,0.5333,0.6393,0.2867,0.0914,0.4638,0.3800,0.1628,0.2154,0.2533,0.1207,0.1273,0.0400,0.3510,0.2738,0.2894,0.3785,0.4183,0.3329,0.3320,0.3300,0.2805,0.2669,0.3194,0.4800,0.4833,0.6464,0.2727,0.0943,0.4876,0.4044,0.1572,0.2077,0.2350,0.1143,0.1200,0.0386,0.3495,0.2731,0.2817,0.3554,0.3750,0.3143,0.3133,0.3314,0.2900,0.2794
ISTJ_M_B,0.3206,0.4538,0.4783,0.5964,0.2627,0.0986,0.4524,0.3637,0.1611,0.2054,0.2400,0.1093,0.1200,0.0414,0.3467,0.2688,0.2833,0.3415,0.3717,0.2864,0.3067,0.3343,0.2686,0.2506,0.3278,0.4977,0.5450,0.6550,0.2913,0.0914,0.4681,0.3837,0.1617,0.2169,0.2600,0.1250,0.1273,0.0386,0.3519,0.2756,0.2922,0.3892,0.4383,0.3514,0.3367,0.3286,0.2881,0.2725,0.3183,0.4846,0.4900,0.6571,0.2733,0.0929,0.4924,0.4075,0.1578,0.2077,0.2417,0.1143,0.1200,0.0386,0.3495,0.2731,0.2789,0.3577,0.3800,0.3200,0.3120,0.3286,0.2905,0.2775
ISTJ_M_O,0.3422,0.4685,0.5017,0.6100,0.2733,0.1086,0.4714,0.3738,0.1644,0.2077,0.2383,0.1129,0.1213,0.0443,0.3486,0.2681,0.3006,0.3577,0.3850,0.3050,0.3160,0.3429,0.2848,0.2569,0.3433,0.5077,0.5617,0.6671,0.2973,0.0986,0.4838,0.3931,0.1650,0.2169,0.2583,0.1243,0.1280,0.0414,0.3514,0.2731,0.3033,0.3977,0.4450,0.3621,0.3407,0.3343,0.2986,0.2763,0.3339,0.4923,0.5133,0.6621,0.2807,0.0986,0.5024,0.4138,0.1594,0.2069,0.2400,0.1136,0.1200,0.0400,0.3476,0.2706,0.2939,0.3754,0.3967,0.3443,0.3220,0.3343,0.3100,0.2913
ISTP_F_A,0.2989,0.4423,0.4267,0.5593,0.2693,0.0871,0.4162,0.3594,0.1550,0.2038,0.2267,0.1043,0.1260,0.0543,0.3367,0.2688,0.2633,0.3369,0.3117,0.2586,0.3293,0.3686,0.2352,0.2506,0.3239,0.4908,0.4467,0.5936,0.3140,0.0929,0.4262,0.3762,0.1622,0.2208,0.2333,0.1171,0.1380,0.0457,0.3424,0.2750,0.2883,0.3838,0.3317,0.2900,0.3673,0.3543,0.2448,0.2656,0.3072,0.4754,0.4367,0.6193,0.2827,0.0886,0.4600,0.4006,0.1539,0.2046,0.2267,0.1071,0.1227,0.0429,0.3381,0.2694,0.2672,0.3500,0.3200,0.2836,0.3253,0.3357,0.2590,0.2719
ISTP_F_AB,0.2989,0.4392,0.4283,0.5607,0.2667,0.0871,0.4176,0.3613,0.1556,0.2069,0.2283,0.1086,0.1253,0.0486,0.3419,0.2725,0.2606,0.3323,0.3117,0.2579,0.3213,0.3557,0.2338,0.2481,0.3178,0.4785,0.4417,0.5879,0.3033,0.0914,0.4243,0.3744,0.1617,0.2185,0.2350,0.1164,0.1347,0.0443,0.3452,0.2763,0.2817,0.3731,0.3317,0.2843,0.3560,0.3443,0.2410,0.2600,0.3050,0.4708,0.4367,0.6157,0.2787,0.0886,0.4571,0.3981,0.1550,0.2062,0.2283,0.1079,0.1233,0.0429,0.3414,0.2719,0.2700,0.3492,0.3233,0.2857,0.3240,0.3371,0.2638,0.2769
ISTP_F_B,0.2961,0.4392,0.4267,0.5600,0.2653,0.0857,0.4157,0.3581,0.1550,0.2062,0.2283,0.1079,0.1233,0.0429,0.3414,0.2719,0.2600,0.3315,0.3117,0.2571,0.3193,0.3500,0.2333,0.2475,0.3183,0.4838,0.4467,0.5929,0.3060,0.0900,0.4252,0.3738,0.1617,0.2185,0.2350,0.1164,0.1347,0.0443,0.3452,0.2763,0.2811,0.3746,0.3317,0.2879,0.3547,0.3386,0.2429,0.2613,0.3044,0.4723,0.4367,0.6200,0.2787,0.0871,0.4595,0.3994,0.1544,0.2054,0.2283,0.1071,0.1213,0.0371,0.3410,0.2713,0.2650,0.3462,0.3200,0.2836,0.3193,0.3286,0.2581,0.2700
ISTP_F_O,0.3000,0.4446,0.4333,0.5636,0.2700,0.0871,0.4186,0.3613,0.1539,0.2023,0.2267,0.1029,0.1220,0.0429,0.3357,0.2675,0.2628,0.3377,0.3183,0.2629,0.3240,0.3514,0.2362,0.2506,0.3256,0.4969,0.4600,0.6014,0.3180,0.0929,0.4290,0.3788,0.1622,0.2208,0.2333,0.1171,0.1380,0.0457,0.3424,0.2750,0.2894,0.3877,0.3450,0.2964,0.3667,0.3414,0.2467,0.2663,0.3094,0.4808,0.4433,0.6250,0.2867,0.0886,0.4629,0.4031,0.1533,0.2038,0.2267,0.1064,0.1207,0.0371,0.3376,0.2688,0.2678,0.3523,0.3267,0.2893,0.3240,0.3300,0.2610,0.2731
ISTP_M_A,0.3061,0.4623,0.4667,0.5900,0.2793,0.0871,0.4290,0.3700,0.1567,0.2092,0.2333,0.1100,0.1300,0.0543,0.3395,0.2713,0.2722,0.3600,0.3517,0.2936,0.3453,0.3857,0.2495,0.2631,0.3356,0.5285,0.5133,0.6507,0.3333,0.0929,0.4495,0.3956,0.1656,0.2269,0.2467,0.1236,0.1440,0.0514,0.3457,0.2781,0.3017,0.4208,0.3983,0.3457,0.3880,0.3600,0.2662,0.2837,0.3144,0.4954,0.4767,0.6500,0.2927,0.0886,0.4729,0.4113,0.1556,0.2100,0.2333,0.1129,0.1267,0.0429,0.3410,0.2719,0.2750,0.3738,0.3600,0.3214,0.3380,0.3414,0.2748,0.2850
ISTP_M_AB,0.3028,0.4569,0.4600,0.5864,0.2747,0.0857,0.4262,0.3669,0.1533,0.2054,0.2267,0.1079,0.1247,0.0486,0.3386,0.2700,0.2661,0.3485,0.3450,0.2843,0.3313,0.3671,0.2448,0.2575,0.3272,0.5131,0.5000,0.6379,0.3207,0.0900,0.4433,0.3888,0.1617,0.2223,0.2400,0.1214,0.1380,0.0443,0.3448,0.2763,0.2917,0.4054,0.3917,0.3343,0.3733,0.3500,0.2619,0.2775,0.3111,0.4900,0.4700,0.6464,0.2880,0.0871,0.4700,0.4081,0.1539,0.2085,0.2283,0.1121,0.1240,0.0429,0.3438,0.2738,0.2744,0.3677,0.3550,0.3164,0.3347,0.3414,0.2738,0.2850
ISTP_M_B,0.3033,0.4592,0.4667,0.5907,0.2753,0.0857,0.4286,0.3688,0.1550,0.2054,0.2333,0.1079,0.1247,0.0486,0.3386,0.2700,0.2672,0.3531,0.3517,0.2893,0.3333,0.3614,0.2471,0.2594,0.3300,0.5215,0.5133,0.6500,0.3253,0.0900,0.4486,0.3931,0.1622,0.2223,0.2467,0.1214,0.1380,0.0443,0.3448,0.2763,0.2944,0.4115,0.3983,0.3436,0.3753,0.3443,0.2643,0.2794,0.3117,0.4923,0.4767,0.6507,0.2887,0.0871,0.4724,0.4100,0.1556,0.2085,0.2350,0.1121,0.1240,0.0429,0.3438,0.2738,0.2717,0.3692,0.3600,0.3193,0.3320,0.3343,0.2738,0.2831
ISTP_M_O,0.3172,0.4838,0.4950,0.6186,0.2940,0.0900,0.4419,0.3831,0.1572,0.2108,0.2400,0.1136,0.1287,0.0486,0.3414,0.2725,0.2778,0.3754,0.3783,0.3157,0.3493,0.3700,0.2586,0.2706,0.3528,0.5600,0.5617,0.6936,0.3533,0.0971,0.4676,0.4138,0.1694,0.2346,0.2600,0.1329,0.1473,0.0471,0.3505,0.2825,0.3150,0.4554,0.4450,0.3907,0.4080,0.3557,0.2848,0.3000,0.3267,0.5162,0.5067,0.6750,0.3073,0.0914,0.4867,0.4250,0.1567,0.2123,0.2400,0.1171,0.1273,0.0429,0.3433,0.2738,0.2856,0.3946,0.3900,0.3507,0.3487,0.3386,0.2924,0.3013
