now read activity_corrected.csv and correct all the wrong activities and fill out empty slots for all 128 personality types. Make a separate file and do it,ENTP_AB_M,,,FLOW PARKOUR,,,HDL FPGA,Real-time generative visual jockeying,BMX AERIAL/Chasetag,,,,,,
00:22,INTP_AB_M,,/MUSIC CONCRETE,FLOWBOARDING,,,1. Algorithmic music visualizer design,FLOORBALL,,,,,,,
00:33,ENTJ_AB_M,,TOOL-ADJACENT Post metal composition,Geothermal energy systems engineer,minecraft like buildinggames,,GIS professional,Kayak Slalom/lacrosse,,,,,,,
00:45,INTJ_AB_M,,NEOCALSSICAL,,3D GRAPHICS DEVELOPER,,Modelling system Tools developer,tennis basline strategy,ALPINE SKI,,,,,,
00:56,ENTP_AB_F,,NEW WAVE/IDM Composition,,VR AR ENVIRONMENT DESIGN,,Utility network systems designer,KORFBALL ATTACK(INDOOR WAVEPOOL SURF),TRAMPOLINE,,,,,,
01:07,ENFP_AB_M,,NOISEPOP composition,night time cycling,Eco-acoustic soundscape recordin,,wildlife documentary -> Living wall green fa?ade system designer,,inline aerial,,,,,,
01:18,INTP_AB_F,,indie folk,,Hydroponic vertical farm systems engineer,,"조립,레고 ->Subsurface carbon storage modeler",ultimate fris,pogostick,,,,,,"drum, piano, cello, guitar"
01:30,INFP_AB_M,,Psychedelic folk,,Constructed wetland design engineer,,Biochar/phytoremediation landscape Designer,abseiling,Wild Swimming,,,,,,"jazz,edm, classical, hiphop"
01:41,ENTJ_AB_F,,Contemporary dance music,spontaneous edm djing,Municipal stormwater control center supervisor,,Municipital integrated Electricity/EV/Energy grid system monitoring system designer/manager,icehockey wing,SEPAKTAKRAW,,,,,,
01:52,INTJ_AB_F,,deconstructed club -> experimental electronic composition,,dynamic diorama(KITBASHING WHERE?),,CTO(SWAP WITH CRYPTOGRAPHY),KORFBALL,geocaching,,,,,,
02:03,ENFJ_AB_M,,,capoeira,알코올 잉크 art,,Mycelium materials scientist->Subsurface mycelium insulation panel design,acrobatic yoga,Underground aquaponics facility designer,,,,,,
02:15,ENFP_AB_F,,Freak folk composition,rollerskating park recreationa,Regional watershed flow visualization,,regional designer ->  Green roof network deployment planner,surfing,yoga vinyasa afterwork,,,,,,
02:26,INFJ_AB_M,,d,Atmosphere_Weather_Propagation_Modelling,minimalistic architecture,,dark textile-> Recursive cave acoustics soundscape design,,subwing,,,,,,
02:37,INFP_AB_F,,symphonic metal composition,,taichi,,,Swimming,mobile sudoku,,,,,,
02:48,ESTP_AB_M,purpurin 염색,minimalistic ambient,whitewater kayak,Combat choreographer,,Urban simulation engine developer (subsurface layer),Drift trike,Off-road rally mechanic?,,,,,,
03:00,ENFJ_AB_F,,Dj okawari adjaccent,,alcohol ink painting,,Calligraphy + watercolor fusion?,,Nordic walking?,,Urban underground drone mapping art,Extreme environment robotics deployment technician,,,
03:11,ENTP_A_M,,Autechre adjacent,,Urban heat island dynamic visualization,,Type System Compiler 언어 설계자,Road cycle breakout,,,,,,,
03:22,INTP_A_M,polar trekking,Electronica composition,,fractal art,,white hacker,,geoguesser(Hashiwokakero),,,Circular economy system dynamics modeler,,Recursive geothermal reservoir modeler,
03:33,ENTJ_A_M,,,,Bespoke Furniture Designer,,,Offshore single handed sailing,Sabre Fencing,,,,,,
03:45,ENTJ_A_M,,,,MINIMALIST PHOTOGRAPHY,,INTERNATIONAL PUBLIC BANK BEAREAUCRAT,Circular economy policy architect,,(Multi-Layer Grid Infrastructure Orchestrator),,,,,
03:56,ENTP_A_F,,하우스댄스,,디오라마,,시뮬레이션 게임 개발,rink roller skate,생태봉사,Canoe polo,,,,,
04:07,ENFP_A_M,,,,snowblading,,metal smithing,Underwater Hockey,snowshoeing,Geothermal district energy system architect,,,,,
04:18,INTP_A_F,,INDIE FOLK,,CARTOGRAPHIC ILLUSTRATION x,,GEODYNAMIC MODELLING ENGINEER,NORDIC SKIING,Underground soundscape design,,,,,,
04:30,INFP_A_M,,HAUNTOLOGY COMPOSITION,,Microbial Biomaterials engineer,,Algae Materials Fermentation Hobby - Mold-Based Bio-Pigment Painting,Vehicle simulation Sound system engineer(scape designer),," ,SOUNDSCAPE ARCHIVING",,,,,
04:41,ENTJ_A_F,,symphonic prog,,,,,Kitesurfing,,,,,,,
04:52,INTJ_A_F,,,Philosophy reading,Subsurface utility network systems designer,,ai윤리 coordi,Lacrosse,,,,,,,
05:03,ENFJ_A_M,,Progressive metal,,Distributed Energy Resource (DER) Integration Engineer,,Underground aquifer circulation diagram art,football,dragon boat racing,,,,,,
05:15,ENFP_A_F,Space rock composition,SPACE ROCK,,Underground flow/thermal simulation 3d visualization,,motion graphic designer,shortboard aerial surfing,drift car,,,,,,
05:26,INFJ_A_M,,Art rock->Sounscape composition,암반 음향 디자이너,pyrography,,wood architect,Mycorrhizal Rewilding Ecologist,forest trekking,,,,,,
05:37,INFP_A_F,,ambient pop composition,,fantasy film screenwriter,,Underground ecosystem fantasy worldbuilding -> avatar but bring to earth and underground,yoga restorative,british montane region hiking,Subsurface ecosystem restoration planner,,,,,
05:48,ESTP_A_M,indigotin ㅇ,Heavy Psych composition,,SMOKE JUMPER,,graffiti->Subsurface Bio-Infrastructure Surveyor & Biomimetic Designer,triathlon,EXTREME SPORTS EVENT CREATOR,,,,,,
06:00,ENFJ_A_F,,,,Brand strategist?,,Garden design/ garden masonry dry stone wallinG,Breaststroke swimming,HaTHA YOGA,,,,,,
06:11,ISTP_A_M,,aeroambient frutigal composition,,botanical illustratio,,geological surveyer,adam ondra style free climb,gardening,,,,,,
06:22,INFJ_A_F,,Art pop experimental composition,muay thai,TV journalist,,tactical precision fps,3d simulation game Mission_Scenario_Design,icehockey weekend,,,,,,
06:33,ESTP_A_F,베타닌 염색,no wave/orchestrial composition,,,,,canyoneering,,,,,,,
06:45,ESTJ_A_M,,New minimalism Composition,,motorcycle engine rebuild,,metal alloy recycle grid operator,bmx racing individual pursuit,Skyscraper Puzzle,,,,,,
06:56,ISTP_A_F,,glitch opera,,circuit bending,,soil piezoenergy engineer,DIGITAL PROCESSING,ci? VIA FERRATA,,,,,,
07:07,ISTJ_A_M,cyanidine 3 glucoside염색,New age but not composition,SF장르 WORLDBUILDING,,,항공우주공학,실내러닝,,,,,,,
07:18,ESTJ_A_F,"Malvidine 3 glu ,",/retrowave comp,solo touring kayak,,,,tennis double,,,,,,,
07:30,ESFP_A_M,Lycopene 염색0,/Indie rock comp,dj turntablist,stunt performer,,,rhythmic	fencing,motorcross freestyle,,,,,,
07:41,ISTJ_A_F,,Post rock composition,SINGLE SCULL ROWING,MECCANO HOBBY,,EMBEDDED SYSTEMS FIRMWARE,,CHESS PUZZLE,,,,,,
07:52,ISFP_A_M,,,Shadow Art Installation,abstract painting,,,,risograph printing,,,,,,
08:03,ESFP_A_F,,Noise rock composition,지역지리색채 뚜렷소설 박경리 토지,mixed media digital analogue collage,,,rhythm roller skating,up cycling,,,,,,
08:15,ESFJ_A_M,,Glam rock composition,,Biofabrication engineer,,hydraulics engineer,,,,,,,,
08:26,ISFP_A_F,Curcumin 염색,Noise (pop) composition,,Conservation architect,,Landscape painting- after  work from memory or sunset,Freeride snowboard,planatary stargazing,,,,,,
08:37,ESFJ_A_F,베타카로틴 염색,9,시쓰기,Subsurface Lightscaper Designer,,조경 minimalistic,파쿠르,Tatsuo Horiuchi style excel art,,,,,,
08:48,ISFJ_A_M,,Orchestral pop composition,,지역지리색채 뚜렷소설 박경리 토지,,Subterranean Psychology Architect,Blender_Procedural_Modelling,Geological Field Sketching,,,,,,
09:00,ISFJ_A_F,chlorophyll a 염색,yavant pop(city pop synth),roller derb,,,urban planning,trail running,cart racing,,,,,,
09:11,ENTP_O_M,,teboarding Ebm composition,vert bowl skateboarding,Circular wave energy system designer,,SKIM BOARDING 열약학 엔지니어,match squash,longboard surfing,,,,,,
09:22,INTP_O_M,,SYNTHWAVE,swimming butterfly 200m,game systems design,,underwater civilisation building game,table tennis,retrocomputing,,,,,,
09:33,ENTJ_O_M,,체크 Folktronica composition,Adventure racing,Flight_Model_Dynamics_Engineer,,Biophillic architectural design,Ballistics Penetration Damage Modelling,,,,,,,
09:45,INTJ_O_M,,Lofi,,Subsurface Waste Bioconversion Engineer,,4d printing,football libero,3m springboard dive,,,,,,
09:56,ENTP_O_F,,,Baroque guitar,lutherie,,,,composting,,,,,,
10:07,ENFP_O_M,,EBM COMPOSITION,Light Painting,Padel Tennis,,Mobile indie game design,Kendra flow art,,,,,,,
10:18,INTP_O_F,,shoegaze/,longboard downhill,SEISMOLOGIST,,seimologic wave pattern art(platformer),WINDSURFING,SURFING FREERIDE,,,,,,
10:30,INFP_O_M,,Power electronics composition,,silver gelatin printing,,peatland restoration professiona,SOUND SCULPTURE,origami,,Peatland ,,,,
10:41,ENTJ_O_F,,Hard rock composition,long distance running,Simulation Game Devops architect,,전투기게임,lacrosse,,,,,,,
10:52,INTJ_O_F,,Soft rock composition,,Origami space engineer,,,Swimming long distance solo,Mathematical Puzzle design,,,,,,
11:03,ENFJ_O_M,,Jazz fusion composition,,Projection mapping light show,,적정기술 WATER FILTER ENGINEER,Inline skate Speed drill,Aristic Cycling,,,,,,
11:15,ENFP_O_F,,Ambient electronica composition,standup paddle boarding,ecological sketch from imagination,,schumann resonance dll (nature healing resonance designer and operator),forest trail running,,,,,,,
11:26,INFJ_O_M,,Dream pop experimental composition,,Circular biomaterials engineer,,,,,,,,,,
11:37,INFP_O_F,,,Letter press printing,wetfolding origam,,musicologist(no),Long distance swimming,solo hiking in falklands,,coastal trekking course design,,underground aquifer system modeller,,
11:48,ESTP_O_M,,,,BIOBASED/BIOPOLYMER SCI,,Action Cam X games 영상 편집,khokho->mountainboarding,Sumgrid mobile game,,mobile puzzle game design,,,,
12:00,ENFJ_O_F,,,,virtual cart racing,,non-profit project director,,field archery,,green,virtual racing environment designer,,,
12:11,ISTP_O_M,feet toe midi player designer,,,,,BIM modelling underground infrastructure,Ice climbing(coasteering more likley),BMX street/flatland,,,,,,
12:22,INFJ_O_F,,,freestyle swimming,fantasy screen writer,,water colour painting,,open water swimming,,sf fiction writer underwater/ extraterrestrial,,,,
12:33,ESTP_O_F,,Electropop copostiio,Kinetic Performance Art,Agriculture waste product to materials engineer,,라이브 사운드 엔지니어,KITEsurfing,GENERATIVE ART,,,,,,
12:45,ESTJ_O_M,,Karate synth pop /microhouse,,Gundam 프라모델,,UNDERGROUND URBAN PLANNING ENGINEER,Nurikabe,Karate,,,,,,
12:56,ISTP_O_F,,Acoustic Folk,mittwork shadow boxing,Wood carving, ,Car cpu developer,Geocaching,dance longboarding,,,,,,
13:07,ISTJ_O_M,,Blues rock composition,,beer brewing hobby,,DESALINATION ENGINEER,Sumo,inline hockey,suminogashi marbling art,,,,,
13:18,ESTJ_O_F,,Amb folk composition,,UNDERGROUND 물류 파일럿,,overwatch like ground fps,artistic swimming,,ground fps level design,,,,,
13:30,ESFP_O_M,Fell running,EXPERIMENTAL HIPHOP COMPOSITION,Write Historical Fantasy Novel,woodworking,,DEV OPS,,,timber resource circulation monitor,,,,,
13:41,ISTJ_O_F,drum machine sampler,Pop SOUL COMPOSITION,,cryptologist,,,inline skating,Go,cryptocurrency engineer,red,,,,
13:52,ISFP_O_M,,BAROQUE POP COMPOSITION,slack lining,,,,,snooker,,,,,,
14:03,ESFP_O_F,,,tango,biobased product material circulation system designer,,Underground community space designer,beach volleyball,Freestyle Scooter/자위,,,,,,
14:15,ESFJ_O_M,,Hard  rock cmposition,,clay modelling with hand,,Technical Artist Shader,Lighting Programmer,urban vegetable community gardening,,,,,,
14:26,ISFP_O_F,,,gentle swimming,children's book illustrator,,,,,,,,,,
14:37,ESFJ_O_F,,,,Vehicle Simulation product Interface Design,,Biobased product designer/biobased product material circulation system designer,험지 trail running,mountain biking downhill,,,,,,
14:48,ISFJ_O_M,,single scull rowing,interval swimming?,,,underground infrastructure maintenance coordinator,,flyboardinG HOVER,,,,,,
15:00,ISFJ_O_F,,Inide pop composition,"SERE (Survival, Evasion, Resistance, and Escape) training",subsurface space INTERIOR DESIGN RENDER,,Data warehouse ETL pipeline engineer,INK DRAWING,,,,,,,
15:11,ENTP_B_M,,,,writing mystery novels,,Simulation Game Multiplayer networking engineer,EPEE FENCING,Extreme environment biogeochemist,,,,,,
15:22,INTP_B_M,,Progressive techno,,,,cryptographer,Leather Craft,,,,,,,
15:33,ENTJ_B_M,,,Simulation Game Real time engine systme archtiect,실내공간디자이너(동선포함) -  Simulation Game Physics integrator,,BIATHLON 마인크래프트 류 3D BUILDING SIMULATION GAME,무에타이 복합 드릴,BIATHLON,geothermal energy power generation plant designer,,,,,
15:45,INTJ_B_M,,,,Fractal Terrain Synthesis GAEA,,algorhythm designer,,value investment research,,,,,,
15:56,ENTP_B_F,,,,Parametric 3D printing,,Climate tech Drone Mapping startup,ultimate frisbee creatie role,,,,,,,
16:07,ENFP_B_M,,,,,,Biomimetic furniture,Kite MTB freestyle,Permaculture,Underground bioenvironment researcher(Damp fungal environment),,,,,
16:18,INTP_B_F,,Triphop composition/,splitboarding snowboard,"Flight simulator with real-world weather injection (e.g., MSFS with live weather)",,hydrological engineer,fjord coastal trekking,,,,,,,
16:30,INFP_B_M,,Lowercase,Comic book graphic novel writing,zimmer style cinematic sound designer,,zimmer style cinematic sound designer,breakdancing,Story Driven Indie Game scenario writer,,,,,,
16:41,ENTJ_B_F,,,Sandboarding,Subsurface Experimental Aircraft test software designer(pilot),,,Motorcross natural terrain,,,,,,,
16:52,INTJ_B_F,,Kelala,photogrammetry 3d scanning,,,,number theory hobby,pacing strategy distance swim,,,,,,
17:03,ENFJ_B_M,,,,community planner(ccommunity Energy Banker),,,,,,,,,,
17:15,ENFP_B_F,,,,web design for her business,,independent fashion designer,,vivarium building,,,,,,
17:26,INFJ_B_M,cello solo,Post Punk experimental composition,,BIOSYSTEMS 3D PRINTING,,SUBTERRANEAN SPATIAL ECOSYSTEM DESIGNER/SCINETIST,WEEKEND DATABASE ENGINEER,,,,,,,
17:37,INFP_B_F,,Singer Songwriter composition,,cyanotype sun printing,,Epic Fantasy Writing,,,,,,,,
17:48,ESTP_B_M,beat composition,binaural beat composition,,airsoft,,simulation game sound designer,bmx,,,,,,,
18:00,ENFJ_B_F,play electric guitar,",avant pop",,light artist,,,paddleboard,board game,,,,,,
18:11,ISTP_B_M,Pelargonidine 3 glu 염색,,,snowkiting,,generative cnc machining,3d snow kiting,3d rogaining,,,,,,
18:22,INFJ_B_F,,Space Rck withut stner cmpsitin,,salt paint art,,,,nature photography,,,,,,
18:33,ESTJ_B_M,Indigotin 염색,progressive rock/drone metal,,roller skating(park recreational),,,Rugby Forward,,,,,,,
18:45,ESTP_B_F,,,,motion graphic designer,,acrylic/paint pour,open water swimming,strategy board game,,,,,,
18:56,ISTP_B_F,,Blues experimental Acid rock,Street Skateboarding,,,kinetic art,Black Pottery,strategy board game- Catan,,,yellow,,,
19:07,ISTJ_B_M,Santalin Yellow 염색,Death metal experimental composition,,scale model building(lost wax castin),,Deep sea ROV pilot,raquetball,box interval training,,,,,,
19:18,ESTJ_B_F,Modula synth building,noise rock,,,,,tactical training,rugby,,,,,,
19:30,ESFP_B_M,,,,,,,b boying,korfball defence,,,,,,
19:41,ISTJ_B_F,,,,Patent Examiner,,lost wax casting,track cycling,backstroke swimming,,,,,,
19:52,ISFP_B_M,,Slacker Rock composition,,tufting,,creative tools developer,running in the nature,,,,,,,
20:03,ESFP_B_F,,,Judo Clean and Jerk,vfx motion graphic artist,,twitch arenafps,,EXPERIMENTAL POP COMP,,,,,,
20:15,ESFJ_B_M,,,,special forces agent,,geometric shape woodblock print,taeboclass,obstacle courseracing,,,,,,
20:26,ISFP_B_F,,Chillstep composition,,needlepoint canvas work,,,Themepark Ride designer,,,,,,,
20:37,ESFJ_B_F,alps hiking,,,Montessori,,marbling art ebru,walking netball,,,,,,,
20:48,ISFJ_B_M,,minimal/deep techno,,tax planner(coordinator),,3 cushion,tchoukball,I love hue styly colour puzzle,,,,,,
21:00,ISFJ_B_F,,Chamber pop,trail running,precision pen drawing,,Digital forensics,,nonogram puzzle-no 협력추리 보드게임,,,,,,
21:22,ISTP_AB_M,Carminic Acid 염색,,,Contemporary dance choreography,,IOT Engineer,,,,,,,,
21:45,INFJ_AB_F,,Ghibli adjacent,,cinematic visual concept artist,,,snowboard downhill,longboard cruising,,,,,,
22:07,ESTP_AB_F,Laccainic Acid 염색,/experimental pop composition,night time longboard,Installation artist,,,Darkroom photography,,,,,,,
22:30,ESTJ_AB_M,,,ㅈ,solo touring kayak,,건축사진,,Historical RTS Computer RTS,,,,,,
22:52,ISTP_AB_F,Santalin Yellow 염색,Berliner schule composition,,textile designer,,Laser cutting acrylic art,park/bowls skateboarding,bouldering,,,,,,
23:15,ISTJ_AB_M,,art pop  composition,,horologist,,,free climbing,Independent sw architect(hobby),,,,,,
23:37,ESTJ_AB_F,cyanidine 3 glucoside caffeoyl ,New wave composition,,battleship shooting games,,improvisational piano,CLAY PIGEON SHOOTING,critical infrastructure devops,,,,,,
00:00,ESFP_AB_M,,EXP. POP comp,,Installation Artist,,colourgel photography,야간 롱보드,tobaganny,,,,,,
00:22,ISTJ_AB_F,,,aggressive inline,textile design,,soil scientist,kiteBOARDING,interactive media designer,,,,,,
00:45,ISFP_AB_M,모란 peonidine 3 glu 염색,,,Architectural Lighting Designer,,creative tools developer,explorative mountain trail running,etching printmakin,,,,,,
01:07,ESFP_AB_F,Crocin 염색,,,Theme park ride designer,,,Standup paddleboard yoga,,,,,,,
01:30,ESFJ_AB_M,Luteolin 염색,,,Professional Audax/radonneur,,ENCAUSTIC BEES WAXPAINTING,Aikido,Historical Reenactment Designer,,,,,,
01:52,ISFP_AB_F,Genipin 염색,Hammock류postrock/자위,,industrial graphic design,,,cliff diving,,,,,,,
02:15,ESFJ_AB_F,,,tennis doubles forward,,,art gallery curator,tennis doubles forward,tent and trees puzzle,,,,,,
02:37,ISFJ_AB_M,,,River Restoration Designer,drone aerial photography,,vr visual programming,ice dance,,,,,,,
03:00,ISFJ_AB_F,delphinidine 3 gluco 염색,BIOSENSOR LABEL QA,,ceramic art,,,"Computer art(whatever tool, paint, or anything that uses mouse)",,,,,,,