TimeSlot,Profile,Music,Solo,Creative,Tech,Sport,Game
0:00,INTJ_AB_M,EBM composition,Heavy psych composition,Comic book graphic novel writing,Type system compiler design,Biathlon,Abstract logic puzzle
0:11,INTP_AB_M,Hauntology composition,Heavy psych composition,Comic book graphic novel writing,Type system compiler design,Biathlon,Abstract logic puzzle
0:22,ENTJ_AB_M,EBM composition,Heavy psych composition,Precision light field rendering,Type system compiler design,Biathlon,Abstract logic puzzle
0:33,ENTP_AB_M,Doom metal composition,Heavy psych composition,Light painting photography,Type system compiler design,Biathlon,Chess puzzle
0:44,INFJ_AB_M,Baroque composition,Heavy psych composition,Epic fantasy writing,Type system compiler design,Biathlon,Abstract logic puzzle
0:55,INFP_AB_M,Hauntology composition,Heavy psych composition,Epic fantasy writing,Type system compiler design,Biathlon,Abstract logic puzzle
1:06,ENFJ_AB_M,Aero ambient composition,Heavy psych composition,Light painting photography,Type system compiler design,Biathlon,Abstract logic puzzle
1:17,ENFP_AB_M,Electropop composition,Heavy psych composition,Epic fantasy writing,Type system compiler design,Biathlon,Abstract logic puzzle
1:28,ISTJ_AB_M,Weird pop composition,Heavy psych composition,Comic book graphic novel writing,Type system compiler design,Biathlon,Abstract logic puzzle
1:39,ISTP_AB_M,Sludge metal composition,Heavy psych composition,Comic book graphic novel writing,Type system compiler design,Biathlon,Abstract logic puzzle
1:50,ESTJ_AB_M,Glam rock composition,Heavy psych composition,Light painting photography,Type system compiler design,Biathlon,Abstract logic puzzle
2:01,ESTP_AB_M,Doom metal composition,Heavy psych composition,Light painting photography,Type system compiler design,Biathlon,Abstract logic puzzle
2:12,ISFJ_AB_M,Glam rock composition,Heavy psych composition,Epic fantasy writing,Type system compiler design,Biathlon,Abstract logic puzzle
2:23,ISFP_AB_M,Weird pop composition,Heavy psych composition,Epic fantasy writing,Type system compiler design,Biathlon,Abstract logic puzzle
2:34,ESFJ_AB_M,Glam rock composition,Heavy psych composition,Light painting photography,Type system compiler design,Biathlon,Abstract logic puzzle
2:45,ESFP_AB_M,Hyperpop composition,Heavy psych composition,Epic fantasy writing,Type system compiler design,Biathlon,Abstract logic puzzle
2:56,INTJ_AB_F,Weird pop composition,Singer songwriter composition,Epic fantasy writing,Type system compiler design,Vivarium building,Abstract logic puzzle
3:07,INTP_AB_F,Ambient electronica composition,Singer songwriter composition,Epic fantasy writing,Type system compiler design,Vivarium building,Abstract logic puzzle
3:18,ENTJ_AB_F,Glam rock composition,Singer songwriter composition,Epic fantasy writing,Type system compiler design,Vivarium building,Abstract logic puzzle
3:29,ENTP_AB_F,Hyperpop composition,Singer songwriter composition,Epic fantasy writing,Type system compiler design,Vivarium building,Abstract logic puzzle
3:40,INFJ_AB_F,New wave composition,Singer songwriter composition,Epic fantasy writing,Type system compiler design,Vivarium building,Abstract logic puzzle
3:51,INFP_AB_F,Noise pop composition,Singer songwriter composition,Epic fantasy writing,Type system compiler design,Vivarium building,Abstract logic puzzle
4:02,ENFJ_AB_F,New wave composition,Singer songwriter composition,Epic fantasy writing,Type system compiler design,Vivarium building,Abstract logic puzzle
4:13,ENFP_AB_F,Noise pop composition,Singer songwriter composition,Epic fantasy writing,Type system compiler design,Vivarium building,Abstract logic puzzle
4:24,ISTJ_AB_F,Freak folk composition,Singer songwriter composition,Epic fantasy writing,Type system compiler design,Vivarium building,Abstract logic puzzle
4:35,ISTP_AB_F,Aero ambient composition,Singer songwriter composition,Epic fantasy writing,Type system compiler design,Vivarium building,Abstract logic puzzle
4:46,ESTJ_AB_F,Glam rock composition,Singer songwriter composition,Epic fantasy writing,Type system compiler design,Vivarium building,Abstract logic puzzle
4:57,ESTP_AB_F,Hyperpop composition,Singer songwriter composition,Epic fantasy writing,Type system compiler design,Vivarium building,Abstract logic puzzle
5:08,ISFJ_AB_F,Noise pop composition,Singer songwriter composition,Epic fantasy writing,Type system compiler design,Vivarium building,Abstract logic puzzle
5:19,ISFP_AB_F,Chillwave composition,Singer songwriter composition,Epic fantasy writing,Type system compiler design,Vivarium building,Abstract logic puzzle
5:30,ESFJ_AB_F,Noise pop composition,Singer songwriter composition,Light painting photography,Type system compiler design,Vivarium building,Abstract logic puzzle
5:41,ESFP_AB_F,Noise pop composition,Singer songwriter composition,Epic fantasy writing,Type system compiler design,Vivarium building,Abstract logic puzzle
5:52,INTJ_A_M,Sludge metal composition,Heavy psych composition,Comic book graphic novel writing,Type system compiler design,Biathlon,Hashiwokakero bridge puzzle
6:03,INTP_A_M,Hauntology composition,Heavy psych composition,Comic book graphic novel writing,Type system compiler design,Biathlon,Hashiwokakero bridge puzzle
6:14,ENTJ_A_M,Doom metal composition,Heavy psych composition,Precision light field rendering,Type system compiler design,Biathlon,Hashiwokakero bridge puzzle
6:25,ENTP_A_M,EBM composition,Heavy psych composition,Precision light field rendering,Urban heat island dynamic visualization,Biathlon,Hashiwokakero bridge puzzle
6:36,INFJ_A_M,Space rock composition,Heavy psych composition,Epic fantasy writing,Type system compiler design,Biathlon,Hashiwokakero bridge puzzle
6:47,INFP_A_M,Sludge metal composition,Heavy psych composition,Epic fantasy writing,Type system compiler design,Biathlon,Hashiwokakero bridge puzzle
6:58,ENFJ_A_M,Aero ambient composition,Heavy psych composition,Algae materials fermentation,Type system compiler design,Biathlon,Hashiwokakero bridge puzzle
7:09,ENFP_A_M,Aero ambient composition,Progressive metal,Light painting photography,Type system compiler design,Biathlon,Hashiwokakero bridge puzzle
7:20,ISTJ_A_M,Dark ambient composition,Heavy psych composition,Comic book graphic novel writing,Type system compiler design,Biathlon,Hashiwokakero bridge puzzle
7:31,ISTP_A_M,Sludge metal composition,Heavy psych composition,Comic book graphic novel writing,Type system compiler design,Biathlon,Hashiwokakero bridge puzzle
7:42,ESTJ_A_M,EBM composition,Heavy psych composition,Generative CNC machining,Type system compiler design,Biathlon,Hashiwokakero bridge puzzle
7:53,ESTP_A_M,EBM composition,Heavy psych composition,Generative CNC machining,Urban heat island dynamic visualization,Biathlon,Hashiwokakero bridge puzzle
8:04,ISFJ_A_M,Aero ambient composition,Heavy psych composition,Epic fantasy writing,Type system compiler design,Biathlon,Hashiwokakero bridge puzzle
8:15,ISFP_A_M,Glam rock composition,Heavy psych composition,Epic fantasy writing,Type system compiler design,Biathlon,Hashiwokakero bridge puzzle
8:26,ESFJ_A_M,Hyperpop composition,Heavy psych composition,Microbial biomaterials engineering,Type system compiler design,Biathlon,Hashiwokakero bridge puzzle
8:37,ESFP_A_M,Hyperpop composition,Heavy psych composition,Microbial biomaterials engineering,Urban heat island dynamic visualization,Sabre fencing,Hashiwokakero bridge puzzle
8:48,INTJ_A_F,Aero ambient composition,Singer songwriter composition,Epic fantasy writing,Type system compiler design,Vivarium building,Hashiwokakero bridge puzzle
8:59,INTP_A_F,Space rock composition,Singer songwriter composition,Epic fantasy writing,Type system compiler design,Vivarium building,Hashiwokakero bridge puzzle
9:10,ENTJ_A_F,Glam rock composition,Hauntology composition,Light painting photography,Type system compiler design,Rink roller skate,Hashiwokakero bridge puzzle
9:21,ENTP_A_F,Aero ambient composition,Hauntology composition,Algae materials fermentation,Urban heat island dynamic visualization,Rink roller skate,Hashiwokakero bridge puzzle
9:32,INFJ_A_F,Aero ambient composition,Singer songwriter composition,Epic fantasy writing,Type system compiler design,Vivarium building,Geoguesser spatial reasoning
9:43,INFP_A_F,Art pop composition,Singer songwriter composition,Epic fantasy writing,Type system compiler design,Vivarium building,Hashiwokakero bridge puzzle
9:54,ENFJ_A_F,Aero ambient composition,Hauntology composition,Motion graphic design,Type system compiler design,Vivarium building,Geoguesser spatial reasoning
10:05,ENFP_A_F,Noise pop composition,Singer songwriter composition,Epic fantasy writing,Urban heat island dynamic visualization,Vivarium building,Geoguesser spatial reasoning
10:16,ISTJ_A_F,Glam rock composition,Singer songwriter composition,Epic fantasy writing,Type system compiler design,Vivarium building,Hashiwokakero bridge puzzle
10:27,ISTP_A_F,Glitch opera composition,Singer songwriter composition,Epic fantasy writing,Type system compiler design,Vivarium building,Hashiwokakero bridge puzzle
10:38,ESTJ_A_F,Aero ambient composition,Art pop experimental composition,Light painting photography,Type system compiler design,Artistic swimming,Hashiwokakero bridge puzzle
10:49,ESTP_A_F,Aero ambient composition,Singer songwriter composition,Light painting photography,Type system compiler design,Vivarium building,Hashiwokakero bridge puzzle
11:00,ISFJ_A_F,Glam rock composition,Singer songwriter composition,Epic fantasy writing,Type system compiler design,Vivarium building,Geoguesser spatial reasoning
11:11,ISFP_A_F,Chillwave composition,Singer songwriter composition,Epic fantasy writing,Type system compiler design,Vivarium building,Hashiwokakero bridge puzzle
11:22,ESFJ_A_F,Aero ambient composition,Hauntology composition,Light painting photography,Type system compiler design,Artistic swimming,Geoguesser spatial reasoning
11:33,ESFP_A_F,Chillwave composition,Singer songwriter composition,Motion graphic design,Type system compiler design,Vivarium building,Retrocomputing
11:44,INTJ_O_M,Doom metal composition,Heavy psych composition,Generative CNC machining,Type system compiler design,Biathlon,Sumgrid mobile game
11:55,INTP_O_M,Sludge metal composition,Heavy psych composition,Precision light field rendering,Urban heat island dynamic visualization,Biathlon,Sumgrid mobile game
12:06,ENTJ_O_M,EBM composition,Heavy psych composition,Standup paddle boarding,Type system compiler design,Biathlon,Sumgrid mobile game
12:17,ENTP_O_M,Hyperpop composition,Heavy psych composition,Generative CNC machining,Urban heat island dynamic visualization,Biathlon,Sumgrid mobile game
12:28,INFJ_O_M,Aero ambient composition,Heavy psych composition,Epic fantasy writing,Type system compiler design,Biathlon,Sumgrid mobile game
12:39,INFP_O_M,Aero ambient composition,Heavy psych composition,Light painting photography,Urban heat island dynamic visualization,Biathlon,Sumgrid mobile game
12:50,ENFJ_O_M,Aero ambient composition,Heavy psych composition,Standup paddle boarding,Type system compiler design,Biathlon,Sumgrid mobile game
13:01,ENFP_O_M,Aero ambient composition,Heavy psych composition,Generative CNC machining,Urban heat island dynamic visualization,Biathlon,Sumgrid mobile game
13:12,ISTJ_O_M,Aero ambient composition,Heavy psych composition,Comic book graphic novel writing,Type system compiler design,Biathlon,Sumgrid mobile game
13:23,ISTP_O_M,Sludge metal composition,Heavy psych composition,Generative CNC machining,Urban heat island dynamic visualization,Biathlon,Sumgrid mobile game
13:34,ESTJ_O_M,Doom metal composition,Heavy psych composition,Generative CNC machining,Type system compiler design,Biathlon,Sumgrid mobile game
13:45,ESTP_O_M,EBM composition,Heavy psych composition,Generative CNC machining,Urban heat island dynamic visualization,Biathlon,Sumgrid mobile game
13:56,ISFJ_O_M,Aero ambient composition,Heavy psych composition,Light painting photography,Type system compiler design,Biathlon,Sumgrid mobile game
14:07,ISFP_O_M,Aero ambient composition,Heavy psych composition,Light painting photography,Type system compiler design,Biathlon,Sumgrid mobile game
14:18,ESFJ_O_M,Aero ambient composition,Heavy psych composition,Generative CNC machining,Type system compiler design,Biathlon,Sumgrid mobile game
14:29,ESFP_O_M,Hyperpop composition,Heavy psych composition,Generative CNC machining,Urban heat island dynamic visualization,Biathlon,Sumgrid mobile game
14:40,INTJ_O_F,Aero ambient composition,Space rock,Comic book graphic novel writing,Type system compiler design,Restorative yoga,Sumgrid mobile game
14:51,INTP_O_F,Aero ambient composition,Space rock,Comic book graphic novel writing,Urban heat island dynamic visualization,Restorative yoga,Sumgrid mobile game
15:02,ENTJ_O_F,Glam rock composition,Tango,Standup paddle boarding,Type system compiler design,Sandboarding,Sumgrid mobile game
15:13,ENTP_O_F,Hyperpop composition,Art pop experimental composition,Generative CNC machining,Urban heat island dynamic visualization,Sandboarding,Sumgrid mobile game
15:24,INFJ_O_F,Art pop composition,Singer songwriter composition,Epic fantasy writing,Type system compiler design,Vivarium building,Sumgrid mobile game
15:35,INFP_O_F,Aero ambient composition,Singer songwriter composition,Epic fantasy writing,Urban heat island dynamic visualization,Vivarium building,Sumgrid mobile game
15:46,ENFJ_O_F,Aero ambient composition,Hauntology composition,Motion graphic design,Type system compiler design,Artistic swimming,Sumgrid mobile game
15:57,ENFP_O_F,Aero ambient composition,Hauntology composition,Motion graphic design,Urban heat island dynamic visualization,Rink roller skate,Sumgrid mobile game
16:08,ISTJ_O_F,Aero ambient composition,Cyanotype sun printing,Comic book graphic novel writing,Type system compiler design,Restorative yoga,Sumgrid mobile game
16:19,ISTP_O_F,Aero ambient composition,Dream pop composition,Light painting photography,Urban heat island dynamic visualization,Restorative yoga,Sumgrid mobile game
16:30,ESTJ_O_F,Doom metal composition,House dance,Generative CNC machining,Type system compiler design,Sandboarding,Sumgrid mobile game
16:41,ESTP_O_F,Aero ambient composition,Hauntology composition,Microbial biomaterials engineering,Urban heat island dynamic visualization,Rink roller skate,Sumgrid mobile game
16:52,ISFJ_O_F,Aero ambient composition,Singer songwriter composition,Light painting photography,Type system compiler design,Vivarium building,Sumgrid mobile game
17:03,ISFP_O_F,Hyperpop composition,Singer songwriter composition,Epic fantasy writing,Type system compiler design,Vivarium building,Sumgrid mobile game
17:14,ESFJ_O_F,Aero ambient composition,Hauntology composition,Microbial biomaterials engineering,Type system compiler design,Rink roller skate,Sumgrid mobile game
17:25,ESFP_O_F,Aero ambient composition,Hauntology composition,Microbial biomaterials engineering,Urban heat island dynamic visualization,Artistic swimming,Sumgrid mobile game
17:36,INTJ_B_M,Space rock composition,Heavy psych composition,Epic fantasy writing,Type system compiler design,Biathlon,Beat composition
17:47,INTP_B_M,Ambient electronica composition,Progressive metal,Epic fantasy writing,Fractal terrain synthesis GAEA,Epee fencing,Beat composition
17:58,ENTJ_B_M,Hauntology composition,Heavy psych composition,Epic fantasy writing,Fractal terrain synthesis GAEA,Biathlon,Beat composition
18:09,ENTP_B_M,Electropop composition,Heavy psych composition,Epic fantasy writing,Type system compiler design,Biathlon,Beat composition
18:20,INFJ_B_M,Weird pop composition,Progressive metal,Epic fantasy writing,Fractal terrain synthesis GAEA,Biathlon,Value investment research
18:31,INFP_B_M,Dark ambient composition,Progressive metal,Epic fantasy writing,Fractal terrain synthesis GAEA,Biathlon,Beat composition
18:42,ENFJ_B_M,Aero ambient composition,Heavy psych composition,Epic fantasy writing,Type system compiler design,Muay thai complex drill,Beat composition
18:53,ENFP_B_M,Ambient electronica composition,Progressive metal,Epic fantasy writing,Type system compiler design,Biathlon,Beat composition
19:04,ISTJ_B_M,Weird pop composition,Heavy psych composition,Epic fantasy writing,Type system compiler design,Biathlon,Beat composition
19:15,ISTP_B_M,Dark ambient composition,Heavy psych composition,Epic fantasy writing,Type system compiler design,Biathlon,Beat composition
19:26,ESTJ_B_M,Stoner rock composition,Heavy psych composition,Comic book graphic novel writing,Type system compiler design,Biathlon,Beat composition
19:37,ESTP_B_M,Noise pop composition,Heavy psych composition,Epic fantasy writing,Type system compiler design,Biathlon,Beat composition
19:48,ISFJ_B_M,Freak folk composition,Progressive metal,Epic fantasy writing,Fractal terrain synthesis GAEA,Football libero,Value investment research
19:59,ISFP_B_M,Weird pop composition,Progressive metal,Epic fantasy writing,Type system compiler design,Muay thai complex drill,Value investment research
20:10,ESFJ_B_M,Space rock composition,Heavy psych composition,Epic fantasy writing,Simulation game real time engine architecture,Muay thai complex drill,Beat composition
20:21,ESFP_B_M,Noise pop composition,Progressive metal,Epic fantasy writing,Type system compiler design,Muay thai complex drill,Beat composition
20:32,INTJ_B_F,Weird pop composition,Singer songwriter composition,Epic fantasy writing,Fractal terrain synthesis GAEA,Vivarium building,Value investment research
20:43,INTP_B_F,Ambient electronica composition,Singer songwriter composition,Epic fantasy writing,Fractal terrain synthesis GAEA,Vivarium building,Permaculture simulation
20:54,ENTJ_B_F,Space rock composition,Singer songwriter composition,Epic fantasy writing,Simulation game real time engine architecture,Vivarium building,Value investment research
21:05,ENTP_B_F,New wave composition,Singer songwriter composition,Epic fantasy writing,Fractal terrain synthesis GAEA,Vivarium building,Value investment research
21:16,INFJ_B_F,Noise pop composition,Singer songwriter composition,Epic fantasy writing,BIM modelling,Vivarium building,Permaculture simulation
21:27,INFP_B_F,Noise pop composition,Singer songwriter composition,Epic fantasy writing,Fractal terrain synthesis GAEA,Vivarium building,Permaculture simulation
21:38,ENFJ_B_F,Baroque composition,Singer songwriter composition,Epic fantasy writing,Type system compiler design,Vivarium building,Permaculture simulation
21:49,ENFP_B_F,Noise pop composition,Singer songwriter composition,Epic fantasy writing,BIM modelling,Vivarium building,Permaculture simulation
22:00,ISTJ_B_F,Weird pop composition,Singer songwriter composition,Epic fantasy writing,Fractal terrain synthesis GAEA,Vivarium building,Permaculture simulation
22:11,ISTP_B_F,Glitch opera composition,Singer songwriter composition,Epic fantasy writing,Type system compiler design,Vivarium building,Value investment research
22:22,ESTJ_B_F,Baroque composition,Singer songwriter composition,Epic fantasy writing,Fractal terrain synthesis GAEA,Vivarium building,Beat composition
22:33,ESTP_B_F,Noise pop composition,Singer songwriter composition,Epic fantasy writing,Type system compiler design,Vivarium building,Value investment research
22:44,ISFJ_B_F,Weird pop composition,Singer songwriter composition,Epic fantasy writing,Fractal terrain synthesis GAEA,Vivarium building,Permaculture simulation
22:55,ISFP_B_F,Baroque composition,Singer songwriter composition,Epic fantasy writing,Fractal terrain synthesis GAEA,Vivarium building,Permaculture simulation
23:06,ESFJ_B_F,New wave composition,Singer songwriter composition,Epic fantasy writing,BIM modelling,Vivarium building,Permaculture simulation
23:17,ESFP_B_F,Noise pop composition,Singer songwriter composition,Epic fantasy writing,BIM modelling,Vivarium building,Permaculture simulation
