num,element,profile,shape1_music,shape1_tech,shape1_sport,shape2_music,shape2_tech,shape2_sport,shape3_music,shape3_tech,shape3_sport,shape4_music,shape4_tech,shape4_sport
1,H,ENFP_M_O,SPACE ROCK,motion graphic designer,shortboard aerial surfing,minimal / deep techno,tax planner (coordinator),3 cushion,ecological sketch from imagination,biomaterials engineer,forest trail running,bookbinding,tax planner (coordinator),3 cushion billiards
2,He,ISFP_F_A,"Play electric guitar, avant pop",light artist,paddleboard,Lofi,quantum computing researcher,4d printing,clay modelling with hand,GIS professional,urban vegetable community gardening,drum machine sampler,cryptologist,inline skating aggressive
3,Li,ESFJ_M_O,SMOKE JUMPER,graffiti,triathlon,progressive rock,roller skating (park recreational),taebo class,precision pen drawing,INTERIOR DESIGN RENDER,inline skating slalom,ceramic art,Computer art,flyboarding hover
4,Be,INTP_M_O,Judo Clean and Jerk,vfx motion graphic artist,obstacle course racing,nonogram puzzle,data warehouse ETL pipeline engineer,tent and trees puzzle,Amb folk composition,software product manager (technical),artistic swimming,Experimental ambient composition,minimalistic architecture,indoor climbing
5,B,ENTP_F_A,tango,Interface designer,beach volleyball,progressive techno,cryptographer,fjord coastal trekking,improvisational pianist,battleship shooting games,CLAY PIGEON SHOOTING,felt making,soil scientist,cart racing precision
6,C,ESTP_M_O,noise ambient / yin yoga,taichi,Swimming,Free jazz composition (through-composed),independent sw architect (hobby),biathlon,drone aerial photography,vr visual programming,ice dance,longboard surfing,schumann resonance dll designer,WINDSURFING
7,N,INTP_M_AB,shoegaze / longboard downhill,SEISMOLOGIST,SURFING FREERIDE,precision pen drawing,INTERIOR DESIGN RENDER,inline skating slalom,tango,Interface designer,beach volleyball,planatary stargazing,Landscape painting after work from memory or sunset,Freeride snowboard
8,O,ISTP_M_O,Electronica composition,fractal art,polar trekking,rollerskating park recreational,independent fashion designer,yoga vinyasa afterwork,cliff diving,industrial graphic design,postrock / Hammock,fractal art,white hacker,polar trekking
9,F,ESTJ_F_AB,clay modelling with hand,GIS professional,urban vegetable community gardening,marbling art ebru,netball wing attack,alps hiking,Amb folk composition,software product manager (technical),artistic swimming,progressive techno,cryptographer,fjord coastal trekking
10,Ne,ENFP_F_A,NEW WAVE / site specific atmospheric dance,VR AR ENVIRONMENT DESIGN,KORFBALL ATTACK (indoor wavepool surf),Judo Clean and Jerk,vfx motion graphic artist,EXPERIMENTAL POP COMP,Lofi,quantum computing researcher,4d printing,clay modelling with hand,GIS professional,urban vegetable community gardening
11,Na,INFJ_F_A,Lofi,quantum computing researcher,4d printing,indie folk,cartographic illustration,NORDIC SKIING,watchmaking,precision instrument calibration,competitive rubiks cube,drum machine sampler,cryptologist,inline skating aggressive
12,Mg,ESFP_F_O,Electronica composition,fractal art,polar trekking,gentle swimming,childrens book illustrator,slack lining,cliff diving,industrial graphic design,postrock / Hammock,bookbinding,tax planner (coordinator),3 cushion billiards
13,Al,ESFP_M_O,noise rock,tactical training,rugby,night time longboard,Installation artist,Darkroom photography,ceramic art,Computer art,flyboarding hover,traditional music transcription,archival research,racketball
14,Si,ISTP_M_O,Electronica composition,fractal art,polar trekking,tango,Interface designer,beach volleyball,cliff diving,industrial graphic design,postrock / Hammock,topology problem set,number theory hobby,chess puzzle composition
15,P,ISTP_F_O,improvisational pianist,battleship shooting games,CLAY PIGEON SHOOTING,fractal art,white hacker,polar trekking,roller derby avant pop (city pop synth),urban planning,trail running,progressive techno,cryptographer,fjord coastal trekking
16,S,INFJ_F_A,improvisational pianist,battleship shooting games,CLAY PIGEON SHOOTING,indie folk,cartographic illustration,NORDIC SKIING,watchmaking,precision instrument calibration,competitive rubiks cube,progressive techno,cryptographer,fjord coastal trekking
17,Cl,ESTJ_F_O,clay modelling with hand,GIS professional,urban vegetable community gardening,Folktronica composition Adventure racing,Biophillic architectural design,biathlon,indie folk,cartographic illustration,NORDIC SKIING,cliff diving,industrial graphic design,postrock / Hammock
18,Ar,ENFJ_M_O,capoeira,festival director,acrobatic yoga,EXTREME SPORTS EVENT CREATOR,airsoft,BMX racing individual pursuit,planatary stargazing,Landscape painting after work from memory or sunset,Freeride snowboard,precision pen drawing,INTERIOR DESIGN RENDER,inline skating slalom
19,K,ENFJ_F_A,Contemporary dance music / spontaneous edm djing,Real Time databoard visualisation,icehockey wing,Contemporary dance choreography,IOT Engineer,bouldering,traditional music transcription,archival research,racketball,noise rock,tactical training,rugby
20,Ca,ENTJ_M_O,mittwork shadow boxing,Wood carving,marksmanship,roller derby avant pop (city pop synth),urban planning,trail running,felt making,soil scientist,cart racing precision,needlepoint canvas work,tufting,running in the nature
21,Sc,ENFP_M_O,longboard cruising,cinematic visual concept artist,snowboard downhill,noise ambient / yin yoga,taichi,Swimming,drone aerial photography,vr visual programming,ice dance,watchmaking,precision instrument calibration,competitive rubiks cube
22,Ti,ESTJ_F_A,traditional music transcription,archival research,racketball,improvisational pianist,battleship shooting games,CLAY PIGEON SHOOTING,rollerskating park recreational,independent fashion designer,yoga vinyasa afterwork,progressive techno,cryptographer,fjord coastal trekking
23,V,ESFP_F_O,Electronica composition,fractal art,polar trekking,progressive rock,roller skating (park recreational),taebo class,cliff diving,industrial graphic design,postrock / Hammock,precision pen drawing,INTERIOR DESIGN RENDER,inline skating slalom
24,Cr,ENFP_F_A,NEW WAVE / site specific atmospheric dance,VR AR ENVIRONMENT DESIGN,KORFBALL ATTACK (indoor wavepool surf),mixed media digital analogue collage,rhythm roller skating,up cycling,Folktronica composition Adventure racing,Biophillic architectural design,biathlon,watchmaking,precision instrument calibration,competitive rubiks cube
25,Mn,INFJ_F_O,Berliner schule composition,textile designer,park/bowls skateboarding,solo touring kayak / retrowave,light artist,paddleboard,clay modelling with hand,GIS professional,urban vegetable community gardening,shoegaze / longboard downhill,SEISMOLOGIST,SURFING FREERIDE
26,Fe,ISTJ_F_A,Lofi,quantum computing researcher,4d printing,Berliner schule composition,IOT Engineer,ice climbing waterfall,rollerskating park recreational,independent fashion designer,yoga vinyasa afterwork,drum machine sampler,cryptologist,inline skating aggressive
27,Co,ENTJ_F_A,tango,Interface designer,beach volleyball,mountain biking downhill,acrylic/paint pour,trail running steep,planatary stargazing,Landscape painting after work from memory or sunset,Freeride snowboard,precision pen drawing,INTERIOR DESIGN RENDER,inline skating slalom
28,Ni,ESFJ_F_A,Amb folk composition,software product manager (technical),artistic swimming,marbling art ebru,netball wing attack,alps hiking,mountain biking downhill,acrylic/paint pour,trail running steep,bookbinding,tax planner (coordinator),3 cushion billiards
29,Cu,ESTJ_M_O,motorcross freestyle,motorcycle engine rebuild,metal alloy recycle grid operator,Amb folk composition,software product manager (technical),artistic swimming,marbling art ebru,netball wing attack,alps hiking,glitch opera (structured),Car cpu developer,marksmanship precision
30,Zn,ENFP_F_A,DJ turntablist binaural beat composition,game sound designer,BMX street,avant pop,light artist,board game competitive,Folktronica composition Adventure racing,Biophillic architectural design,biathlon,traditional music transcription,archival research,racketball
31,Ga,ISTJ_F_A,Folktronica composition Adventure racing,Biophillic architectural design,biathlon,Free jazz composition (through-composed),independent sw architect (hobby),biathlon,roller derby avant pop (city pop synth),urban planning,trail running,cliff diving,industrial graphic design,postrock / Hammock
32,Ge,ESTJ_F_O,felt making,soil scientist,cart racing precision,Folktronica composition Adventure racing,Biophillic architectural design,biathlon,roller derby avant pop (city pop synth),urban planning,trail running,cliff diving,industrial graphic design,postrock / Hammock
33,As,ESTP_M_A,noise rock,tactical training,rugby,dark textile weaving,special forces agent,SERE training,marbling art ebru,netball wing attack,alps hiking,Amb folk composition,software product manager (technical),artistic swimming
34,Se,ISTJ_M_A,Judo Clean and Jerk,vfx motion graphic artist,obstacle course racing,"Play electric guitar, avant pop",light artist,paddleboard,watchmaking,precision instrument calibration,competitive rubiks cube,drone aerial photography,vr visual programming,ice dance
35,Br,ISTJ_M_O,SMOKE JUMPER,graffiti,triathlon,tango,Interface designer,beach volleyball,traditional music transcription,archival research,racketball,planatary stargazing,Landscape painting after work from memory or sunset,Freeride snowboard
36,Kr,ISFJ_F_A,traditional music transcription,archival research,racketball,acoustic arrangement,acoustic arrangement,yoga restorative,rollerskating park recreational,independent fashion designer,yoga vinyasa afterwork,noise rock,tactical training,rugby
37,Rb,INFJ_M_O,"Play electric guitar, avant pop",light artist,paddleboard,drone aerial photography,vr visual programming,ice dance,SMOKE JUMPER,graffiti,triathlon,clay modelling with hand,GIS professional,urban vegetable community gardening
38,Sr,ENTJ_M_O,motorcross freestyle,motorcycle engine rebuild,metal alloy recycle grid operator,tango,Interface designer,beach volleyball,felt making,soil scientist,cart racing precision,planatary stargazing,Landscape painting after work from memory or sunset,Freeride snowboard
39,Y,ENTJ_F_O,"Play electric guitar, avant pop",light artist,paddleboard,noise ambient / yin yoga,taichi,Swimming,Experimental ambient composition,minimalistic architecture,indoor climbing,SF worldbuilding,vbeer brewing hobby,free climbing multipitch
40,Zr,INFJ_F_A,Folktronica composition Adventure racing,Biophillic architectural design,biathlon,Amb folk composition,software product manager (technical),artistic swimming,watchmaking,precision instrument calibration,competitive rubiks cube,cliff diving,industrial graphic design,postrock / Hammock
41,Nb,INTP_M_A,Free jazz composition,horologist,free climbing,bookbinding,tax planner (coordinator),3 cushion billiards,Amb folk composition,software product manager (technical),artistic swimming,marbling art ebru,netball wing attack,alps hiking
42,Mo,ISTJ_F_A,symphonic prog,Distributed system architecture developer,lacrosse,Free jazz composition (through-composed),independent sw architect (hobby),biathlon,rollerskating park recreational,independent fashion designer,yoga vinyasa afterwork,Black Pottery,strategy board game,Street Skateboarding
43,Tc,INTP_F_A,MECCANO HOBBY,EMBEDDED SYSTEMS FIRMWARE,SINGLE SCULL ROWING,marbling art ebru,netball wing attack,alps hiking,drum machine sampler,cryptologist,inline skating aggressive,Amb folk composition,software product manager (technical),artistic swimming
44,Ru,INFP_F_O,indie folk,cartographic illustration,NORDIC SKIING,Chamber pop,precision pen drawing,Digital forensics,bookbinding,tax planner (coordinator),3 cushion billiards,mountain biking downhill,acrylic/paint pour,trail running steep
45,Rh,ISFJ_F_O,precision pen drawing,INTERIOR DESIGN RENDER,inline skating slalom,Electronica composition,fractal art,polar trekking,rollerskating park recreational,independent fashion designer,yoga vinyasa afterwork,cliff diving,industrial graphic design,postrock / Hammock
46,Pd,INTJ_M_A,Contemporary dance music / spontaneous edm djing,Real Time databoard visualisation,icehockey wing,motorcross freestyle,motorcycle engine rebuild,metal alloy recycle grid operator,ceramic art,Computer art,flyboarding hover,felt making,soil scientist,cart racing precision
47,Ag,ESFP_M_O,no wave,canyoneering,open water swimming,nighttime cycling,wildlife documentary,inline aerial,needlepoint canvas work,tufting,running in the nature,traditional music transcription,archival research,racketball
48,Cd,ESFP_F_A,Contemporary dance choreography,IOT Engineer,bouldering,rollerskating park recreational,independent fashion designer,yoga vinyasa afterwork,noise rock,tactical training,rugby,felt making,soil scientist,cart racing precision
49,In,ESFP_M_A,noise ambient / yin yoga,taichi,Swimming,solo touring kayak / retrowave,light artist,paddleboard,drone aerial photography,vr visual programming,ice dance,watchmaking,precision instrument calibration,competitive rubiks cube
50,Sn,ENFJ_F_O,FLOW PARKOUR,game systems design,BMX AERIAL,Folktronica composition Adventure racing,Biophillic architectural design,biathlon,watchmaking,precision instrument calibration,competitive rubiks cube,mixed media digital analogue collage,rhythm roller skating,up cycling
51,Sb,ESFP_F_A,Contemporary classical / writing mystery novels,Leader who leads through debate and persuasion,EPEE FENCING,Amb folk composition,software product manager (technical),artistic swimming,shoegaze / longboard downhill,SEISMOLOGIST,SURFING FREERIDE,bookbinding,tax planner (coordinator),3 cushion billiards
52,Te,ENFJ_F_A,DJ turntablist binaural beat composition,game sound designer,BMX street,Lofi,quantum computing researcher,4d printing,felt making,soil scientist,cart racing precision,drum machine sampler,cryptologist,inline skating aggressive
53,I,ISFP_F_O,progressive rock,roller skating (park recreational),taebo class,Contemporary dance choreography,IOT Engineer,bouldering,precision pen drawing,INTERIOR DESIGN RENDER,inline skating slalom,noise rock,tactical training,rugby
54,Xe,ESFJ_F_A,indie folk,cartographic illustration,NORDIC SKIING,vivarium building,web design for her business,independent fashion designer,noise rock,tactical training,rugby,clay modelling with hand,GIS professional,urban vegetable community gardening
55,Cs,ENFJ_M_O,DJ turntablist binaural beat composition,game sound designer,BMX street,muay thai,TV journalist,tactical precision fps,needlepoint canvas work,tufting,running in the nature,felt making,soil scientist,cart racing precision
56,Ba,INTJ_M_O,Contemporary dance music / spontaneous edm djing,Real Time databoard visualisation,icehockey wing,muay thai,TV journalist,tactical precision fps,ceramic art,Computer art,flyboarding hover,felt making,soil scientist,cart racing precision
57,La,ISFP_M_O, rollerskating park recreational,regional designer,surfing,muay thai,TV journalist,tactical precision fps,drone aerial photography,vr visual programming,ice dance,watchmaking,precision instrument calibration,competitive rubiks cube
58,Ce,INFP_M_O,j turntablist / Indie rock comp,stunt performer,rhythmic fencing,muay thai,TV journalist,tactical precision fps,marbling art ebru,netball wing attack,alps hiking,bookbinding,tax planner (coordinator),3 cushion billiards
59,Pr,ENTJ_F_O,roller derby avant pop (city pop synth),urban planning,trail running,no wave,canyoneering,open water swimming,Triphop composition / splitboarding snowboard,hydrological engineer,fjord coastal trekking,Berliner schule composition,IOT Engineer,ice climbing waterfall
60,Nd,ESTP_F_O,traditional music transcription,archival research,racketball,Contemporary classical / writing mystery novels,Leader who leads through debate and persuasion,EPEE FENCING,rollerskating park recreational,independent fashion designer,yoga vinyasa afterwork,shoegaze / longboard downhill,SEISMOLOGIST,SURFING FREERIDE
61,Pm,INTJ_M_A,j turntablist / Indie rock comp,stunt performer,rhythmic fencing,Free jazz composition,horologist,free climbing,marbling art ebru,netball wing attack,alps hiking,bookbinding,tax planner (coordinator),3 cushion billiards
62,Sm,ESTP_F_A,clay modelling with hand,GIS professional,urban vegetable community gardening,Contemporary classical / writing mystery novels,Leader who leads through debate and persuasion,EPEE FENCING,gentle swimming,childrens book illustrator,slack lining,shoegaze / longboard downhill,SEISMOLOGIST,SURFING FREERIDE
63,Eu,INTP_F_O,photogrammetry 3d scanning,algorhythm designer,pacing strategy distance swim,acoustic arrangement,acoustic arrangement,yoga restorative,progressive techno,cryptographer,fjord coastal trekking,rollerskating park recreational,independent fashion designer,yoga vinyasa afterwork
64,Gd,ENFJ_F_O,FLOWBOARDING / MUSIC CONCRETE,creative tools developer,FLOORBALL,Contemporary classical / writing mystery novels,Leader who leads through debate and persuasion,EPEE FENCING,precision pen drawing,INTERIOR DESIGN RENDER,inline skating slalom,Karate synth pop,Gundam model kit,korfball defence
65,Tb,ENFP_F_O,j turntablist / Indie rock comp,stunt performer,rhythmic fencing,mixed media digital analogue collage,rhythm roller skating,up cycling,Folktronica composition Adventure racing,Biophillic architectural design,biathlon,watchmaking,precision instrument calibration,competitive rubiks cube
66,Dy,INTJ_F_A,progressive rock,roller skating (park recreational),taebo class,improvisational pianist,battleship shooting games,CLAY PIGEON SHOOTING,precision pen drawing,INTERIOR DESIGN RENDER,inline skating slalom,progressive techno,cryptographer,fjord coastal trekking
67,Ho,ENTP_F_A,rollerskating park recreational,independent fashion designer,yoga vinyasa afterwork,mountain biking downhill,acrylic/paint pour,trail running steep,Chamber pop,precision pen drawing,Digital forensics,precision pen drawing,INTERIOR DESIGN RENDER,inline skating slalom
68,Er,ESTJ_F_A,traditional music transcription,archival research,racketball,Lofi,quantum computing researcher,4d printing,progressive rock,roller skating (park recreational),taebo class,drum machine sampler,cryptologist,inline skating aggressive
69,Tm,ESTP_M_A,mountain biking downhill,acrylic/paint pour,trail running steep,dark textile weaving,special forces agent,SERE training,needlepoint canvas work,tufting,running in the nature,roller derby avant pop (city pop synth),urban planning,trail running
70,Yb,ESFJ_M_O,Judo Clean and Jerk,vfx motion graphic artist,obstacle course racing,Amb folk composition,software product manager (technical),artistic swimming,watchmaking,precision instrument calibration,competitive rubiks cube,marbling art ebru,netball wing attack,alps hiking
71,Lu,INFP_F_O,progressive rock,roller skating (park recreational),taebo class,improvisational pianist,battleship shooting games,CLAY PIGEON SHOOTING,traditional music transcription,archival research,racketball,progressive techno,cryptographer,fjord coastal trekking
72,Hf,ISFJ_M_A,motorcross freestyle,motorcycle engine rebuild,metal alloy recycle grid operator,progressive rock,roller skating (park recreational),taebo class,Berliner schule composition,IOT Engineer,ice climbing waterfall,ceramic art,Computer art,flyboarding hover
73,Ta,ESFP_F_A,improvisational pianist,battleship shooting games,CLAY PIGEON SHOOTING,Amb folk composition,software product manager (technical),artistic swimming,progressive techno,cryptographer,fjord coastal trekking,clay modelling with hand,GIS professional,urban vegetable community gardening
74,W,ISTP_F_A,symphonic prog,Distributed system architecture developer,lacrosse,bookbinding,tax planner (coordinator),3 cushion billiards,indie folk,cartographic illustration,NORDIC SKIING,Black Pottery,strategy board game,Street Skateboarding
75,Re,INTJ_F_O,gentle swimming,childrens book illustrator,slack lining,improvisational pianist,battleship shooting games,CLAY PIGEON SHOOTING,watchmaking,precision instrument calibration,competitive rubiks cube,progressive techno,cryptographer,fjord coastal trekking
76,Os,ENFJ_M_A,j turntablist / Indie rock comp,stunt performer,rhythmic fencing,EXTREME SPORTS EVENT CREATOR,airsoft,BMX racing individual pursuit,marbling art ebru,netball wing attack,alps hiking,bookbinding,tax planner (coordinator),3 cushion billiards
77,Ir,INTP_M_A,muay thai,TV journalist,tactical precision fps,traditional music transcription,archival research,racketball,roller derby avant pop (city pop synth),urban planning,trail running,needlepoint canvas work,tufting,running in the nature
78,Pt,ESFJ_F_A,"Play electric guitar, avant pop",light artist,paddleboard,drone aerial photography,vr visual programming,ice dance,mountain biking downhill,acrylic/paint pour,trail running steep,watchmaking,precision instrument calibration,competitive rubiks cube
79,Au,ISFJ_F_A,precision pen drawing,INTERIOR DESIGN RENDER,inline skating slalom,planatary stargazing,Landscape painting after work from memory or sunset,Freeride snowboard,tango,Interface designer,beach volleyball,progressive techno,cryptographer,fjord coastal trekking
80,Hg,INFJ_M_A,Amb folk composition,software product manager (technical),artistic swimming,marbling art ebru,netball wing attack,alps hiking,SMOKE JUMPER,graffiti,triathlon,watchmaking,precision instrument calibration,competitive rubiks cube
81,Tl,ISFJ_F_O,watchmaking,precision instrument calibration,competitive rubiks cube,Electronica composition,fractal art,polar trekking,"Play electric guitar, avant pop",light artist,paddleboard,cliff diving,industrial graphic design,postrock / Hammock
82,Pb,ENFJ_M_A,NEW WAVE / site specific atmospheric dance,VR AR ENVIRONMENT DESIGN,KORFBALL ATTACK (indoor wavepool surf),Judo Clean and Jerk,vfx motion graphic artist,obstacle course racing,ecological sketch from imagination,biomaterials engineer,forest trail running,watchmaking,precision instrument calibration,competitive rubiks cube
83,Bi,ISTP_M_A,Ghibli adjacent / nighttime drone photography,cinematic visual concept artist,snowboard downhill,tango,Interface designer,beach volleyball,mountain biking downhill,acrylic/paint pour,trail running steep,felt making,soil scientist,cart racing precision
84,Po,ESTP_F_A,watchmaking,precision instrument calibration,competitive rubiks cube,Folktronica composition Adventure racing,Biophillic architectural design,biathlon,Amb folk composition,software product manager (technical),artistic swimming,cliff diving,industrial graphic design,postrock / Hammock
85,At,ISTJ_F_O,Folktronica composition Adventure racing,Biophillic architectural design,biathlon,SF worldbuilding,vbeer brewing hobby,free climbing multipitch,tango,Interface designer,beach volleyball,Noise pop composition,Conservation architect,Freeride snowboard
86,Rn,ENTP_M_O,HAUNTOLOGY COMPOSITION,dark textile,abseiling,SPACE ROCK,motion graphic designer,shortboard aerial surfing,vivarium building,web design for her business,independent fashion designer,watchmaking,precision instrument calibration,competitive rubiks cube
87,Fr,INFJ_M_O,roller derby avant pop (city pop synth),urban planning,trail running,needlepoint canvas work,tufting,running in the nature,EXTREME SPORTS EVENT CREATOR,airsoft,BMX racing individual pursuit,traditional music transcription,archival research,racketball
88,Ra,INTJ_F_O,indie folk,cartographic illustration,NORDIC SKIING,symphonic prog,Distributed system architecture developer,lacrosse,bookbinding,tax planner (coordinator),3 cushion billiards,Black Pottery,strategy board game,Street Skateboarding
89,Ac,INTP_M_O,Free jazz composition,horologist,free climbing,topology problem set,number theory hobby,chess puzzle composition,tango,Interface designer,beach volleyball,Electronica composition,fractal art,polar trekking
90,Th,ESTP_M_O,Noise pop composition,Conservation architect,Freeride snowboard,Berliner schule composition,IOT Engineer,ice climbing waterfall,planatary stargazing,Landscape painting after work from memory or sunset,Freeride snowboard,solo touring kayak / retrowave,light artist,paddleboard
91,Pa,INFP_F_A,"Play electric guitar, avant pop",light artist,paddleboard,Contemporary dance choreography,IOT Engineer,bouldering,bookbinding,tax planner (coordinator),3 cushion billiards,noise rock,tactical training,rugby
92,U,ISTP_F_A,improvisational pianist,battleship shooting games,CLAY PIGEON SHOOTING,clay modelling with hand,GIS professional,urban vegetable community gardening,Amb folk composition,software product manager (technical),artistic swimming,progressive techno,cryptographer,fjord coastal trekking
93,Np,ISFP_F_A,indie folk,cartographic illustration,NORDIC SKIING,Contemporary dance choreography,IOT Engineer,bouldering,watchmaking,precision instrument calibration,competitive rubiks cube,noise rock,tactical training,rugby
94,Pu,ISFP_M_O, rollerskating park recreational,regional designer,surfing,mittwork shadow boxing,Wood carving,marksmanship,drone aerial photography,vr visual programming,ice dance,clay modelling with hand,GIS professional,urban vegetable community gardening
95,Am,INFP_F_A,"Play electric guitar, avant pop",light artist,paddleboard,Folktronica composition Adventure racing,Biophillic architectural design,biathlon,bookbinding,tax planner (coordinator),3 cushion billiards,cliff diving,industrial graphic design,postrock / Hammock
96,Cm,ISFP_F_A,gentle swimming,childrens book illustrator,slack lining,Contemporary classical / writing mystery novels,Leader who leads through debate and persuasion,EPEE FENCING,watchmaking,precision instrument calibration,competitive rubiks cube,shoegaze / longboard downhill,SEISMOLOGIST,SURFING FREERIDE
97,Bk,ISTJ_M_O,Judo Clean and Jerk,vfx motion graphic artist,obstacle course racing,progressive rock,roller skating (park recreational),taebo class,precision pen drawing,INTERIOR DESIGN RENDER,inline skating slalom,ceramic art,Computer art,flyboarding hover
98,Cf,ENTP_M_A,glitch opera,circuit bending,soil piezoenergy engineer,SPACE ROCK,motion graphic designer,shortboard aerial surfing,marbling art ebru,netball wing attack,alps hiking,bookbinding,tax planner (coordinator),3 cushion billiards
99,Es,ESFJ_M_A,EXTREME SPORTS EVENT CREATOR,airsoft,BMX racing individual pursuit,Amb folk composition,software product manager (technical),artistic swimming,bookbinding,tax planner (coordinator),3 cushion billiards,marbling art ebru,netball wing attack,alps hiking
100,Fm,INTP_F_A,NEOCLASSICAL composition,3D GRAPHICS DEVELOPER,tennis baseline strategy,planatary stargazing,Landscape painting after work from memory or sunset,Freeride snowboard,progressive techno,cryptographer,fjord coastal trekking,tango,Interface designer,beach volleyball
101,Md,ENFP_F_O,NEW WAVE / site specific atmospheric dance,VR AR ENVIRONMENT DESIGN,KORFBALL ATTACK (indoor wavepool surf),mixed media digital analogue collage,rhythm roller skating,up cycling,Contemporary classical / writing mystery novels,Leader who leads through debate and persuasion,EPEE FENCING,watchmaking,precision instrument calibration,competitive rubiks cube
102,No,ISFJ_M_A,mittwork shadow boxing,Wood carving,marksmanship,tango,Interface designer,beach volleyball,SF worldbuilding,vbeer brewing hobby,free climbing multipitch,planatary stargazing,Landscape painting after work from memory or sunset,Freeride snowboard
103,Lr,ESTP_F_O,bookbinding,tax planner (coordinator),3 cushion billiards,Chamber pop,precision pen drawing,Digital forensics,Amb folk composition,software product manager (technical),artistic swimming,mountain biking downhill,acrylic/paint pour,trail running steep
104,Rf,ENTP_F_O,Contemporary dance music / spontaneous edm djing,Real Time databoard visualisation,icehockey wing,avant pop,light artist,board game competitive,Folktronica composition Adventure racing,Biophillic architectural design,biathlon,traditional music transcription,archival research,racketball
105,Db,ENTJ_M_A,muay thai,TV journalist,tactical precision fps,rollerskating park recreational,independent fashion designer,yoga vinyasa afterwork,precision pen drawing,INTERIOR DESIGN RENDER,inline skating slalom,acoustic arrangement,acoustic arrangement,yoga restorative
106,Sg,INFP_M_O,j turntablist / Indie rock comp,stunt performer,rhythmic fencing,muay thai,TV journalist,tactical precision fps,marbling art ebru,netball wing attack,alps hiking,watchmaking,precision instrument calibration,competitive rubiks cube
107,Bh,ISFP_M_A,DJ turntablist binaural beat composition,game sound designer,BMX street,Free jazz composition,horologist,free climbing,needlepoint canvas work,tufting,running in the nature,precision pen drawing,INTERIOR DESIGN RENDER,inline skating slalom
108,Hs,ISTP_M_O,Berliner schule composition,textile designer,park/bowls skateboarding,progressive rock,roller skating (park recreational),taebo class,shoegaze / longboard downhill,SEISMOLOGIST,SURFING FREERIDE,fractal art,white hacker,polar trekking
109,Mt,ISTJ_F_O,improvisational pianist,battleship shooting games,CLAY PIGEON SHOOTING,glitch opera (structured),Car cpu developer,marksmanship precision,rollerskating park recreational,independent fashion designer,yoga vinyasa afterwork,noise ambient,salt paint art,nature photography
110,Ds,ENTJ_M_A,EXTREME SPORTS EVENT CREATOR,airsoft,BMX racing individual pursuit,roller derby avant pop (city pop synth),urban planning,trail running,felt making,soil scientist,cart racing precision,needlepoint canvas work,tufting,running in the nature
111,Rg,ENTP_F_A,progressive rock,roller skating (park recreational),taebo class,mountain biking downhill,acrylic/paint pour,trail running steep,Chamber pop,precision pen drawing,Digital forensics,felt making,soil scientist,cart racing precision
112,Cn,ISTP_F_O,Folktronica composition Adventure racing,Biophillic architectural design,biathlon,fractal art,white hacker,polar trekking,progressive rock,roller skating (park recreational),taebo class,cliff diving,industrial graphic design,postrock / Hammock
113,Nh,INFJ_F_A,Contemporary classical / writing mystery novels,Leader who leads through debate and persuasion,EPEE FENCING,progressive rock,roller skating (park recreational),taebo class,traditional music transcription,archival research,racketball,shoegaze / longboard downhill,SEISMOLOGIST,SURFING FREERIDE
114,Fl,ISFP_F_O,tango,Interface designer,beach volleyball,Contemporary classical / writing mystery novels,Leader who leads through debate and persuasion,EPEE FENCING,traditional music transcription,archival research,racketball,shoegaze / longboard downhill,SEISMOLOGIST,SURFING FREERIDE
115,Mc,ISFJ_M_O,muay thai,TV journalist,tactical precision fps,roller derby avant pop (city pop synth),urban planning,trail running,Berliner schule composition,IOT Engineer,ice climbing waterfall,needlepoint canvas work,tufting,running in the nature
116,Lv,ENTJ_F_A,Amb folk composition,software product manager (technical),artistic swimming,shoegaze / longboard downhill,SEISMOLOGIST,SURFING FREERIDE,marbling art ebru,netball wing attack,alps hiking,watchmaking,precision instrument calibration,competitive rubiks cube
117,Ts,ISFJ_M_O,mittwork shadow boxing,Wood carving,marksmanship,tango,Interface designer,beach volleyball,dark textile weaving,special forces agent,SERE training,planatary stargazing,Landscape painting after work from memory or sunset,Freeride snowboard
118,Og,INTJ_F_A,"Play electric guitar, avant pop",light artist,paddleboard,Chamber pop,precision pen drawing,Digital forensics,watchmaking,precision instrument calibration,competitive rubiks cube,mountain biking downhill,acrylic/paint pour,trail running steep
