profile_id,mbti,gender,blood,haplogroup,is_observer,r_r,r_h,r_d,r_p,r_s,r_gamma,r_g,r_nu,electron_hole_state,mitochondria_state,gaba_c_state,bilirubin_state,pancreas_state,electron_hole_activity,mitochondria_activity,gaba_c_activity,bilirubin_activity,pancreas_activity
ENTP_M_O,ENTP,M,O,R1b,False,0.73,0.21,0.53,0.15,0.8,0.835,0.47,0.33,reverse,reverse,spark,reverse,reverse,spatial sound art / immersive production,deconstructive listening / noise archive art,rhythmic spark generation / beat creation,spatial diffusion art / immersive installation,transparent material art / optical / glass art
ENTP_M_A,ENTP,M,A,R1b,False,0.73,0.24,0.48,0.23,0.77,0.805,0.52,0.36,reverse,forward,forward,reverse,reverse,spatial sound art / immersive production,fast-paced music listening / active consumption,sealed pattern generation / structured composition,spatial diffusion art / immersive installation,transparent material art / optical / glass art
ENTP_M_B,ENTP,M,B,R1b,False,0.76,0.18,0.61,0.07,0.85,0.885,0.44,0.3,reverse,reverse,spark,reverse,reverse,aggressive sound production / noise art,deconstructive listening / noise archive art,rhythmic spark generation / beat creation,spatial diffusion art / immersive installation,transparent material art / optical / glass art
ENTP_M_AB,ENTP,M,AB,R1b,False,0.75,0.26,0.58,0.12,0.83,0.885,0.49,0.38,reverse,reverse,spark,reverse,reverse,spatial sound art / immersive production,deconstructive listening / noise archive art,rhythmic spark generation / beat creation,spatial diffusion art / immersive installation,transparent material art / optical / glass art
ENTP_F_O,ENTP,F,O,R1b,False,0.67,0.27,0.43,0.15,0.74,0.775,0.53,0.27,reverse,forward,forward,reverse,reverse,spatial sound art / immersive production,fast-paced music listening / active consumption,sealed pattern generation / structured composition,spatial diffusion art / immersive installation,transparent material art / optical / glass art
ENTP_F_A,ENTP,F,A,R1b,False,0.67,0.3,0.38,0.23,0.71,0.745,0.58,0.3,forward,forward,forward,reverse,reverse,bright rhythmic music production,fast-paced music listening / active consumption,sealed pattern generation / structured composition,spatial diffusion art / immersive installation,transparent material art / optical / glass art
ENTP_F_B,ENTP,F,B,R1b,False,0.7,0.24,0.51,0.07,0.79,0.825,0.5,0.24,reverse,reverse,forward,reverse,reverse,spatial sound art / immersive production,deconstructive listening / noise archive art,music pattern generation,spatial diffusion art / immersive installation,transparent material art / optical / glass art
ENTP_F_AB,ENTP,F,AB,R1b,False,0.69,0.32,0.48,0.12,0.77,0.825,0.55,0.32,reverse,forward,forward,reverse,reverse,spatial sound art / immersive production,fast-paced music listening / active consumption,sealed pattern generation / structured composition,spatial diffusion art / immersive installation,transparent material art / optical / glass art
INTP_M_O,INTP,M,O,R1b,False,0.63,0.21,0.58,0.2,0.75,0.785,0.47,0.43,reverse,reverse,forward,reverse,reverse,spatial sound art / immersive production,deconstructive listening / noise archive art,music pattern generation,spatial diffusion art / immersive installation,transparent material art / optical / glass art
INTP_M_A,INTP,M,A,R1b,False,0.63,0.24,0.53,0.28,0.72,0.755,0.52,0.46,reverse,reverse,forward,reverse,reverse,spatial sound art / immersive production,deconstructive listening / noise archive art,sealed pattern generation / structured composition,spatial diffusion art / immersive installation,transparent material art / optical / glass art
INTP_M_B,INTP,M,B,R1b,False,0.66,0.18,0.66,0.12,0.8,0.835,0.44,0.4,reverse,reverse,forward,reverse,reverse,aggressive sound production / noise art,deconstructive listening / noise archive art,music pattern generation,spatial diffusion art / immersive installation,transparent material art / optical / glass art
INTP_M_AB,INTP,M,AB,R1b,False,0.65,0.26,0.63,0.17,0.78,0.835,0.49,0.48,reverse,reverse,forward,reverse,reverse,aggressive sound production / noise art,deconstructive listening / noise archive art,music pattern generation,spatial diffusion art / immersive installation,transparent material art / optical / glass art
INTP_F_O,INTP,F,O,R1b,False,0.57,0.27,0.48,0.2,0.69,0.725,0.53,0.37,reverse,forward,forward,reverse,reverse,spatial sound art / immersive production,music listening and consumption,sealed pattern generation / structured composition,spatial diffusion art / immersive installation,transparent material art / optical / glass art
INTP_F_A,INTP,F,A,R1b,False,0.57,0.3,0.43,0.28,0.66,0.695,0.58,0.4,reverse,forward,forward,reverse,reverse,spatial sound art / immersive production,music listening and consumption,sealed pattern generation / structured composition,spatial diffusion art / immersive installation,transparent material art / optical / glass art
INTP_F_B,INTP,F,B,R1b,False,0.6,0.24,0.56,0.12,0.74,0.775,0.5,0.34,reverse,reverse,forward,reverse,reverse,spatial sound art / immersive production,deconstructive listening / noise archive art,music pattern generation,spatial diffusion art / immersive installation,transparent material art / optical / glass art
INTP_F_AB,INTP,F,AB,R1b,False,0.59,0.32,0.53,0.17,0.72,0.775,0.55,0.42,reverse,reverse,forward,reverse,reverse,spatial sound art / immersive production,deconstructive listening / noise archive art,sealed pattern generation / structured composition,spatial diffusion art / immersive installation,transparent material art / optical / glass art
ENTJ_M_O,ENTJ,M,O,R1b,False,0.78,0.16,0.53,0.3,0.85,0.885,0.52,0.23,reverse,reverse,forward,reverse,reverse,spatial sound art / immersive production,deconstructive listening / noise archive art,sealed pattern generation / structured composition,spatial diffusion art / immersive installation,transparent material art / optical / glass art
ENTJ_M_A,ENTJ,M,A,R1b,False,0.78,0.19,0.48,0.38,0.82,0.855,0.57,0.26,reverse,forward,spark,reverse,reverse,spatial sound art / immersive production,fast-paced music listening / active consumption,rhythmic spark generation / beat creation,spatial diffusion art / immersive installation,transparent material art / optical / glass art
ENTJ_M_B,ENTJ,M,B,R1b,False,0.81,0.13,0.61,0.22,0.9,0.935,0.49,0.2,reverse,reverse,spark,reverse,reverse,aggressive sound production / noise art,deconstructive listening / noise archive art,rhythmic spark generation / beat creation,spatial diffusion art / immersive installation,transparent material art / optical / glass art
ENTJ_M_AB,ENTJ,M,AB,R1b,False,0.8,0.21,0.58,0.27,0.88,0.935,0.54,0.28,reverse,reverse,forward,reverse,reverse,spatial sound art / immersive production,deconstructive listening / noise archive art,sealed pattern generation / structured composition,spatial diffusion art / immersive installation,transparent material art / optical / glass art
ENTJ_F_O,ENTJ,F,O,R1b,False,0.72,0.22,0.43,0.3,0.79,0.825,0.58,0.17,reverse,forward,forward,reverse,reverse,spatial sound art / immersive production,fast-paced music listening / active consumption,sealed pattern generation / structured composition,spatial diffusion art / immersive installation,transparent material art / optical / glass art
ENTJ_F_A,ENTJ,F,A,R1b,False,0.72,0.25,0.38,0.38,0.76,0.795,0.63,0.2,forward,forward,spark,reverse,reverse,bright rhythmic music production,fast-paced music listening / active consumption,rhythmic spark generation / beat creation,spatial diffusion art / immersive installation,transparent material art / optical / glass art
ENTJ_F_B,ENTJ,F,B,R1b,False,0.75,0.19,0.51,0.22,0.84,0.875,0.55,0.14,reverse,reverse,forward,reverse,reverse,spatial sound art / immersive production,deconstructive listening / noise archive art,sealed pattern generation / structured composition,spatial diffusion art / immersive installation,transparent material art / optical / glass art
ENTJ_F_AB,ENTJ,F,AB,R1b,False,0.74,0.27,0.48,0.27,0.82,0.875,0.6,0.22,reverse,forward,forward,reverse,reverse,spatial sound art / immersive production,fast-paced music listening / active consumption,sealed pattern generation / structured composition,spatial diffusion art / immersive installation,transparent material art / optical / glass art
INTJ_M_O,INTJ,M,O,R1b,False,0.68,0.16,0.58,0.35,0.75,0.835,0.52,0.38,reverse,reverse,spark,reverse,reverse,spatial sound art / immersive production,deconstructive listening / noise archive art,rhythmic spark generation / beat creation,spatial diffusion art / immersive installation,transparent material art / optical / glass art
INTJ_M_A,INTJ,M,A,R1b,False,0.68,0.19,0.53,0.43,0.72,0.805,0.57,0.41,reverse,reverse,forward,forward,reverse,spatial sound art / immersive production,deconstructive listening / noise archive art,sealed pattern generation / structured composition,spatial art / expansive creative growth,transparent material art / optical / glass art
INTJ_M_B,INTJ,M,B,R1b,False,0.71,0.13,0.66,0.27,0.8,0.885,0.49,0.35,reverse,reverse,spark,reverse,reverse,aggressive sound production / noise art,deconstructive listening / noise archive art,rhythmic spark generation / beat creation,spatial diffusion art / immersive installation,transparent material art / optical / glass art
INTJ_M_AB,INTJ,M,AB,R1b,False,0.7,0.21,0.63,0.32,0.78,0.885,0.54,0.43,reverse,reverse,forward,reverse,reverse,aggressive sound production / noise art,deconstructive listening / noise archive art,sealed pattern generation / structured composition,spatial diffusion art / immersive installation,transparent material art / optical / glass art
INTJ_F_O,INTJ,F,O,R1b,False,0.62,0.22,0.48,0.35,0.69,0.775,0.58,0.32,reverse,forward,spark,reverse,reverse,spatial sound art / immersive production,fast-paced music listening / active consumption,rhythmic spark generation / beat creation,spatial diffusion art / immersive installation,transparent material art / optical / glass art
INTJ_F_A,INTJ,F,A,R1b,False,0.62,0.25,0.43,0.43,0.66,0.745,0.63,0.35,reverse,forward,spark,forward,reverse,spatial sound art / immersive production,fast-paced music listening / active consumption,rhythmic spark generation / beat creation,spatial art / expansive creative growth,transparent material art / optical / glass art
INTJ_F_B,INTJ,F,B,R1b,False,0.65,0.19,0.56,0.27,0.74,0.825,0.55,0.29,reverse,reverse,forward,reverse,reverse,spatial sound art / immersive production,deconstructive listening / noise archive art,sealed pattern generation / structured composition,spatial diffusion art / immersive installation,transparent material art / optical / glass art
INTJ_F_AB,INTJ,F,AB,R1b,False,0.64,0.27,0.53,0.32,0.72,0.825,0.6,0.37,reverse,reverse,spark,reverse,reverse,spatial sound art / immersive production,deconstructive listening / noise archive art,rhythmic spark generation / beat creation,spatial diffusion art / immersive installation,transparent material art / optical / glass art
ENFP_M_O,ENFP,M,O,R1b,False,0.73,0.31,0.48,0.1,0.85,0.885,0.52,0.33,reverse,forward,forward,reverse,reverse,spatial sound art / immersive production,fast-paced music listening / active consumption,sealed pattern generation / structured composition,spatial diffusion art / immersive installation,transparent material art / optical / glass art
ENFP_M_A,ENFP,M,A,R1b,False,0.73,0.34,0.43,0.18,0.82,0.855,0.57,0.36,reverse,forward,forward,reverse,reverse,spatial sound art / immersive production,fast-paced music listening / active consumption,sealed pattern generation / structured composition,spatial diffusion art / immersive installation,transparent material art / optical / glass art
ENFP_M_B,ENFP,M,B,R1b,False,0.76,0.28,0.56,0.02,0.9,0.935,0.49,0.3,reverse,reverse,spark,reverse,reverse,spatial sound art / immersive production,deconstructive listening / noise archive art,rhythmic spark generation / beat creation,spatial diffusion art / immersive installation,transparent material art / optical / glass art
ENFP_M_AB,ENFP,M,AB,R1b,False,0.75,0.36,0.53,0.07,0.88,0.935,0.54,0.38,reverse,reverse,forward,reverse,reverse,spatial sound art / immersive production,deconstructive listening / noise archive art,sealed pattern generation / structured composition,spatial diffusion art / immersive installation,transparent material art / optical / glass art
ENFP_F_O,ENFP,F,O,R1b,False,0.67,0.37,0.38,0.1,0.79,0.825,0.58,0.27,forward,forward,forward,reverse,reverse,bright rhythmic music production,fast-paced music listening / active consumption,sealed pattern generation / structured composition,spatial diffusion art / immersive installation,transparent material art / optical / glass art
ENFP_F_A,ENFP,F,A,R1b,False,0.67,0.4,0.33,0.18,0.76,0.795,0.63,0.3,forward,forward,forward,reverse,forward,bright rhythmic music production,fast-paced music listening / active consumption,sealed pattern generation / structured composition,spatial diffusion art / immersive installation,material production and crafting
ENFP_F_B,ENFP,F,B,R1b,False,0.7,0.34,0.46,0.02,0.84,0.875,0.55,0.24,reverse,forward,forward,reverse,reverse,spatial sound art / immersive production,fast-paced music listening / active consumption,sealed pattern generation / structured composition,spatial diffusion art / immersive installation,transparent material art / optical / glass art
ENFP_F_AB,ENFP,F,AB,R1b,False,0.69,0.42,0.43,0.07,0.82,0.875,0.6,0.32,reverse,forward,forward,reverse,forward,spatial sound art / immersive production,fast-paced music listening / active consumption,sealed pattern generation / structured composition,spatial diffusion art / immersive installation,material production and crafting
INFP_M_O,INFP,M,O,R1b,False,0.58,0.36,0.43,0.1,0.7,0.735,0.52,0.38,reverse,forward,forward,reverse,reverse,spatial sound art / immersive production,music listening and consumption,sealed pattern generation / structured composition,spatial diffusion art / immersive installation,transparent material art / optical / glass art
INFP_M_A,INFP,M,A,R1b,False,0.58,0.39,0.38,0.18,0.67,0.705,0.57,0.41,forward,forward,forward,reverse,reverse,music composition and production,music listening and consumption,sealed pattern generation / structured composition,spatial diffusion art / immersive installation,transparent material art / optical / glass art
INFP_M_B,INFP,M,B,R1b,False,0.61,0.33,0.51,0.02,0.75,0.785,0.49,0.35,reverse,reverse,spark,reverse,reverse,spatial sound art / immersive production,deconstructive listening / noise archive art,rhythmic spark generation / beat creation,spatial diffusion art / immersive installation,transparent material art / optical / glass art
INFP_M_AB,INFP,M,AB,R1b,False,0.6,0.41,0.48,0.07,0.73,0.785,0.54,0.43,reverse,forward,forward,reverse,forward,spatial sound art / immersive production,music listening and consumption,sealed pattern generation / structured composition,spatial diffusion art / immersive installation,material production and crafting
INFP_F_O,INFP,F,O,R1b,False,0.52,0.42,0.33,0.1,0.64,0.675,0.58,0.32,forward,forward,forward,reverse,forward,music composition and production,music listening and consumption,sealed pattern generation / structured composition,spatial diffusion art / immersive installation,material production and crafting
INFP_F_A,INFP,F,A,R1b,False,0.52,0.45,0.28,0.18,0.61,0.645,0.63,0.35,forward,forward,forward,reverse,forward,music composition and production,music listening and consumption,sealed pattern generation / structured composition,spatial diffusion art / immersive installation,material production and crafting
INFP_F_B,INFP,F,B,R1b,False,0.55,0.39,0.41,0.02,0.69,0.725,0.55,0.29,reverse,forward,forward,reverse,reverse,spatial sound art / immersive production,music listening and consumption,sealed pattern generation / structured composition,spatial diffusion art / immersive installation,transparent material art / optical / glass art
INFP_F_AB,INFP,F,AB,R1b,False,0.54,0.47,0.38,0.07,0.67,0.725,0.6,0.37,forward,forward,forward,reverse,forward,music composition and production,music listening and consumption,sealed pattern generation / structured composition,spatial diffusion art / immersive installation,material production and crafting
ENFJ_M_O,ENFJ,M,O,R1b,False,0.78,0.31,0.48,0.25,0.8,0.885,0.57,0.28,reverse,forward,forward,reverse,reverse,spatial sound art / immersive production,fast-paced music listening / active consumption,sealed pattern generation / structured composition,spatial diffusion art / immersive installation,transparent material art / optical / glass art
ENFJ_M_A,ENFJ,M,A,R1b,False,0.78,0.34,0.43,0.33,0.77,0.855,0.62,0.31,reverse,forward,spark,reverse,reverse,spatial sound art / immersive production,fast-paced music listening / active consumption,rhythmic spark generation / beat creation,spatial diffusion art / immersive installation,transparent material art / optical / glass art
ENFJ_M_B,ENFJ,M,B,R1b,False,0.81,0.28,0.56,0.17,0.85,0.935,0.54,0.25,reverse,reverse,forward,reverse,reverse,spatial sound art / immersive production,deconstructive listening / noise archive art,sealed pattern generation / structured composition,spatial diffusion art / immersive installation,transparent material art / optical / glass art
ENFJ_M_AB,ENFJ,M,AB,R1b,False,0.8,0.36,0.53,0.22,0.83,0.935,0.59,0.33,reverse,reverse,forward,reverse,reverse,spatial sound art / immersive production,deconstructive listening / noise archive art,sealed pattern generation / structured composition,spatial diffusion art / immersive installation,transparent material art / optical / glass art
ENFJ_F_O,ENFJ,F,O,R1b,False,0.72,0.37,0.38,0.25,0.74,0.825,0.63,0.22,forward,forward,forward,reverse,reverse,bright rhythmic music production,fast-paced music listening / active consumption,sealed pattern generation / structured composition,spatial diffusion art / immersive installation,transparent material art / optical / glass art
ENFJ_F_A,ENFJ,F,A,R1b,False,0.72,0.4,0.33,0.33,0.71,0.795,0.68,0.25,forward,forward,spark,reverse,forward,bright rhythmic music production,fast-paced music listening / active consumption,rhythmic spark generation / beat creation,spatial diffusion art / immersive installation,material production and crafting
ENFJ_F_B,ENFJ,F,B,R1b,False,0.75,0.34,0.46,0.17,0.79,0.875,0.6,0.19,reverse,forward,forward,reverse,reverse,spatial sound art / immersive production,fast-paced music listening / active consumption,sealed pattern generation / structured composition,spatial diffusion art / immersive installation,transparent material art / optical / glass art
ENFJ_F_AB,ENFJ,F,AB,R1b,False,0.74,0.42,0.43,0.22,0.77,0.875,0.65,0.27,reverse,forward,forward,reverse,forward,spatial sound art / immersive production,fast-paced music listening / active consumption,sealed pattern generation / structured composition,spatial diffusion art / immersive installation,material production and crafting
INFJ_M_O,INFJ,M,O,R1b,False,0.63,0.31,0.53,0.25,0.7,0.785,0.57,0.38,reverse,reverse,forward,reverse,reverse,spatial sound art / immersive production,deconstructive listening / noise archive art,sealed pattern generation / structured composition,spatial diffusion art / immersive installation,transparent material art / optical / glass art
INFJ_M_A,INFJ,M,A,R1b,False,0.63,0.34,0.48,0.33,0.67,0.755,0.62,0.41,reverse,forward,forward,reverse,reverse,spatial sound art / immersive production,fast-paced music listening / active consumption,sealed pattern generation / structured composition,spatial diffusion art / immersive installation,transparent material art / optical / glass art
INFJ_M_B,INFJ,M,B,R1b,False,0.66,0.28,0.61,0.17,0.75,0.835,0.54,0.35,reverse,reverse,forward,reverse,reverse,aggressive sound production / noise art,deconstructive listening / noise archive art,sealed pattern generation / structured composition,spatial diffusion art / immersive installation,transparent material art / optical / glass art
INFJ_M_AB,INFJ,M,AB,R1b,False,0.65,0.36,0.58,0.22,0.73,0.835,0.59,0.43,reverse,reverse,forward,reverse,reverse,spatial sound art / immersive production,deconstructive listening / noise archive art,sealed pattern generation / structured composition,spatial diffusion art / immersive installation,transparent material art / optical / glass art
INFJ_F_O,INFJ,F,O,R1b,False,0.57,0.37,0.43,0.25,0.64,0.725,0.63,0.32,reverse,forward,forward,reverse,reverse,spatial sound art / immersive production,music listening and consumption,sealed pattern generation / structured composition,spatial diffusion art / immersive installation,transparent material art / optical / glass art
INFJ_F_A,INFJ,F,A,R1b,False,0.57,0.4,0.38,0.33,0.61,0.695,0.68,0.35,forward,forward,spark,reverse,forward,music composition and production,music listening and consumption,rhythmic spark generation / beat creation,spatial diffusion art / immersive installation,material production and crafting
INFJ_F_B,INFJ,F,B,R1b,False,0.6,0.34,0.51,0.17,0.69,0.775,0.6,0.29,reverse,reverse,forward,reverse,reverse,spatial sound art / immersive production,deconstructive listening / noise archive art,sealed pattern generation / structured composition,spatial diffusion art / immersive installation,transparent material art / optical / glass art
INFJ_F_AB,INFJ,F,AB,R1b,False,0.59,0.42,0.48,0.22,0.67,0.775,0.65,0.37,reverse,forward,forward,reverse,forward,spatial sound art / immersive production,music listening and consumption,sealed pattern generation / structured composition,spatial diffusion art / immersive installation,material production and crafting
ESTP_M_O,ESTP,M,O,R1b,False,0.88,0.11,0.63,0.0,0.9,0.935,0.42,0.23,reverse,reverse,spark,reverse,reverse,aggressive sound production / noise art,deconstructive listening / noise archive art,rhythmic spark generation / beat creation,spatial diffusion art / immersive installation,transparent material art / optical / glass art
ESTP_M_A,ESTP,M,A,R1b,False,0.88,0.14,0.58,0.08,0.87,0.905,0.47,0.26,reverse,reverse,spark,reverse,reverse,spatial sound art / immersive production,deconstructive listening / noise archive art,rhythmic spark generation / beat creation,spatial diffusion art / immersive installation,transparent material art / optical / glass art
ESTP_M_B,ESTP,M,B,R1b,False,0.91,0.08,0.71,0.0,0.95,0.985,0.39,0.2,reverse,reverse,spark,reverse,reverse,aggressive sound production / noise art,deconstructive listening / noise archive art,rhythmic spark generation / beat creation,spatial diffusion art / immersive installation,transparent material art / optical / glass art
ESTP_M_AB,ESTP,M,AB,R1b,False,0.9,0.16,0.68,0.0,0.93,0.985,0.44,0.28,reverse,reverse,spark,reverse,reverse,aggressive sound production / noise art,deconstructive listening / noise archive art,rhythmic spark generation / beat creation,spatial diffusion art / immersive installation,transparent material art / optical / glass art
ESTP_F_O,ESTP,F,O,R1b,False,0.82,0.17,0.53,0.0,0.84,0.875,0.48,0.17,reverse,reverse,spark,reverse,reverse,spatial sound art / immersive production,deconstructive listening / noise archive art,rhythmic spark generation / beat creation,spatial diffusion art / immersive installation,transparent material art / optical / glass art
ESTP_F_A,ESTP,F,A,R1b,False,0.82,0.2,0.48,0.08,0.81,0.845,0.53,0.2,reverse,forward,forward,reverse,reverse,spatial sound art / immersive production,fast-paced music listening / active consumption,sealed pattern generation / structured composition,spatial diffusion art / immersive installation,transparent material art / optical / glass art
ESTP_F_B,ESTP,F,B,R1b,False,0.85,0.14,0.61,0.0,0.89,0.925,0.45,0.14,reverse,reverse,spark,reverse,reverse,aggressive sound production / noise art,deconstructive listening / noise archive art,rhythmic spark generation / beat creation,spatial diffusion art / immersive installation,transparent material art / optical / glass art
ESTP_F_AB,ESTP,F,AB,R1b,False,0.84,0.22,0.58,0.0,0.87,0.925,0.5,0.22,reverse,reverse,forward,reverse,reverse,spatial sound art / immersive production,deconstructive listening / noise archive art,music pattern generation,spatial diffusion art / immersive installation,transparent material art / optical / glass art
ISTP_M_O,ISTP,M,O,R1b,False,0.73,0.11,0.63,0.1,0.8,0.835,0.42,0.38,reverse,reverse,spark,reverse,reverse,aggressive sound production / noise art,deconstructive listening / noise archive art,rhythmic spark generation / beat creation,spatial diffusion art / immersive installation,transparent material art / optical / glass art
ISTP_M_A,ISTP,M,A,R1b,False,0.73,0.14,0.58,0.18,0.77,0.805,0.47,0.41,reverse,reverse,forward,reverse,reverse,spatial sound art / immersive production,deconstructive listening / noise archive art,music pattern generation,spatial diffusion art / immersive installation,transparent material art / optical / glass art
ISTP_M_B,ISTP,M,B,R1b,False,0.76,0.08,0.71,0.02,0.85,0.885,0.39,0.35,reverse,reverse,spark,reverse,reverse,aggressive sound production / noise art,deconstructive listening / noise archive art,rhythmic spark generation / beat creation,spatial diffusion art / immersive installation,transparent material art / optical / glass art
ISTP_M_AB,ISTP,M,AB,R1b,False,0.75,0.16,0.68,0.07,0.83,0.885,0.44,0.43,reverse,reverse,forward,reverse,reverse,aggressive sound production / noise art,deconstructive listening / noise archive art,music pattern generation,spatial diffusion art / immersive installation,transparent material art / optical / glass art
ISTP_F_O,ISTP,F,O,R1b,False,0.67,0.17,0.53,0.1,0.74,0.775,0.48,0.32,reverse,reverse,spark,reverse,reverse,spatial sound art / immersive production,deconstructive listening / noise archive art,rhythmic spark generation / beat creation,spatial diffusion art / immersive installation,transparent material art / optical / glass art
ISTP_F_A,ISTP,F,A,R1b,False,0.67,0.2,0.48,0.18,0.71,0.745,0.53,0.35,reverse,forward,forward,reverse,reverse,spatial sound art / immersive production,fast-paced music listening / active consumption,sealed pattern generation / structured composition,spatial diffusion art / immersive installation,transparent material art / optical / glass art
ISTP_F_B,ISTP,F,B,R1b,False,0.7,0.14,0.61,0.02,0.79,0.825,0.45,0.29,reverse,reverse,spark,reverse,reverse,aggressive sound production / noise art,deconstructive listening / noise archive art,rhythmic spark generation / beat creation,spatial diffusion art / immersive installation,transparent material art / optical / glass art
ISTP_F_AB,ISTP,F,AB,R1b,False,0.69,0.22,0.58,0.07,0.77,0.825,0.5,0.37,reverse,reverse,forward,reverse,reverse,spatial sound art / immersive production,deconstructive listening / noise archive art,music pattern generation,spatial diffusion art / immersive installation,transparent material art / optical / glass art
ESTJ_M_O,ESTJ,M,O,R1b,False,0.83,0.16,0.58,0.4,0.85,0.835,0.57,0.43,reverse,reverse,forward,forward,reverse,spatial sound art / immersive production,deconstructive listening / noise archive art,sealed pattern generation / structured composition,spatial art / expansive creative growth,transparent material art / optical / glass art
ESTJ_M_A,ESTJ,M,A,R1b,False,0.83,0.19,0.53,0.48,0.82,0.805,0.62,0.46,reverse,reverse,forward,forward,reverse,spatial sound art / immersive production,deconstructive listening / noise archive art,sealed pattern generation / structured composition,spatial art / expansive creative growth,transparent material art / optical / glass art
ESTJ_M_B,ESTJ,M,B,R1b,False,0.86,0.13,0.66,0.32,0.9,0.885,0.54,0.4,reverse,reverse,forward,reverse,reverse,aggressive sound production / noise art,deconstructive listening / noise archive art,sealed pattern generation / structured composition,spatial diffusion art / immersive installation,transparent material art / optical / glass art
ESTJ_M_AB,ESTJ,M,AB,R1b,False,0.85,0.21,0.63,0.37,0.88,0.885,0.59,0.48,reverse,reverse,forward,reverse,reverse,aggressive sound production / noise art,deconstructive listening / noise archive art,sealed pattern generation / structured composition,spatial diffusion art / immersive installation,transparent material art / optical / glass art
ESTJ_F_O,ESTJ,F,O,R1b,False,0.77,0.22,0.48,0.4,0.79,0.775,0.63,0.37,reverse,forward,spark,forward,reverse,spatial sound art / immersive production,fast-paced music listening / active consumption,rhythmic spark generation / beat creation,spatial art / expansive creative growth,transparent material art / optical / glass art
ESTJ_F_A,ESTJ,F,A,R1b,False,0.77,0.25,0.43,0.48,0.76,0.745,0.68,0.4,reverse,forward,forward,forward,reverse,spatial sound art / immersive production,fast-paced music listening / active consumption,sealed pattern generation / structured composition,spatial art / expansive creative growth,transparent material art / optical / glass art
ESTJ_F_B,ESTJ,F,B,R1b,False,0.8,0.19,0.56,0.32,0.84,0.825,0.6,0.34,reverse,reverse,spark,reverse,reverse,spatial sound art / immersive production,deconstructive listening / noise archive art,rhythmic spark generation / beat creation,spatial diffusion art / immersive installation,transparent material art / optical / glass art
ESTJ_F_AB,ESTJ,F,AB,R1b,False,0.79,0.27,0.53,0.37,0.82,0.825,0.65,0.42,reverse,reverse,forward,reverse,reverse,spatial sound art / immersive production,deconstructive listening / noise archive art,sealed pattern generation / structured composition,spatial diffusion art / immersive installation,transparent material art / optical / glass art
ISTJ_M_O,ISTJ,M,O,R1b,False,0.68,0.16,0.58,0.4,0.75,0.785,0.52,0.43,reverse,reverse,forward,forward,reverse,spatial sound art / immersive production,deconstructive listening / noise archive art,sealed pattern generation / structured composition,spatial art / expansive creative growth,transparent material art / optical / glass art
ISTJ_M_A,ISTJ,M,A,R1b,False,0.68,0.19,0.53,0.48,0.72,0.755,0.57,0.46,reverse,reverse,forward,forward,reverse,spatial sound art / immersive production,deconstructive listening / noise archive art,sealed pattern generation / structured composition,spatial art / expansive creative growth,transparent material art / optical / glass art
ISTJ_M_B,ISTJ,M,B,R1b,False,0.71,0.13,0.66,0.32,0.8,0.835,0.49,0.4,reverse,reverse,forward,reverse,reverse,aggressive sound production / noise art,deconstructive listening / noise archive art,music pattern generation,spatial diffusion art / immersive installation,transparent material art / optical / glass art
ISTJ_M_AB,ISTJ,M,AB,R1b,False,0.7,0.21,0.63,0.37,0.78,0.835,0.54,0.48,reverse,reverse,forward,reverse,reverse,aggressive sound production / noise art,deconstructive listening / noise archive art,sealed pattern generation / structured composition,spatial diffusion art / immersive installation,transparent material art / optical / glass art
ISTJ_F_O,ISTJ,F,O,R1b,False,0.62,0.22,0.48,0.4,0.69,0.725,0.58,0.37,reverse,forward,spark,forward,reverse,spatial sound art / immersive production,fast-paced music listening / active consumption,rhythmic spark generation / beat creation,spatial art / expansive creative growth,transparent material art / optical / glass art
ISTJ_F_A,ISTJ,F,A,R1b,False,0.62,0.25,0.43,0.48,0.66,0.695,0.63,0.4,reverse,forward,forward,forward,reverse,spatial sound art / immersive production,fast-paced music listening / active consumption,sealed pattern generation / structured composition,spatial art / expansive creative growth,transparent material art / optical / glass art
ISTJ_F_B,ISTJ,F,B,R1b,False,0.65,0.19,0.56,0.32,0.74,0.775,0.55,0.34,reverse,reverse,spark,reverse,reverse,spatial sound art / immersive production,deconstructive listening / noise archive art,rhythmic spark generation / beat creation,spatial diffusion art / immersive installation,transparent material art / optical / glass art
ISTJ_F_AB,ISTJ,F,AB,R1b,False,0.64,0.27,0.53,0.37,0.72,0.775,0.6,0.42,reverse,reverse,forward,reverse,reverse,spatial sound art / immersive production,deconstructive listening / noise archive art,sealed pattern generation / structured composition,spatial diffusion art / immersive installation,transparent material art / optical / glass art
ESFP_M_O,ESFP,M,O,R1b,False,0.88,0.26,0.48,0.0,0.95,0.935,0.47,0.23,reverse,forward,spark,reverse,reverse,spatial sound art / immersive production,fast-paced music listening / active consumption,rhythmic spark generation / beat creation,spatial diffusion art / immersive installation,transparent material art / optical / glass art
ESFP_M_A,ESFP,M,A,R1b,False,0.88,0.29,0.43,0.08,0.92,0.905,0.52,0.26,reverse,forward,forward,reverse,reverse,spatial sound art / immersive production,fast-paced music listening / active consumption,sealed pattern generation / structured composition,spatial diffusion art / immersive installation,transparent material art / optical / glass art
ESFP_M_B,ESFP,M,B,R1b,False,0.91,0.23,0.56,0.0,1.0,0.985,0.44,0.2,reverse,reverse,spark,reverse,reverse,spatial sound art / immersive production,deconstructive listening / noise archive art,rhythmic spark generation / beat creation,spatial diffusion art / immersive installation,transparent material art / optical / glass art
ESFP_M_AB,ESFP,M,AB,R1b,False,0.9,0.31,0.53,0.0,0.98,0.985,0.49,0.28,reverse,reverse,spark,reverse,reverse,spatial sound art / immersive production,deconstructive listening / noise archive art,rhythmic spark generation / beat creation,spatial diffusion art / immersive installation,transparent material art / optical / glass art
ESFP_F_O,ESFP,F,O,R1b,False,0.82,0.32,0.38,0.0,0.89,0.875,0.53,0.17,forward,forward,forward,reverse,reverse,bright rhythmic music production,fast-paced music listening / active consumption,sealed pattern generation / structured composition,spatial diffusion art / immersive installation,transparent material art / optical / glass art
ESFP_F_A,ESFP,F,A,R1b,False,0.82,0.35,0.33,0.08,0.86,0.845,0.58,0.2,forward,forward,forward,reverse,reverse,bright rhythmic music production,fast-paced music listening / active consumption,sealed pattern generation / structured composition,spatial diffusion art / immersive installation,transparent material art / optical / glass art
ESFP_F_B,ESFP,F,B,R1b,False,0.85,0.29,0.46,0.0,0.94,0.925,0.5,0.14,reverse,forward,forward,reverse,reverse,spatial sound art / immersive production,fast-paced music listening / active consumption,music pattern generation,spatial diffusion art / immersive installation,transparent material art / optical / glass art
ESFP_F_AB,ESFP,F,AB,R1b,False,0.84,0.37,0.43,0.0,0.92,0.925,0.55,0.22,reverse,forward,forward,reverse,reverse,spatial sound art / immersive production,fast-paced music listening / active consumption,sealed pattern generation / structured composition,spatial diffusion art / immersive installation,transparent material art / optical / glass art
ISFP_M_O,ISFP,M,O,R1b,False,0.63,0.31,0.48,0.05,0.85,0.785,0.47,0.33,reverse,forward,spark,reverse,reverse,spatial sound art / immersive production,fast-paced music listening / active consumption,rhythmic spark generation / beat creation,spatial diffusion art / immersive installation,transparent material art / optical / glass art
ISFP_M_A,ISFP,M,A,R1b,False,0.63,0.34,0.43,0.13,0.82,0.755,0.52,0.36,reverse,forward,forward,reverse,reverse,spatial sound art / immersive production,fast-paced music listening / active consumption,sealed pattern generation / structured composition,spatial diffusion art / immersive installation,transparent material art / optical / glass art
ISFP_M_B,ISFP,M,B,R1b,False,0.66,0.28,0.56,0.0,0.9,0.835,0.44,0.3,reverse,reverse,spark,reverse,reverse,spatial sound art / immersive production,deconstructive listening / noise archive art,rhythmic spark generation / beat creation,spatial diffusion art / immersive installation,transparent material art / optical / glass art
ISFP_M_AB,ISFP,M,AB,R1b,False,0.65,0.36,0.53,0.02,0.88,0.835,0.49,0.38,reverse,reverse,spark,reverse,reverse,spatial sound art / immersive production,deconstructive listening / noise archive art,rhythmic spark generation / beat creation,spatial diffusion art / immersive installation,transparent material art / optical / glass art
ISFP_F_O,ISFP,F,O,R1b,False,0.57,0.37,0.38,0.05,0.79,0.725,0.53,0.27,forward,forward,forward,reverse,reverse,music composition and production,music listening and consumption,sealed pattern generation / structured composition,spatial diffusion art / immersive installation,transparent material art / optical / glass art
ISFP_F_A,ISFP,F,A,R1b,False,0.57,0.4,0.33,0.13,0.76,0.695,0.58,0.3,forward,forward,forward,reverse,forward,music composition and production,music listening and consumption,sealed pattern generation / structured composition,spatial diffusion art / immersive installation,material production and crafting
ISFP_F_B,ISFP,F,B,R1b,False,0.6,0.34,0.46,0.0,0.84,0.775,0.5,0.24,reverse,forward,forward,reverse,reverse,spatial sound art / immersive production,music listening and consumption,music pattern generation,spatial diffusion art / immersive installation,transparent material art / optical / glass art
ISFP_F_AB,ISFP,F,AB,R1b,False,0.59,0.42,0.43,0.02,0.82,0.775,0.55,0.32,reverse,forward,forward,reverse,forward,spatial sound art / immersive production,music listening and consumption,sealed pattern generation / structured composition,spatial diffusion art / immersive installation,material production and crafting
ESFJ_M_O,ESFJ,M,O,R1b,False,0.78,0.26,0.48,0.3,0.85,0.835,0.62,0.38,reverse,forward,forward,reverse,reverse,spatial sound art / immersive production,fast-paced music listening / active consumption,sealed pattern generation / structured composition,spatial diffusion art / immersive installation,transparent material art / optical / glass art
ESFJ_M_A,ESFJ,M,A,R1b,False,0.78,0.29,0.43,0.38,0.82,0.805,0.67,0.41,reverse,forward,forward,reverse,reverse,spatial sound art / immersive production,fast-paced music listening / active consumption,sealed pattern generation / structured composition,spatial diffusion art / immersive installation,transparent material art / optical / glass art
ESFJ_M_B,ESFJ,M,B,R1b,False,0.81,0.23,0.56,0.22,0.9,0.885,0.59,0.35,reverse,reverse,forward,reverse,reverse,spatial sound art / immersive production,deconstructive listening / noise archive art,sealed pattern generation / structured composition,spatial diffusion art / immersive installation,transparent material art / optical / glass art
ESFJ_M_AB,ESFJ,M,AB,R1b,False,0.8,0.31,0.53,0.27,0.88,0.885,0.64,0.43,reverse,reverse,forward,reverse,reverse,spatial sound art / immersive production,deconstructive listening / noise archive art,sealed pattern generation / structured composition,spatial diffusion art / immersive installation,transparent material art / optical / glass art
ESFJ_F_O,ESFJ,F,O,R1b,False,0.72,0.32,0.38,0.3,0.79,0.775,0.68,0.32,forward,forward,forward,reverse,reverse,bright rhythmic music production,fast-paced music listening / active consumption,sealed pattern generation / structured composition,spatial diffusion art / immersive installation,transparent material art / optical / glass art
ESFJ_F_A,ESFJ,F,A,R1b,False,0.72,0.35,0.33,0.38,0.76,0.745,0.73,0.35,forward,forward,spark,reverse,reverse,bright rhythmic music production,fast-paced music listening / active consumption,rhythmic spark generation / beat creation,spatial diffusion art / immersive installation,transparent material art / optical / glass art
ESFJ_F_B,ESFJ,F,B,R1b,False,0.75,0.29,0.46,0.22,0.84,0.825,0.65,0.29,reverse,forward,forward,reverse,reverse,spatial sound art / immersive production,fast-paced music listening / active consumption,sealed pattern generation / structured composition,spatial diffusion art / immersive installation,transparent material art / optical / glass art
ESFJ_F_AB,ESFJ,F,AB,R1b,False,0.74,0.37,0.43,0.27,0.82,0.825,0.7,0.37,reverse,forward,forward,reverse,reverse,spatial sound art / immersive production,fast-paced music listening / active consumption,sealed pattern generation / structured composition,spatial diffusion art / immersive installation,transparent material art / optical / glass art
ISFJ_M_O,ISFJ,M,O,R1b,False,0.63,0.26,0.48,0.3,0.75,0.785,0.57,0.38,reverse,forward,forward,reverse,reverse,spatial sound art / immersive production,fast-paced music listening / active consumption,sealed pattern generation / structured composition,spatial diffusion art / immersive installation,transparent material art / optical / glass art
ISFJ_M_A,ISFJ,M,A,R1b,False,0.63,0.29,0.43,0.38,0.72,0.755,0.62,0.41,reverse,forward,forward,reverse,reverse,spatial sound art / immersive production,fast-paced music listening / active consumption,sealed pattern generation / structured composition,spatial diffusion art / immersive installation,transparent material art / optical / glass art
ISFJ_M_B,ISFJ,M,B,R1b,False,0.66,0.23,0.56,0.22,0.8,0.835,0.54,0.35,reverse,reverse,forward,reverse,reverse,spatial sound art / immersive production,deconstructive listening / noise archive art,sealed pattern generation / structured composition,spatial diffusion art / immersive installation,transparent material art / optical / glass art
ISFJ_M_AB,ISFJ,M,AB,R1b,False,0.65,0.31,0.53,0.27,0.78,0.835,0.59,0.43,reverse,reverse,forward,reverse,reverse,spatial sound art / immersive production,deconstructive listening / noise archive art,sealed pattern generation / structured composition,spatial diffusion art / immersive installation,transparent material art / optical / glass art
ISFJ_F_O,ISFJ,F,O,R1b,False,0.57,0.32,0.38,0.3,0.69,0.725,0.63,0.32,forward,forward,forward,reverse,reverse,music composition and production,music listening and consumption,sealed pattern generation / structured composition,spatial diffusion art / immersive installation,transparent material art / optical / glass art
ISFJ_F_A,ISFJ,F,A,R1b,False,0.57,0.35,0.33,0.38,0.66,0.695,0.68,0.35,forward,forward,spark,reverse,reverse,music composition and production,music listening and consumption,rhythmic spark generation / beat creation,spatial diffusion art / immersive installation,transparent material art / optical / glass art
ISFJ_F_B,ISFJ,F,B,R1b,False,0.6,0.29,0.46,0.22,0.74,0.775,0.6,0.29,reverse,forward,forward,reverse,reverse,spatial sound art / immersive production,music listening and consumption,sealed pattern generation / structured composition,spatial diffusion art / immersive installation,transparent material art / optical / glass art
ISFJ_F_AB,ISFJ,F,AB,R1b,False,0.59,0.37,0.43,0.27,0.72,0.775,0.65,0.37,reverse,forward,forward,reverse,reverse,spatial sound art / immersive production,music listening and consumption,sealed pattern generation / structured composition,spatial diffusion art / immersive installation,transparent material art / optical / glass art
