r,q0,finite_frac,bottleneck_H1,wasserstein_H1,n_h1_pts,max_persistence,n_points
0.1116,0.96,1.0,0.3820613622665405,1.8149069586096773,19,0.764122724533081,50
0.1116,0.961,1.0,0.1270442008972168,1.2503382117266435,17,0.39215052127838135,50
0.1116,0.962,1.0,0.12748408317565918,1.229743505395288,18,0.2876102924346924,50
0.1116,0.963,1.0,0.14367365837097168,1.4383629187275717,13,0.3301813006401062,50
0.1116,0.964,1.0,0.14367365837097168,1.2156886390815076,11,0.2860444188117981,50
0.1116,0.965,1.0,0.14367365837097168,1.3113515736711112,16,0.23566663265228271,50
0.1116,0.966,1.0,0.13374602794647217,1.1512622635515561,12,0.20102334022521973,50
0.1116,0.967,1.0,0.12480676174163818,0.9705319509828804,16,0.27692437171936035,50
0.1116,0.968,1.0,0.14367365837097168,1.0719786248262222,12,0.29179370403289795,50
0.1116,0.969,1.0,0.09993964433670044,0.9035345532297103,16,0.2817126512527466,50
0.1116,0.97,1.0,0.23222917318344116,1.7082654630441185,16,0.4644583463668823,50
0.1116,0.971,1.0,0.1314883828163147,1.1339462332292638,14,0.30136752128601074,50
0.1116,0.972,1.0,0.22075796127319336,1.6971729109006441,15,0.4415159225463867,50
0.1116,0.973,1.0,0.14367365837097168,1.241484920379409,15,0.24558722972869873,50
0.1116,0.974,1.0,0.13903427124023438,1.2547005810625818,15,0.36146819591522217,50
0.1116,0.975,1.0,0.16148126125335693,1.3172618950832233,14,0.3619091510772705,50
0.1116,0.976,1.0,0.14367365837097168,1.2149605910758752,11,0.18574100732803345,50
0.1116,0.977,1.0,0.19041407108306885,1.2775566586472211,13,0.4030343294143677,50
0.1116,0.978,1.0,0.14367365837097168,1.0262780107375917,10,0.14456725120544434,50
0.1116,0.979,1.0,0.1526777744293213,1.4250252291576282,12,0.3053555488586426,50
0.1116,0.98,1.0,0.09812939167022705,0.7813621476118342,13,0.3154368996620178,50
0.1116,0.981,1.0,0.14367365837097168,1.2355595714721144,11,0.22314870357513428,50
0.1116,0.982,1.0,0.14367365837097168,1.0817651391350092,11,0.14157706499099731,50
0.1116,0.983,1.0,0.14367365837097168,1.097127423561935,8,0.2458825707435608,50
0.1117,0.96,1.0,0.3813495635986328,1.5388553313481685,17,0.7626991271972656,50
0.1117,0.961,1.0,0.17859727144241333,1.4477975675984793,9,0.35719454288482666,50
0.1117,0.962,1.0,0.14367365837097168,1.1750964088403464,13,0.2661844491958618,50
0.1117,0.963,1.0,0.24882268905639648,1.1536346730650222,15,0.5217732191085815,50
0.1117,0.964,1.0,0.13374602794647217,1.0426760084303344,17,0.2491682767868042,50
0.1117,0.965,1.0,0.15597468614578247,1.2363611969247326,10,0.3292737603187561,50
0.1117,0.966,1.0,0.18045568466186523,1.2453227465679055,12,0.36091136932373047,50
0.1117,0.967,1.0,0.20474398136138916,1.389867489568185,11,0.4094879627227783,50
0.1117,0.968,1.0,0.10570454597473145,0.7264663182223132,9,0.34096598625183105,50
0.1117,0.969,1.0,0.17601406574249268,1.223289548815003,14,0.5433880090713501,50
0.1117,0.97,1.0,0.14367365837097168,1.1246371666999464,13,0.15128594636917114,50
0.1117,0.971,1.0,0.14367365837097168,1.3170899307026704,15,0.21753990650177002,50
0.1117,0.972,1.0,0.1314883828163147,1.1233431031393717,17,0.25924980640411377,50
0.1117,0.973,1.0,0.1344308853149414,0.9635821043605102,11,0.20958423614501953,50
0.1117,0.974,1.0,0.1314883828163147,1.2903088568487548,13,0.31089746952056885,50
0.1117,0.975,1.0,0.0,0.0,10,0.28734731674194336,50
0.1117,0.976,1.0,0.14367365837097168,1.6365018033791152,18,0.31746232509613037,50
0.1117,0.977,1.0,0.13374602794647217,1.0777409358896473,14,0.1859855055809021,50
0.1117,0.978,1.0,0.11304104328155518,1.0643477917607722,15,0.24163377285003662,50
0.1117,0.979,1.0,0.23361515998840332,1.427315145523761,10,0.5758901834487915,50
0.1117,0.98,1.0,0.1766655445098877,1.0797461250341216,13,0.4365948438644409,50
0.1117,0.981,1.0,0.12834417819976807,0.9296310413375205,12,0.31248950958251953,50
0.1117,0.982,1.0,0.14367365837097168,1.0955475893560263,10,0.15483593940734863,50
0.1117,0.983,1.0,0.13374602794647217,0.9273063667947412,11,0.2098996639251709,50
0.1118,0.96,1.0,0.38065242767333984,1.6190752218204463,11,0.7613048553466797,50
0.1118,0.961,1.0,0.14367365837097168,1.1316241270958907,10,0.42351627349853516,50
0.1118,0.962,1.0,0.1314883828163147,1.2583921918390746,14,0.26517605781555176,50
0.1118,0.963,1.0,0.13450676202774048,1.5092103515254682,18,0.3265683650970459,50
0.1118,0.964,1.0,0.14367365837097168,1.1841658816446363,10,0.3040006756782532,50
0.1118,0.965,1.0,0.20062342286109924,1.6423336032138192,14,0.4012468457221985,50
0.1118,0.966,1.0,0.105354905128479,1.1074301278050256,16,0.3266458511352539,50
0.1118,0.967,1.0,0.14367365837097168,1.4552414670714033,13,0.30898576974868774,50
0.1118,0.968,1.0,0.11217635869979858,1.0893682952935895,14,0.252527117729187,50
0.1118,0.969,1.0,0.1314883828163147,0.9131805954841989,10,0.25398361682891846,50
0.1118,0.97,1.0,0.13773870468139648,1.4579061834856444,19,0.3151623606681824,50
0.1118,0.971,1.0,0.14367365837097168,1.4753740317892345,12,0.3266853094100952,50
0.1118,0.972,1.0,0.14367365837097168,1.1786056016275368,10,0.22764140367507935,50
0.1118,0.973,1.0,0.14367365837097168,1.352709223920408,9,0.27958106994628906,50
0.1118,0.974,1.0,0.15944579243659973,1.495504349037814,15,0.43146181106567383,50
0.1118,0.975,1.0,0.14367365837097168,1.2721102955189139,21,0.321125864982605,50
0.1118,0.976,1.0,0.13374602794647217,1.162076109995296,10,0.3105888366699219,50
0.1118,0.977,1.0,0.14367365837097168,1.0650305336470947,13,0.313507080078125,50
0.1118,0.978,1.0,0.16180378198623657,1.5969378925014777,14,0.32360756397247314,50
0.1118,0.979,1.0,0.18826133012771606,1.3472795611973234,11,0.37652266025543213,50
0.1118,0.98,1.0,0.1314883828163147,0.9534608972880411,15,0.16582250595092773,50
0.1118,0.981,1.0,0.2006872296333313,1.1091355086129482,13,0.4013744592666626,50
0.1118,0.982,1.0,0.19331997632980347,1.0722092890482753,11,0.38663995265960693,50
0.1118,0.983,1.0,0.16782891750335693,1.3428999590165842,15,0.3686516284942627,50
0.1119,0.96,1.0,0.37996983528137207,1.874201297341256,15,0.7599396705627441,50
0.1119,0.961,1.0,0.1314883828163147,1.1271027885050886,18,0.3020937442779541,50
0.1119,0.962,1.0,0.1314883828163147,1.3068035785899503,14,0.245103120803833,50
0.1119,0.963,1.0,0.13951289653778076,1.296994979637984,12,0.21441519260406494,50
0.1119,0.964,1.0,0.18340939283370972,1.3217959928652792,14,0.3782297968864441,50
0.1119,0.965,1.0,0.17956244945526123,1.559798672910686,14,0.37227165699005127,50
0.1119,0.966,1.0,0.14367365837097168,1.194432198753588,9,0.22485202550888062,50
0.1119,0.967,1.0,0.14367365837097168,1.6182317177153873,18,0.335918664932251,50
0.1119,0.968,1.0,0.14367365837097168,1.235125994723962,14,0.17775064706802368,50
0.1119,0.969,1.0,0.14367365837097168,1.0869180405076206,15,0.18117809295654297,50
0.1119,0.97,1.0,0.13969367742538452,0.834517265960176,8,0.34610313177108765,50
0.1119,0.971,1.0,0.14367365837097168,1.347430068036212,12,0.2852765917778015,50
0.1119,0.972,1.0,0.14367365837097168,1.4042953742320305,15,0.21642082929611206,50
0.1119,0.973,1.0,0.1314883828163147,1.3484342449899036,16,0.22669118642807007,50
0.1119,0.974,1.0,0.14367365837097168,1.5420658603738195,15,0.2405853271484375,50
0.1119,0.975,1.0,0.14367365837097168,1.2339266191564822,15,0.23583757877349854,50
0.1119,0.976,1.0,0.13374602794647217,1.1269509588439708,17,0.25934410095214844,50
0.1119,0.977,1.0,0.11039221286773682,1.1831318827368011,9,0.2931938171386719,50
0.1119,0.978,1.0,0.14367365837097168,1.1796009134424925,9,0.25101345777511597,50
0.1119,0.979,1.0,0.14367365837097168,1.5052898512239372,15,0.30159568786621094,50
0.1119,0.98,1.0,0.14367365837097168,1.0088552876503432,13,0.22303569316864014,50
0.1119,0.981,1.0,0.12701547145843506,0.9499144225524458,11,0.3440626859664917,50
0.1119,0.982,1.0,0.11953771114349365,0.7851073262261735,9,0.24225139617919922,50
0.1119,0.983,1.0,0.14367365837097168,1.485330341635681,15,0.28113025426864624,50
0.112,0.96,1.0,0.3793025016784668,1.5434855790469137,9,0.7586050033569336,50
0.112,0.961,1.0,0.1987115740776062,0.8776945876603766,9,0.4574889540672302,50
0.112,0.962,1.0,0.13396918773651123,1.3837718437375306,18,0.26111483573913574,50
0.112,0.963,1.0,0.14367365837097168,1.5448688941541198,17,0.32295775413513184,50
0.112,0.964,1.0,0.1104729175567627,0.9360124986613693,9,0.3725006580352783,50
0.112,0.965,1.0,0.14367365837097168,1.2442346380898552,11,0.144927978515625,50
0.112,0.966,1.0,0.14367365837097168,1.1712716890430923,12,0.24304533004760742,50
0.112,0.967,1.0,0.09264218807220459,0.9124702830792463,11,0.2750283479690552,50
0.112,0.968,1.0,0.14367365837097168,1.4777329077305215,16,0.28247499465942383,50
0.112,0.969,1.0,0.1314883828163147,0.9601259488203929,9,0.20836150646209717,50
0.112,0.97,1.0,0.1383305788040161,1.1731136391576777,15,0.2987428903579712,50
0.112,0.971,1.0,0.1314883828163147,1.141222350439249,9,0.2560540437698364,50
0.112,0.972,1.0,0.14367365837097168,1.3483832182863829,9,0.2313399314880371,50
0.112,0.973,1.0,0.1314883828163147,1.3798084950624936,12,0.3413955569267273,50
0.112,0.974,1.0,0.13819658756256104,1.0273525759054896,11,0.5143688917160034,50
0.112,0.975,1.0,0.1314883828163147,1.3515053534107389,16,0.4461917281150818,50
0.112,0.976,1.0,0.10641717910766602,1.169108350426873,12,0.3752920627593994,50
0.112,0.977,1.0,0.16585466265678406,1.2908565134685503,14,0.3613135814666748,50
0.112,0.978,1.0,0.16751259565353394,1.164700211457495,12,0.3618279695510864,50
0.112,0.979,1.0,0.14367365837097168,1.65904904149554,20,0.3323051929473877,50
0.112,0.98,1.0,0.1314883828163147,1.123136717068565,14,0.23443198204040527,50
0.112,0.981,1.0,0.14123046398162842,1.0684289006231196,13,0.2651796340942383,50
0.112,0.982,1.0,0.1314883828163147,0.8930932739273639,10,0.20709657669067383,50
0.112,0.983,1.0,0.07337307929992676,0.9498069821999153,15,0.26879560947418213,50
0.1121,0.96,1.0,0.3786489963531494,1.8837158585543679,13,0.7572979927062988,50
0.1121,0.961,1.0,0.14367365837097168,1.2868126358151015,15,0.24322813749313354,50
0.1121,0.962,1.0,0.08253353834152222,0.8198488850464911,13,0.28267383575439453,50
0.1121,0.963,1.0,0.1314883828163147,0.9934319132726959,10,0.31379514932632446,50
0.1121,0.964,1.0,0.1314883828163147,1.3818794724965748,20,0.3011183738708496,50
0.1121,0.965,1.0,0.20316988229751587,1.4331812101493562,14,0.40684670209884644,50
0.1121,0.966,1.0,0.12747186422348022,1.17403119221866,17,0.38673412799835205,50
0.1121,0.967,1.0,0.12074697017669678,1.0582738980820914,13,0.2961242198944092,50
0.1121,0.968,1.0,0.1314883828163147,1.1047783371186675,12,0.1937628984451294,50
0.1121,0.969,1.0,0.13920676708221436,1.0890092980598975,12,0.37260138988494873,50
0.1121,0.97,1.0,0.1314883828163147,1.2462410033109204,16,0.23887181282043457,50
0.1121,0.971,1.0,0.14367365837097168,1.396631897312635,20,0.2526061534881592,50
0.1121,0.972,1.0,0.12447988986968994,1.3193886663998282,19,0.26298612356185913,50
0.1121,0.973,1.0,0.14367365837097168,1.5575202787077032,20,0.4125244617462158,50
0.1121,0.974,1.0,0.1314883828163147,0.900980373925197,12,0.21554934978485107,50
0.1121,0.975,1.0,0.21426844596862793,1.0278816617384408,13,0.44506657123565674,50
0.1121,0.976,1.0,0.15929457545280457,1.2009648960699237,17,0.32160598039627075,50
0.1121,0.977,1.0,0.24313640594482422,1.5816605575689002,15,0.48627281188964844,50
0.1121,0.978,1.0,0.14367365837097168,1.214136861411859,12,0.23980039358139038,50
0.1121,0.979,1.0,0.11344289779663086,1.1323985709058417,13,0.2681769132614136,50
0.1121,0.98,1.0,0.20307165384292603,1.6039477043277772,13,0.40614330768585205,50
0.1121,0.981,1.0,0.1012425422668457,0.9514740983494265,14,0.3763052225112915,50
0.1121,0.982,1.0,0.21268773078918457,1.3114023128768262,10,0.5130840539932251,50
0.1121,0.983,1.0,0.18150818347930908,1.525425096942556,16,0.4377632141113281,50
0.1122,0.96,1.0,0.37800848484039307,1.921128309026729,15,0.7560169696807861,50
0.1122,0.961,1.0,0.14105284214019775,1.447068815212056,16,0.25994348526000977,50
0.1122,0.962,1.0,0.13982415199279785,1.1915678882863001,14,0.3287004232406616,50
0.1122,0.963,1.0,0.14367365837097168,1.1675172264758014,14,0.256422758102417,50
0.1122,0.964,1.0,0.14367365837097168,1.1414548161726903,11,0.18407821655273438,50
0.1122,0.965,1.0,0.14367365837097168,1.1779040695662018,17,0.30223339796066284,50
0.1122,0.966,1.0,0.09479856491088867,1.0828817347299813,15,0.22403788566589355,50
0.1122,0.967,1.0,0.16766595840454102,1.2247400232871455,16,0.4602839946746826,50
0.1122,0.968,1.0,0.14367365837097168,1.2551672517252144,12,0.23742032051086426,50
0.1122,0.969,1.0,0.14367365837097168,1.4534069643553496,12,0.34016019105911255,50
0.1122,0.97,1.0,0.1314883828163147,1.0623871273674448,16,0.3460935354232788,50
0.1122,0.971,1.0,0.1498425006866455,1.0481637504646928,13,0.35141491889953613,50
0.1122,0.972,1.0,0.14367365837097168,1.1986377157172288,15,0.3369993567466736,50
0.1122,0.973,1.0,0.11326384544372559,1.1728211293843827,16,0.2350800633430481,50
0.1122,0.974,1.0,0.1498100757598877,1.5415619309722473,11,0.5529886484146118,50
0.1122,0.975,1.0,0.08441400527954102,1.0472552742424992,16,0.24959689378738403,50
0.1122,0.976,1.0,0.16277456283569336,1.42679112552934,13,0.3255491256713867,50
0.1122,0.977,1.0,0.17806720733642578,1.5050788224131249,15,0.4150196313858032,50
0.1122,0.978,1.0,0.1405038833618164,1.0962609297165646,13,0.32343363761901855,50
0.1122,0.979,1.0,0.1314883828163147,1.413446034014436,14,0.2946817874908447,50
0.1122,0.98,1.0,0.14367365837097168,0.9910215167507965,6,0.09044617414474487,50
0.1122,0.981,1.0,0.13374602794647217,1.2183497447062572,13,0.1416943073272705,50
0.1122,0.982,1.0,0.1368192434310913,1.595416469340186,18,0.281399667263031,50
0.1122,0.983,1.0,0.1388918161392212,1.2026234274327035,14,0.49692630767822266,50
0.1123,0.96,1.0,0.37737929821014404,1.706138072790153,9,0.7547585964202881,50
0.1123,0.961,1.0,0.16503989696502686,1.2639966559488756,18,0.4423394799232483,50
0.1123,0.962,1.0,0.14367365837097168,1.1916383116698501,12,0.32218044996261597,50
0.1123,0.963,1.0,0.1811196208000183,1.2364253774646894,16,0.3622392416000366,50
0.1123,0.964,1.0,0.1369267702102661,1.3762484073514114,15,0.2690770626068115,50
0.1123,0.965,1.0,0.14367365837097168,1.1182954631293434,9,0.15530413389205933,50
0.1123,0.966,1.0,0.14367365837097168,1.2992981509795543,16,0.2277623414993286,50
0.1123,0.967,1.0,0.14084744453430176,1.420210453386749,16,0.2816948890686035,50
0.1123,0.968,1.0,0.1314883828163147,1.2777342435125763,13,0.29639190435409546,50
0.1123,0.969,1.0,0.1282373070716858,0.9475758012908274,16,0.3508715033531189,50
0.1123,0.97,1.0,0.14367365837097168,1.1477529113727134,14,0.11351251602172852,50
0.1123,0.971,1.0,0.11131918430328369,1.1416259399227118,17,0.39487171173095703,50
0.1123,0.972,1.0,0.17706894874572754,1.0933404973936285,15,0.3541378974914551,50
0.1123,0.973,1.0,0.14367365837097168,1.3503920303295445,16,0.3806183338165283,50
0.1123,0.974,1.0,0.14367365837097168,1.206346282699128,10,0.1846003532409668,50
0.1123,0.975,1.0,0.12314283847808838,1.0298107354529087,14,0.23742783069610596,50
0.1123,0.976,1.0,0.1314883828163147,1.0277624744447247,13,0.33707523345947266,50
0.1123,0.977,1.0,0.12826764583587646,1.2063638918106356,16,0.21279370784759521,50
0.1123,0.978,1.0,0.11119282245635986,1.0385375037598468,13,0.15916407108306885,50
0.1123,0.979,1.0,0.17395943403244019,1.0826404202930848,14,0.34791886806488037,50
0.1123,0.98,1.0,0.16671442985534668,1.2968170487260575,13,0.40681910514831543,50
0.1123,0.981,1.0,0.1314883828163147,1.0579763338954855,12,0.21235167980194092,50
0.1123,0.982,1.0,0.14367365837097168,0.8643782041993658,11,0.22805607318878174,50
0.1123,0.983,1.0,0.1393488645553589,1.1341032689968082,11,0.31639713048934937,50
0.1124,0.96,1.0,0.3767585754394531,1.5236026776181637,12,0.7535171508789062,50
0.1124,0.961,1.0,0.13782596588134766,1.1386221082147134,14,0.31151312589645386,50
0.1124,0.962,1.0,0.14367365837097168,1.2178483363490056,17,0.23732846975326538,50
0.1124,0.963,1.0,0.21356713771820068,1.3050637844552948,10,0.6491133570671082,50
0.1124,0.964,1.0,0.14367365837097168,1.2782038918824519,12,0.3342605233192444,50
0.1124,0.965,1.0,0.15134578943252563,1.3433696486684992,16,0.31566673517227173,50
0.1124,0.966,1.0,0.1325240135192871,0.9802519107530242,11,0.17533153295516968,50
0.1124,0.967,1.0,0.15827804803848267,1.4380240233244368,9,0.3218700885772705,50
0.1124,0.968,1.0,0.1314883828163147,1.225708041509615,13,0.28532612323760986,50
0.1124,0.969,1.0,0.14367365837097168,0.9490898278258104,11,0.38658034801483154,50
0.1124,0.97,1.0,0.11518967151641846,0.9526180749017937,12,0.261128306388855,50
0.1124,0.971,1.0,0.1352314054965973,1.046322970062806,16,0.43619096279144287,50
0.1124,0.972,1.0,0.13490629196166992,0.8176490619390915,10,0.3819911479949951,50
0.1124,0.973,1.0,0.14367365837097168,1.5025064737543266,13,0.20952916145324707,50
0.1124,0.974,1.0,0.1314883828163147,1.09925089864506,14,0.2895878553390503,50
0.1124,0.975,1.0,0.11811563372612,1.1006437727176754,11,0.3358367681503296,50
0.1124,0.976,1.0,0.08929848670959473,0.9275295379975725,14,0.3190426826477051,50
0.1124,0.977,1.0,0.12555408477783203,1.3535135110328596,18,0.2740340828895569,50
0.1124,0.978,1.0,0.085959792137146,1.061998493897723,15,0.24420255422592163,50
0.1124,0.979,1.0,0.1386202573776245,1.1499322059043782,9,0.18291079998016357,50
0.1124,0.98,1.0,0.1471186876296997,1.0548597232374461,12,0.2942373752593994,50
0.1124,0.981,1.0,0.13374602794647217,1.157168155482256,15,0.2643110752105713,50
0.1124,0.982,1.0,0.14367365837097168,1.4457089092799995,14,0.2213834524154663,50
0.1124,0.983,1.0,0.20366191864013672,1.2409771782741372,14,0.40732383728027344,50
0.1125,0.96,1.0,0.37614452838897705,1.6207087282735393,10,0.7522890567779541,50
0.1125,0.961,1.0,0.14367365837097168,1.4797946426889643,14,0.27978217601776123,50
0.1125,0.962,1.0,0.10594499111175537,0.9118154232141196,13,0.45054948329925537,50
0.1125,0.963,1.0,0.11357712745666504,0.6967868965827966,10,0.22474002838134766,50
0.1125,0.964,1.0,0.13633310794830322,1.2249785560755995,12,0.22499340772628784,50
0.1125,0.965,1.0,0.14367365837097168,1.4734114565971044,11,0.25519514083862305,50
0.1125,0.966,1.0,0.1314883828163147,1.3458080984757683,14,0.3427138328552246,50
0.1125,0.967,1.0,0.1275423765182495,1.1889692946295507,18,0.2566549777984619,50
0.1125,0.968,1.0,0.14367365837097168,1.2729921493381386,12,0.3085004687309265,50
0.1125,0.969,1.0,0.10832744836807251,1.0252423665149168,14,0.26199913024902344,50
0.1125,0.97,1.0,0.14367365837097168,1.1724787761302031,15,0.1267053484916687,50
0.1125,0.971,1.0,0.19252419471740723,1.465355524897592,16,0.38504838943481445,50
0.1125,0.972,1.0,0.10951143503189087,1.1148134146020467,14,0.27963173389434814,50
0.1125,0.973,1.0,0.11834597587585449,1.147718834501601,13,0.2630898356437683,50
0.1125,0.974,1.0,0.14367365837097168,1.149678008341485,11,0.3006117343902588,50
0.1125,0.975,1.0,0.1102827787399292,1.552676530078487,21,0.3139912486076355,50
0.1125,0.976,1.0,0.10583174228668213,1.0408668989348118,13,0.40369606018066406,50
0.1125,0.977,1.0,0.13334870338439941,1.0718211038909384,15,0.21487140655517578,50
0.1125,0.978,1.0,0.1163836121559143,1.3381701510724833,15,0.34529542922973633,50
0.1125,0.979,1.0,0.14367365837097168,1.0301843001031397,7,0.24393105506896973,50
0.1125,0.98,1.0,0.1676049828529358,0.8637224833859437,9,0.4218178987503052,50
0.1125,0.981,1.0,0.14367365837097168,1.1315901946386142,12,0.27565836906433105,50
0.1125,0.982,1.0,0.14367365837097168,1.1786060947089156,11,0.2213141918182373,50
0.1125,0.983,1.0,0.14367365837097168,0.9867337987015916,0,0.0,5
0.1126,0.96,1.0,0.37553369998931885,1.8438677035988644,17,0.7510673999786377,50
0.1126,0.961,1.0,0.14367365837097168,1.1372490349991853,13,0.3109554052352905,50
0.1126,0.962,1.0,0.1314883828163147,0.9591029451951996,11,0.28754115104675293,50
0.1126,0.963,1.0,0.12143218517303467,1.1596251780128588,14,0.3524508476257324,50
0.1126,0.964,1.0,0.14367365837097168,1.0248967580199866,10,0.24281525611877441,50
0.1126,0.965,1.0,0.14367365837097168,1.191477122582366,12,0.2730492353439331,50
0.1126,0.966,1.0,0.14367365837097168,1.3238126996654156,14,0.27543115615844727,50
0.1126,0.967,1.0,0.17962992191314697,1.1343491350899846,13,0.41873812675476074,50
0.1126,0.968,1.0,0.13229763507843018,0.9586259619841593,8,0.2805880308151245,50
0.1126,0.969,1.0,0.1314883828163147,1.0469487676505125,14,0.18630218505859375,50
0.1126,0.97,1.0,0.13374602794647217,1.027679248134683,11,0.49425554275512695,50
0.1126,0.971,1.0,0.10845565795898438,1.2702873150218663,14,0.3226374387741089,50
0.1126,0.972,1.0,0.14367365837097168,1.4689994546086476,15,0.2798806428909302,50
0.1126,0.973,1.0,0.16747045516967773,1.311834207199578,17,0.41571807861328125,50
0.1126,0.974,1.0,0.14997848868370056,1.2340627040819863,16,0.47523242235183716,50
0.1126,0.975,1.0,0.12674474716186523,1.0915087054913095,12,0.36838197708129883,50
0.1126,0.976,1.0,0.1829700767993927,1.7965760206302428,18,0.41970527172088623,50
0.1126,0.977,1.0,0.10639441013336182,1.0061703520670007,16,0.2982451915740967,50
0.1126,0.978,1.0,0.12330007553100586,1.052971970333242,14,0.30390387773513794,50
0.1126,0.979,1.0,0.1314883828163147,1.155136339115197,15,0.19892752170562744,50
0.1126,0.98,1.0,0.14367365837097168,1.6111591266339094,18,0.2873121500015259,50
0.1126,0.981,1.0,0.08890092372894287,0.9097006326067931,11,0.3251051902770996,50
0.1126,0.982,1.0,0.14367365837097168,1.3161309438667037,12,0.3428903818130493,50
0.1126,0.983,1.0,0.14367365837097168,0.9867337987015916,0,0.0,5
