Window_ID,Start_Time,End_Time,Spark_Peak,Type_Baton_Holder,Primary_Vector,Spark_Angle,Interrupt_Slot
W000,00:00:00,00:11:15,00:05:37,ESTP_O_M,Divergent (Outward),138.88,Available
W001,00:11:15,00:22:30,00:16:52,ISTP_O_M,Divergent (Outward),138.88,Available
W002,00:22:30,00:33:45,00:28:07,ESFP_O_M,Divergent (Outward),138.88,Available
W003,00:33:45,00:45:00,00:39:22,ISFP_O_M,Divergent (Outward),138.88,Available
W004,00:45:00,00:56:15,00:50:37,ESTJ_O_M,Divergent (Outward),138.88,Available
W005,00:56:15,01:07:30,01:01:52,ISTJ_O_M,Divergent (Outward),138.88,Available
W006,01:07:30,01:18:45,01:13:07,ESFJ_O_M,Divergent (Outward),138.88,Available
W007,01:18:45,01:30:00,01:24:22,ISFJ_O_M,Divergent (Outward),138.88,Available
W008,01:30:00,01:41:15,01:35:37,ENTP_O_M,Divergent (Outward),138.88,Available
W009,01:41:15,01:52:30,01:46:52,INTP_O_M,Divergent (Outward),138.88,Available
W010,01:52:30,02:03:45,01:58:07,ENFP_O_M,Divergent (Outward),138.88,Available
W011,02:03:45,02:15:00,02:09:22,INFP_O_M,Divergent (Outward),138.88,Available
W012,02:15:00,02:26:15,02:20:37,ENTJ_O_M,Divergent (Outward),138.88,Available
W013,02:26:15,02:37:30,02:31:52,INTJ_O_M,Divergent (Outward),138.88,Available
W014,02:37:30,02:48:45,02:43:07,ENFJ_O_M,Divergent (Outward),138.88,Available
W015,02:48:45,03:00:00,02:54:22,INFJ_O_M,Divergent (Outward),138.88,Available
W016,03:00:00,03:11:15,03:05:37,ESTP_O_F,Divergent (Outward),138.88,Available
W017,03:11:15,03:22:30,03:16:52,ISTP_O_F,Divergent (Outward),138.88,Available
W018,03:22:30,03:33:45,03:28:07,ESFP_O_F,Divergent (Outward),138.88,Available
W019,03:33:45,03:45:00,03:39:22,ISFP_O_F,Divergent (Outward),138.88,Available
W020,03:45:00,03:56:15,03:50:37,ESTJ_O_F,Divergent (Outward),138.88,Available
W021,03:56:15,04:07:30,04:01:52,ISTJ_O_F,Divergent (Outward),138.88,Available
W022,04:07:30,04:18:45,04:13:07,ESFJ_O_F,Divergent (Outward),138.88,Available
W023,04:18:45,04:30:00,04:24:22,ISFJ_O_F,Divergent (Outward),138.88,Available
W024,04:30:00,04:41:15,04:35:37,ENTP_O_F,Divergent (Outward),138.88,Available
W025,04:41:15,04:52:30,04:46:52,INTP_O_F,Divergent (Outward),138.88,Available
W026,04:52:30,05:03:45,04:58:07,ENFP_O_F,Divergent (Outward),138.88,Available
W027,05:03:45,05:15:00,05:09:22,INFP_O_F,Divergent (Outward),138.88,Available
W028,05:15:00,05:26:15,05:20:37,ENTJ_O_F,Divergent (Outward),138.88,Available
W029,05:26:15,05:37:30,05:31:52,INTJ_O_F,Divergent (Outward),138.88,Available
W030,05:37:30,05:48:45,05:43:07,ENFJ_O_F,Divergent (Outward),138.88,Available
W031,05:48:45,06:00:00,05:54:22,INFJ_O_F,Divergent (Outward),138.88,Available
W032,06:00:00,06:11:15,06:05:37,ESTP_A_M,Convergent (GABA-C),138.88,Available
W033,06:11:15,06:22:30,06:16:52,ISTP_A_M,Convergent (GABA-C),138.88,Available
W034,06:22:30,06:33:45,06:28:07,ESFP_A_M,Convergent (GABA-C),138.88,Available
W035,06:33:45,06:45:00,06:39:22,ISFP_A_M,Convergent (GABA-C),138.88,Available
W036,06:45:00,06:56:15,06:50:37,ESTJ_A_M,Convergent (GABA-C),138.88,Available
W037,06:56:15,07:07:30,07:01:52,ISTJ_A_M,Convergent (GABA-C),138.88,Available
W038,07:07:30,07:18:45,07:13:07,ESFJ_A_M,Convergent (GABA-C),138.88,Available
W039,07:18:45,07:30:00,07:24:22,ISFJ_A_M,Convergent (GABA-C),138.88,Available
W040,07:30:00,07:41:15,07:35:37,ENTP_A_M,Convergent (GABA-C),138.88,Available
W041,07:41:15,07:52:30,07:46:52,INTP_A_M,Convergent (GABA-C),138.88,Available
W042,07:52:30,08:03:45,07:58:07,ENFP_A_M,Convergent (GABA-C),138.88,Available
W043,08:03:45,08:15:00,08:09:22,INFP_A_M,Convergent (GABA-C),138.88,Available
W044,08:15:00,08:26:15,08:20:37,ENTJ_A_M,Convergent (GABA-C),138.88,Available
W045,08:26:15,08:37:30,08:31:52,INTJ_A_M,Convergent (GABA-C),138.88,Available
W046,08:37:30,08:48:45,08:43:07,ENFJ_A_M,Convergent (GABA-C),138.88,Available
W047,08:48:45,09:00:00,08:54:22,INFJ_A_M,Convergent (GABA-C),138.88,Available
W048,09:00:00,09:11:15,09:05:37,ESTP_A_F,Convergent (GABA-C),138.88,Available
W049,09:11:15,09:22:30,09:16:52,ISTP_A_F,Convergent (GABA-C),138.88,Available
W050,09:22:30,09:33:45,09:28:07,ESFP_A_F,Convergent (GABA-C),138.88,Available
W051,09:33:45,09:45:00,09:39:22,ISFP_A_F,Convergent (GABA-C),138.88,Available
W052,09:45:00,09:56:15,09:50:37,ESTJ_A_F,Convergent (GABA-C),138.88,Available
W053,09:56:15,10:07:30,10:01:52,ISTJ_A_F,Convergent (GABA-C),138.88,Available
W054,10:07:30,10:18:45,10:13:07,ESFJ_A_F,Convergent (GABA-C),138.88,Available
W055,10:18:45,10:30:00,10:24:22,ISFJ_A_F,Convergent (GABA-C),138.88,Available
W056,10:30:00,10:41:15,10:35:37,ENTP_A_F,Convergent (GABA-C),138.88,Available
W057,10:41:15,10:52:30,10:46:52,INTP_A_F,Convergent (GABA-C),138.88,Available
W058,10:52:30,11:03:45,10:58:07,ENFP_A_F,Convergent (GABA-C),138.88,Available
W059,11:03:45,11:15:00,11:09:22,INFP_A_F,Convergent (GABA-C),138.88,Available
W060,11:15:00,11:26:15,11:20:37,ENTJ_A_F,Convergent (GABA-C),138.88,Available
W061,11:26:15,11:37:30,11:31:52,INTJ_A_F,Convergent (GABA-C),138.88,Available
W062,11:37:30,11:48:45,11:43:07,ENFJ_A_F,Convergent (GABA-C),138.88,Available
W063,11:48:45,12:00:00,11:54:22,INFJ_A_F,Convergent (GABA-C),138.88,Available
W064,12:00:00,12:11:15,12:05:37,ESTP_B_M,Density (High Pressure),138.88,Available
W065,12:11:15,12:22:30,12:16:52,ISTP_B_M,Density (High Pressure),138.88,Available
W066,12:22:30,12:33:45,12:28:07,ESFP_B_M,Density (High Pressure),138.88,Available
W067,12:33:45,12:45:00,12:39:22,ISFP_B_M,Density (High Pressure),138.88,Available
W068,12:45:00,12:56:15,12:50:37,ESTJ_B_M,Density (High Pressure),138.88,Available
W069,12:56:15,13:07:30,13:01:52,ISTJ_B_M,Density (High Pressure),138.88,Available
W070,13:07:30,13:18:45,13:13:07,ESFJ_B_M,Density (High Pressure),138.88,Available
W071,13:18:45,13:30:00,13:24:22,ISFJ_B_M,Density (High Pressure),138.88,Available
W072,13:30:00,13:41:15,13:35:37,ENTP_B_M,Density (High Pressure),138.88,Available
W073,13:41:15,13:52:30,13:46:52,INTP_B_M,Density (High Pressure),138.88,Available
W074,13:52:30,14:03:45,13:58:07,ENFP_B_M,Density (High Pressure),138.88,Available
W075,14:03:45,14:15:00,14:09:22,INFP_B_M,Density (High Pressure),138.88,Available
W076,14:15:00,14:26:15,14:20:37,ENTJ_B_M,Density (High Pressure),138.88,Available
W077,14:26:15,14:37:30,14:31:52,INTJ_B_M,Density (High Pressure),138.88,Available
W078,14:37:30,14:48:45,14:43:07,ENFJ_B_M,Density (High Pressure),138.88,Available
W079,14:48:45,15:00:00,14:54:22,INFJ_B_M,Density (High Pressure),138.88,Available
W080,15:00:00,15:11:15,15:05:37,ESTP_B_F,Density (High Pressure),138.88,Available
W081,15:11:15,15:22:30,15:16:52,ISTP_B_F,Density (High Pressure),138.88,Available
W082,15:22:30,15:33:45,15:28:07,ESFP_B_F,Density (High Pressure),138.88,Available
W083,15:33:45,15:45:00,15:39:22,ISFP_B_F,Density (High Pressure),138.88,Available
W084,15:45:00,15:56:15,15:50:37,ESTJ_B_F,Density (High Pressure),138.88,Available
W085,15:56:15,16:07:30,16:01:52,ISTJ_B_F,Density (High Pressure),138.88,Available
W086,16:07:30,16:18:45,16:13:07,ESFJ_B_F,Density (High Pressure),138.88,Available
W087,16:18:45,16:30:00,16:24:22,ISFJ_B_F,Density (High Pressure),138.88,Available
W088,16:30:00,16:41:15,16:35:37,ENTP_B_F,Density (High Pressure),138.88,Available
W089,16:41:15,16:52:30,16:46:52,INTP_B_F,Density (High Pressure),138.88,Available
W090,16:52:30,17:03:45,16:58:07,ENFP_B_F,Density (High Pressure),138.88,Available
W091,17:03:45,17:15:00,17:09:22,INFP_B_F,Density (High Pressure),138.88,Available
W092,17:15:00,17:26:15,17:20:37,ENTJ_B_F,Density (High Pressure),138.88,Available
W093,17:26:15,17:37:30,17:31:52,INTJ_B_F,Density (High Pressure),138.88,Available
W094,17:37:30,17:48:45,17:43:07,ENFJ_B_F,Density (High Pressure),138.88,Available
W095,17:48:45,18:00:00,17:54:22,INFJ_B_F,Density (High Pressure),138.88,Available
W096,18:00:00,18:11:15,18:05:37,ESTP_AB_M,Integrated (Chiral Reset),138.88,Available
W097,18:11:15,18:22:30,18:16:52,ISTP_AB_M,Integrated (Chiral Reset),138.88,Available
W098,18:22:30,18:33:45,18:28:07,ESFP_AB_M,Integrated (Chiral Reset),138.88,Available
W099,18:33:45,18:45:00,18:39:22,ISFP_AB_M,Integrated (Chiral Reset),138.88,Available
W100,18:45:00,18:56:15,18:50:37,ESTJ_AB_M,Integrated (Chiral Reset),138.88,Available
W101,18:56:15,19:07:30,19:01:52,ISTJ_AB_M,Integrated (Chiral Reset),138.88,Available
W102,19:07:30,19:18:45,19:13:07,ESFJ_AB_M,Integrated (Chiral Reset),138.88,Available
W103,19:18:45,19:30:00,19:24:22,ISFJ_AB_M,Integrated (Chiral Reset),138.88,Available
W104,19:30:00,19:41:15,19:35:37,ENTP_AB_M,Integrated (Chiral Reset),138.88,Available
W105,19:41:15,19:52:30,19:46:52,INTP_AB_M,Integrated (Chiral Reset),138.88,Available
W106,19:52:30,20:03:45,19:58:07,ENFP_AB_M,Integrated (Chiral Reset),138.88,Available
W107,20:03:45,20:15:00,20:09:22,INFP_AB_M,Integrated (Chiral Reset),138.88,Available
W108,20:15:00,20:26:15,20:20:37,ENTJ_AB_M,Integrated (Chiral Reset),138.88,Available
W109,20:26:15,20:37:30,20:31:52,INTJ_AB_M,Integrated (Chiral Reset),138.88,Available
W110,20:37:30,20:48:45,20:43:07,ENFJ_AB_M,Integrated (Chiral Reset),138.88,Available
W111,20:48:45,21:00:00,20:54:22,INFJ_AB_M,Integrated (Chiral Reset),138.88,Available
W112,21:00:00,21:11:15,21:05:37,ESTP_AB_F,Integrated (Chiral Reset),138.88,Available
W113,21:11:15,21:22:30,21:16:52,ISTP_AB_F,Integrated (Chiral Reset),138.88,Available
W114,21:22:30,21:33:45,21:28:07,ESFP_AB_F,Integrated (Chiral Reset),138.88,Available
W115,21:33:45,21:45:00,21:39:22,ISFP_AB_F,Integrated (Chiral Reset),138.88,Available
W116,21:45:00,21:56:15,21:50:37,ESTJ_AB_F,Integrated (Chiral Reset),138.88,Available
W117,21:56:15,22:07:30,22:01:52,ISTJ_AB_F,Integrated (Chiral Reset),138.88,Available
W118,22:07:30,22:18:45,22:13:07,ESFJ_AB_F,Integrated (Chiral Reset),138.88,Available
W119,22:18:45,22:30:00,22:24:22,ISFJ_AB_F,Integrated (Chiral Reset),138.88,Available
W120,22:30:00,22:41:15,22:35:37,ENTP_AB_F,Integrated (Chiral Reset),138.88,Available
W121,22:41:15,22:52:30,22:46:52,INTP_AB_F,Integrated (Chiral Reset),138.88,Available
W122,22:52:30,23:03:45,22:58:07,ENFP_AB_F,Integrated (Chiral Reset),138.88,Available
W123,23:03:45,23:15:00,23:09:22,INFP_AB_F,Integrated (Chiral Reset),138.88,Available
W124,23:15:00,23:26:15,23:20:37,ENTJ_AB_F,Integrated (Chiral Reset),138.88,Available
W125,23:26:15,23:37:30,23:31:52,INTJ_AB_F,Integrated (Chiral Reset),138.88,Available
W126,23:37:30,23:48:45,23:43:07,ENFJ_AB_F,Integrated (Chiral Reset),138.88,Available
W127,23:48:45,00:00:00,23:54:22,INFJ_AB_F,Integrated (Chiral Reset),138.88,Available
