channel,R2,MSE,top_feature,top_coef,top3
u_muscle_a,0.9685899544874589,1.1340244141867026e-18,|gluon|²,7.407680606800327e-05,|gluon|²(+0.000); |quark|²(+0.000); Re(gluon)(-0.000)
u_left_estrogen,0.968589951786212,1.1340244984731823e-18,|gluon|²,-7.407683574513278e-05,|gluon|²(-0.000); |quark|²(-0.000); Re(gluon)(+0.000)
u_left_temporalis_5ht1a,0.9685899428089834,9.738608564202237e-17,|gluon|²,0.0006864669784390385,|gluon|²(+0.001); |quark|²(+0.000); Re(gluon)(-0.000)
u_right_androgen,0.9685899421311813,8.363415151121245e-15,|gluon|²,0.006361551075196109,|gluon|²(+0.006); |quark|²(+0.003); Re(gluon)(-0.001)
u_female_left_noradrenaline,0.9685899420641051,8.363415173611242e-15,|gluon|²,-0.006361551066288524,|gluon|²(-0.006); |quark|²(-0.003); Re(gluon)(+0.001)
u_left_acetyl_coa,0.968589941963768,6.168185392719245e-11,|gluon|²,-0.5463235230067717,|gluon|²(-0.546); |quark|²(-0.276); Re(gluon)(+0.083)
u_left_frontalis_d2,0.968589941963315,6.168185392828601e-11,|gluon|²,0.5463235230373452,|gluon|²(+0.546); |quark|²(+0.276); Re(gluon)(-0.083)
u_gdh_gluon,0.9685899419620767,4.549159676169236e-07,|gluon|²,-46.917707297158834,|gluon|²(-46.918); |quark|²(-23.726); Re(gluon)(+7.106)
u_right_alpha_2,0.9685899419620604,3.176973854121461e-05,|gluon|²,-392.0829990243368,|gluon|²(-392.083); |quark|²(-198.276); Re(gluon)(+59.383)
u_right_extraversion,0.9685899419620582,3.176973854121708e-05,|gluon|²,392.08299902439387,|gluon|²(+392.083); |quark|²(+198.276); Re(gluon)(-59.383)
u_glucocorticoid,0.9685899419620576,0.00017067010604013372,|gluon|²,-908.7615010806911,|gluon|²(-908.762); |quark|²(-459.560); Re(gluon)(+137.637)
u_left_extraversion,0.9685899419620576,9.3472980185215e-06,|gluon|²,-212.67391987901198,|gluon|²(-212.674); |quark|²(-107.549); Re(gluon)(+32.211)
u_right_cortisol,0.9685899419620563,0.00017067010604014166,|gluon|²,908.7615010807496,|gluon|²(+908.762); |quark|²(+459.560); Re(gluon)(-137.637)
u_right_acetylcholine,0.9685899419620541,4.5491596761728816e-07,|gluon|²,46.91770729716783,|gluon|²(+46.918); |quark|²(+23.726); Re(gluon)(-7.106)
u_male_gaba_b,0.9685899419620525,9.347298018523112e-06,|gluon|²,212.6739198790576,|gluon|²(+212.674); |quark|²(+107.549); Re(gluon)(-32.211)
u_right_occipitalis_gaba_a,0.9685899419619238,5.297174743734687e-09,|gluon|²,-5.062829954173273,|gluon|²(-5.063); |quark|²(-2.560); Re(gluon)(+0.767)
u_female_gaba_b_latdorsi,0.9685899419618226,5.2971747437487096e-09,|gluon|²,5.062829954195761,|gluon|²(+5.063); |quark|²(+2.560); Re(gluon)(-0.767)
u_left_endorphin,0.9685899419575215,7.18241570046764e-13,|gluon|²,-0.05895307458810554,|gluon|²(-0.059); |quark|²(-0.030); Re(gluon)(+0.009)
u_male_left_5ht,0.9685899419453083,7.182415704057121e-13,|gluon|²,0.058953074612724,|gluon|²(+0.059); |quark|²(+0.030); Re(gluon)(-0.009)
u_muscle_b,0.9685899416813583,9.738608955863645e-17,|gluon|²,-0.0006864669919138432,|gluon|²(-0.001); |quark|²(-0.000); Re(gluon)(+0.000)
