x,y,score
11.7165,25.0326,0.028554
15.748,34.6806,0.028475
14.8661,105.3455,0.028409
5.0394,105.0847,0.028401
1.2598,34.9413,0.027909
4.6614,34.9413,0.0279
2.2677,25.0326,0.027812
6.2992,25.0326,0.027242
6.6772,34.9413,0.027051
10.8346,135.0717,0.027028
11.7165,70.1434,0.027003
13.1024,118.3833,0.026946
2.8976,106.3885,0.026781
8.189,128.5528,0.02677
10.7087,34.9413,0.026709
10.7087,105.0847,0.026684
4.1575,25.0326,0.026543
1.0079,95.4368,0.026392
10.9606,148.631,0.026355
8.6929,142.3729,0.026255
8.4409,138.4615,0.026201
2.2677,153.0639,0.026132
13.1024,150.1956,0.02601
4.4094,113.6897,0.025999
10.3307,95.176,0.02589
2.8976,138.4615,0.025864
0.252,128.292,0.025801
1.5118,89.7001,0.025777
4.4094,145.502,0.025613
5.1654,127.5098,0.025602
2.5197,16.1669,0.025599
2.2677,120.9909,0.025556
11.7165,134.0287,0.025344
10.9606,116.558,0.025204
8.189,156.9752,0.025194
1.6378,112.9074,0.025172
4.5354,17.4707,0.025165
0.8819,113.6897,0.025165
13.1024,114.7327,0.025157
8.6929,174.1851,0.025147
10.3307,149.4133,0.025113
5.0394,142.3729,0.025042
11.0866,84.485,0.02503
10.4567,108.4746,0.024942
10.3307,117.601,0.02492
6.5512,16.1669,0.024904
2.2677,88.9179,0.024886
8.6929,110.2999,0.024877
3.2756,120.2086,0.024845
5.0394,95.4368,0.024836
8.4409,170.5346,0.024835
3.0236,42.5033,0.024834
6.9291,195.3064,0.024741
2.2677,184.8761,0.024685
5.5433,138.9831,0.024664
4.9134,54.2373,0.024661
1.0079,127.5098,0.024634
1.5118,153.8462,0.024605
9.9528,89.1786,0.024561
10.4567,140.2868,0.024546
8.9449,165.0587,0.024469
5.2913,150.1956,0.024466
10.2047,177.8357,0.024461
13.1024,135.3325,0.024452
0.8819,145.7627,0.024448
1.6378,144.9804,0.024402
13.2283,124.1199,0.024392
13.2283,141.3299,0.024391
12.5984,138.7223,0.02436
13.1024,146.545,0.024338
8.189,124.9022,0.024336
9.7008,164.2764,0.024321
4.7874,40.678,0.02432
2.8976,129.0743,0.024283
8.189,192.4381,0.024273
0.378,160.1043,0.024249
5.0394,110.2999,0.024221
6.0472,85.528,0.024172
13.2283,109.2568,0.024127
9.7008,109.2568,0.024124
9.7008,196.0887,0.024097
13.1024,120.4694,0.024089
3.0236,74.5763,0.024083
10.8346,121.7731,0.024076
9.9528,85.528,0.024073
6.9291,131.4211,0.024064
5.6693,60.4954,0.024058
11.3386,139.5046,0.024055
10.8346,166.884,0.02405
13.7323,132.2034,0.024029
0.378,64.146,0.024027
6.2992,120.9909,0.024022
9.7008,141.3299,0.024012
9.0709,124.1199,0.024004
14.1102,91.5254,0.023916
8.9449,133.2464,0.023877
0.378,96.219,0.023867
1.5118,121.7731,0.023866
11.0866,50.3259,0.023865
4.9134,42.5033,0.023863
11.0866,52.6728,0.023861
1.0079,81.6167,0.023816
14.1102,85.7888,0.023801
11.7165,120.9909,0.023781
14.1102,146.0235,0.023779
7.811,107.4316,0.023765
15.3701,107.4316,0.023737
11.8425,156.7145,0.023715
6.4252,153.0639,0.023694
0.252,192.1773,0.023688
10.4567,44.3286,0.023686
8.189,188.7875,0.023671
13.8583,164.2764,0.023668
10.4567,172.3598,0.023659
10.3307,113.9505,0.023656
11.0866,20.5997,0.023625
1.0079,159.322,0.023602
3.0236,170.5346,0.023592
10.3307,85.528,0.023585
1.5118,185.6584,0.02358
8.189,160.3651,0.023572
2.2677,56.8449,0.023571
5.6693,124.3807,0.023567
15.622,117.3403,0.023555
13.1024,127.7705,0.023553
9.7008,132.2034,0.023525
4.4094,177.575,0.023515
5.6693,84.7458,0.02351
14.7402,131.4211,0.023496
9.0709,155.9322,0.023431
15.4961,177.3142,0.023428
10.2047,126.9883,0.023392
4.2835,68.0574,0.023384
5.2913,118.3833,0.023384
11.0866,180.4433,0.023353
6.8031,166.884,0.023352
5.5433,106.91,0.023346
15.622,149.4133,0.023341
0.8819,177.8357,0.02334
10.3307,21.382,0.023331
5.0394,136.6362,0.023323
9.9528,167.6662,0.023312
12.5984,106.91,0.023305
1.7638,199.4785,0.023278
11.3386,171.3168,0.023276
4.2835,196.0887,0.023269
4.4094,81.6167,0.023264
11.7165,166.1017,0.023262
6.0472,92.5684,0.023236
7.937,64.4068,0.023203
3.2756,152.0209,0.023203
4.2835,131.9426,0.0232
3.4016,146.545,0.023176
11.7165,38.0704,0.023175
8.6929,78.2269,0.023158
6.9291,135.0717,0.023135
14.7402,67.5359,0.023133
8.4409,70.1434,0.023128
4.6614,142.1121,0.023128
11.7165,88.9179,0.023106
14.1102,177.8357,0.023094
13.7323,196.0887,0.023092
12.0945,142.1121,0.023083
6.9291,99.3481,0.023055
13.7323,68.0574,0.02304
4.2835,164.0156,0.02304
10.3307,181.4863,0.023024
10.3307,63.103,0.023021
8.9449,197.1317,0.023012
1.6378,177.0535,0.023001
8.189,96.4798,0.022998
6.9291,157.4967,0.022998
6.9291,163.4941,0.022981
6.9291,67.5359,0.02298
1.0079,49.5437,0.022973
11.9685,124.9022,0.022968
15.4961,145.2412,0.022955
10.3307,146.0235,0.022947
10.3307,81.8774,0.022941
11.8425,153.0639,0.022923
11.8425,60.7562,0.022898
3.0236,161.1473,0.022839
5.0394,121.7731,0.022827
6.9291,198.957,0.022825
10.3307,191.1343,0.022813
11.7165,198.1747,0.022802
6.5512,111.8644,0.022791
2.8976,125.163,0.022783
1.8898,92.3077,0.02271
8.9449,69.1004,0.022708
8.4409,147.588,0.022698
8.4409,106.6493,0.022697
6.0472,94.3937,0.022696
1.7638,167.4055,0.022655
6.5512,143.9374,0.022647
4.4094,49.5437,0.022646
10.8346,198.957,0.022643
11.8425,188.7875,0.022639
1.0079,191.395,0.022627
12.0945,110.2999,0.022616
13.1024,106.91,0.022606
9.1969,114.472,0.0226
7.937,60.7562,0.022591
4.2835,35.9844,0.022589
10.9606,110.5606,0.022561
5.0394,131.4211,0.022551
10.2047,159.0613,0.022527
10.4567,76.4016,0.022519
15.3701,171.3168,0.022513
14.1102,113.9505,0.022504
11.8425,185.1369,0.022465
1.5118,57.8879,0.022462
3.2756,88.1356,0.02244
14.4882,110.5606,0.022439
9.1969,178.618,0.022436
8.315,119.4263,0.022432
9.8268,68.0574,0.022411
1.6378,49.0222,0.022409
2.7717,149.4133,0.022397
3.5276,178.3572,0.022396
3.2756,184.0939,0.022377
9.9528,135.5932,0.022356
11.3386,107.4316,0.022348
5.6693,156.4537,0.022337
7.0551,125.6845,0.022324
1.7638,103.5202,0.022311
3.0236,192.9596,0.022301
12.5984,170.7953,0.022288
14.7402,163.4941,0.022287
14.4882,142.6336,0.022268
14.7402,195.5671,0.022265
7.811,171.3168,0.02226
9.0709,188.0052,0.022259
7.811,139.2438,0.022231
1.0079,63.3638,0.022211
9.1969,146.545,0.022148
5.2913,182.2686,0.022133
1.7638,135.3325,0.022116
5.4173,74.837,0.022107
4.7874,168.4485,0.022097
3.6535,110.8214,0.022096
13.7323,36.2451,0.022087
2.7717,115.515,0.022068
5.7953,188.5267,0.022049
1.3858,163.2334,0.022048
14.7402,99.3481,0.022046
15.4961,113.1682,0.022043
6.5512,176.0104,0.02204
6.9291,189.5698,0.022039
6.1732,196.0887,0.022018
8.4409,183.5724,0.022011
5.7953,135.5932,0.021972
5.2913,22.1643,0.02195
6.2992,184.8761,0.02194
15.622,181.4863,0.021931
10.7087,195.3064,0.021922
8.4409,74.5763,0.021905
5.2913,86.3103,0.021902
1.6378,81.0952,0.021901
5.5433,170.7953,0.021875
7.5591,116.8188,0.021874
3.0236,189.309,0.021859
5.1654,159.5828,0.021849
3.6535,142.8944,0.021846
1.7638,71.4472,0.021842
5.5433,92.3077,0.021839
5.4173,42.764,0.02183
6.6772,177.8357,0.02182
5.2913,54.2373,0.021818
14.7402,157.4967,0.021806
0.8819,172.0991,0.021805
4.6614,110.2999,0.021769
3.6535,174.9674,0.021761
8.315,151.4993,0.021723
2.0157,171.3168,0.021713
3.2756,23.9896,0.021711
3.4016,114.472,0.02171
14.1102,155.4107,0.021693
12.8504,159.5828,0.02168
7.5591,180.9648,0.02167
12.0945,147.588,0.021662
3.0236,157.236,0.02162
10.3307,53.455,0.021617
2.6457,134.5502,0.021613
1.7638,16.6884,0.021566
1.5118,131.4211,0.021564
4.6614,174.1851,0.021558
4.1575,124.6415,0.021526
8.9449,37.0274,0.021525
15.3701,139.2438,0.021506
7.5591,148.8918,0.021479
12.0945,174.1851,0.021469
0.8819,149.4133,0.02146
15.4961,81.0952,0.021436
14.4882,174.7066,0.021428
8.189,28.9439,0.021421
0.8819,181.4863,0.021411
15.748,95.176,0.021408
2.6457,198.6962,0.021387
6.9291,61.5385,0.021378
1.3858,195.3064,0.021373
11.3386,43.5463,0.021372
1.3858,150.1956,0.02137
14.8661,189.5698,0.021366
2.6457,179.4003,0.021349
13.3543,173.4029,0.021344
3.9055,60.4954,0.021329
9.8268,36.2451,0.021302
8.4409,115.515,0.021292
12.2205,19.8175,0.021275
3.0236,65.189,0.021272
13.1024,182.2686,0.021265
11.7165,102.2164,0.02126
13.9843,123.3377,0.021255
6.1732,164.0156,0.021244
10.4567,50.0652,0.021236
6.8031,70.9257,0.021235
0.8819,140.0261,0.021218
2.6457,175.7497,0.021208
15.3701,75.3585,0.021205
11.3386,75.3585,0.021183
3.2756,56.0626,0.021178
5.0394,191.395,0.021175
5.7953,167.6662,0.021166
1.1339,31.2907,0.021158
15.622,167.927,0.021142
2.2677,130.1173,0.021138
1.0079,117.601,0.021125
12.8504,191.6558,0.021089
6.6772,145.7627,0.021088
10.7087,131.4211,0.021075
9.3228,82.6597,0.021052
9.9528,199.4785,0.021027
10.3307,31.03,0.021026
10.9606,70.9257,0.021023
13.1024,178.618,0.020997
1.3858,67.2751,0.020973
12.0945,115.515,0.020971
15.622,136.1147,0.020967
9.8268,100.1304,0.020961
14.1102,187.4837,0.020958
2.6457,166.6232,0.020946
10.8346,185.6584,0.020946
9.0709,27.9009,0.020926
14.7402,125.4237,0.020916
9.0709,60.2347,0.020904
1.0079,108.2138,0.0209
10.7087,153.5854,0.020873
12.9764,167.4055,0.020868
10.3307,17.9922,0.020851
15.748,190.8735,0.020824
2.7717,19.8175,0.020815
11.8425,57.1056,0.020789
10.7087,163.4941,0.020774
11.7165,177.575,0.020767
14.9921,191.9166,0.020755
13.1024,199.4785,0.020737
14.3622,23.7288,0.020703
13.6063,105.867,0.020695
4.2835,188.7875,0.020682
2.6457,147.3272,0.020677
7.3071,184.3546,0.020639
8.9449,101.1734,0.020624
6.0472,131.9426,0.020591
4.1575,156.7145,0.020591
6.5512,113.6897,0.020555
7.5591,84.7458,0.020545
2.7717,181.4863,0.020536
3.0236,61.2777,0.020534
6.2992,88.9179,0.02051
8.189,92.8292,0.020467
5.9213,126.4668,0.020464
15.3701,22.6858,0.020439
13.7323,100.1304,0.020438
14.9921,127.7705,0.020437
13.6063,137.94,0.020431
12.5984,74.837,0.02042
14.2362,16.1669,0.020416
2.2677,162.1904,0.020409
6.5512,47.9791,0.020393
8.6929,46.1538,0.020392
14.1102,81.8774,0.020388
2.6457,143.6767,0.020381
13.6063,170.013,0.02038
15.2441,150.4563,0.02034
11.8425,113.6897,0.020336
14.3622,151.7601,0.02033
0.252,32.3338,0.020322
15.748,158.8005,0.020252
15.748,126.7275,0.020232
12.0945,179.661,0.020228
4.7874,72.4902,0.020205
6.8031,38.8527,0.020199
4.4094,183.0508,0.020181
14.9921,159.8435,0.020173
13.3543,156.193,0.020159
7.685,75.3585,0.020155
4.4094,23.2073,0.020142
14.9921,63.8853,0.020098
4.6614,89.7001,0.020095
13.1024,184.6154,0.020079
11.8425,28.6832,0.020076
6.8031,29.4654,0.020047
14.3622,183.8331,0.020021
8.4409,42.5033,0.020001
4.7874,185.6584,0.019973
10.8346,102.9987,0.01997
8.189,32.3338,0.019954
1.5118,26.0756,0.01995
12.8504,63.6245,0.019935
4.6614,153.5854,0.019925
0.378,26.8579,0.019913
14.4882,119.9478,0.01991
6.1732,56.8449,0.019851
14.1102,27.3794,0.01984
3.6535,79.0091,0.019838
13.1024,86.3103,0.019836
3.4016,82.399,0.019809
15.4961,53.1943,0.019765
14.3622,78.4876,0.019731
9.3228,18.5137,0.019727
2.2677,194.2634,0.019725
2.6457,117.3403,0.019719
14.2362,198.6962,0.01968
7.3071,152.5424,0.019676
4.2835,122.8162,0.019667
2.6457,111.6037,0.01965
12.5984,42.764,0.019614
5.0394,63.3638,0.019589
5.9213,190.352,0.019588
5.5433,28.4224,0.019585
5.1654,31.5515,0.019578
3.0236,97.0013,0.019557
12.0945,83.7027,0.019554
12.8504,31.5515,0.019553
14.7402,137.1578,0.019552
9.3228,50.5867,0.019548
13.3543,45.3716,0.019524
2.6457,70.6649,0.019509
14.7402,61.5385,0.019499
12.0945,78.2269,0.019493
14.8661,169.2308,0.019474
1.3858,99.3481,0.019423
4.2835,154.8892,0.01938
14.1102,134.5502,0.019372
14.1102,49.8044,0.01936
3.0236,33.116,0.019355
7.3071,120.4694,0.019347
0.7559,53.1943,0.019337
14.1102,166.6232,0.019312
15.748,62.8422,0.019304
14.1102,59.4524,0.019288
6.5512,80.0522,0.019286
1.7638,39.3742,0.019282
11.9685,92.8292,0.019281
4.2835,186.9622,0.019261
3.1496,93.3507,0.01926
2.6457,102.4772,0.019229
9.0709,92.0469,0.019226
8.315,23.4681,0.019203
0.378,141.5906,0.019174
15.4961,85.2673,0.019157
13.3543,77.4446,0.019156
0.252,173.4029,0.019106
3.0236,29.2047,0.019092
14.9921,95.9583,0.019059
13.1024,82.6597,0.019039
6.8031,102.9987,0.018971
12.8504,95.6975,0.018964
6.9291,93.6115,0.01891
3.7795,70.1434,0.018903
0.8819,76.1408,0.018873
13.6063,41.9817,0.018871
13.7323,74.0548,0.018828
5.9213,158.279,0.018802
4.6614,78.2269,0.018771
15.622,30.5085,0.018754
0.5039,23.2073,0.018749
3.5276,50.3259,0.018749
11.8425,194.2634,0.018737
11.8425,130.3781,0.018712
2.2677,66.2321,0.018694
10.9606,93.8722,0.018686
14.3622,46.4146,0.018653
2.6457,38.5919,0.01865
14.7402,154.1069,0.018602
5.7953,34.1591,0.018575
2.6457,83.442,0.018564
3.9055,28.4224,0.018559
4.2835,99.8696,0.018556
0.252,109.5176,0.018526
12.0945,46.1538,0.018521
8.4409,87.6141,0.018456
7.5591,20.8605,0.018455
14.6142,185.9192,0.018438
3.7795,64.146,0.018421
10.7087,99.3481,0.018411
10.7087,67.5359,0.018408
3.7795,197.6532,0.018389
13.1024,71.4472,0.018376
3.7795,133.7679,0.018345
2.1417,34.4198,0.018307
8.4409,55.5411,0.018256
4.5354,46.1538,0.018247
13.2283,18.7744,0.018239
14.1102,38.5919,0.018227
14.1102,17.9922,0.018223
3.6535,46.9361,0.018222
1.0079,44.3286,0.018185
7.685,43.2855,0.018147
2.5197,79.7914,0.01814
11.8425,162.1904,0.018075
12.0945,51.6297,0.018042
3.7795,32.073,0.018028
15.3701,43.2855,0.01802
7.5591,52.9335,0.01802
4.4094,87.0926,0.01794
4.0315,92.5684,0.017912
2.7717,53.455,0.017824
3.7795,165.5802,0.017732
1.0079,40.4172,0.017722
14.3622,55.8018,0.017711
8.315,168.4485,0.017658
13.1024,54.2373,0.017619
14.7402,122.0339,0.017563
15.622,71.9687,0.01756
11.4646,17.2099,0.017528
14.8661,73.2725,0.017344
5.6693,39.6349,0.017341
5.6693,71.708,0.017326
14.2362,70.6649,0.01732
2.5197,47.7184,0.017319
11.7165,81.6167,0.017303
11.7165,49.5437,0.017223
14.3622,87.8748,0.017223
14.6142,89.9609,0.017204
11.9685,34.4198,0.017199
14.9921,41.4602,0.017088
5.7953,66.2321,0.017056
5.6693,103.781,0.017035
15.622,104.0417,0.017
4.7874,25.5541,0.016992
0.6299,84.7458,0.016948
12.9764,16.6884,0.016913
13.2283,88.6571,0.016739
13.1024,50.5867,0.016722
2.7717,51.6297,0.016631
13.2283,92.0469,0.01646
5.7953,30.2477,0.016372
14.7402,93.3507,0.016329
4.4094,55.0196,0.016298
15.622,40.1565,0.016261
2.2677,98.3051,0.016254
13.1024,56.5841,0.016214
8.5669,136.6362,0.016188
0.252,77.4446,0.016124
5.9213,62.3207,0.01605
14.1102,102.4772,0.015998
0.5039,58.6701,0.015869
4.2835,58.9309,0.015756
15.2441,54.7588,0.015619
4.6614,57.6271,0.015073
11.8425,98.3051,0.014953
3.7795,37.8096,0.014851
3.7795,101.6949,0.014303
4.2835,91.0039,0.01396
11.8425,66.2321,0.013097
14.7402,58.1486,0.012795
8.4409,72.4902,0.012088
8.6929,40.678,0.005833
