Window,TypeID,TypeName,X,Y,Potential,Impedance,State
1,1,STD,1.026,0.002,0.82,100.0,S_OSC
1,2,STD,1.817,0.002,0.75,100.0,S_OSC
1,3,STD,2.621,0.002,0.82,100.0,S_OSC
1,4,STD,3.578,0.002,0.75,100.0,S_OSC
1,5,STD,4.538,0.002,0.82,100.0,S_OSC
1,6,STD,5.541,0.002,0.75,100.0,S_OSC
1,7,STD,6.516,0.002,0.82,100.0,S_OSC
1,8,STD,7.505,0.002,0.75,100.0,S_OSC
1,9,STD,8.496,0.002,0.82,100.0,S_OSC
1,10,STD,9.489,0.002,0.75,100.0,S_OSC
1,11,STD,10.492,0.001,0.82,100.0,S_OSC
1,12,STD,11.495,0.001,0.75,100.0,S_OSC
1,13,STD,12.491,0.0,0.82,100.0,S_OSC
1,14,STD,13.49,0.0,0.75,100.0,S_OSC
1,15,STD,14.488,0.0,0.82,100.0,S_OSC
1,16,STD,15.487,0.0,0.75,100.0,S_OSC
1,17,STD,0.513,1.0,0.82,100.0,S_OSC
1,18,STD,1.511,1.0,0.75,100.0,S_OSC
1,19,STD,2.509,1.0,0.82,100.0,S_OSC
1,20,STD,3.507,0.999,0.75,100.0,S_OSC
1,21,STD,4.504,0.999,0.82,100.0,S_OSC
1,22,STD,5.505,0.999,0.75,100.0,S_OSC
1,23,STD,6.502,0.999,0.82,100.0,S_OSC
1,24,STD,7.501,0.999,0.75,100.0,S_OSC
1,25,STD,8.499,0.999,0.82,100.0,S_OSC
1,26,STD,9.498,0.998,0.75,100.0,S_OSC
1,27,STD,10.495,0.998,0.82,100.0,S_OSC
1,28,STD,11.496,0.998,0.75,100.0,S_OSC
1,29,STD,12.489,0.992,0.82,100.0,S_OSC
1,30,STD,13.487,0.992,0.75,100.0,S_OSC
1,31,STD,14.484,0.992,0.82,100.0,S_OSC
1,32,STD,15.481,0.991,0.75,100.0,S_OSC
1,33,STD,0.519,1.991,0.82,100.0,S_OSC
1,34,STD,1.517,1.991,0.75,100.0,S_OSC
1,35,STD,2.515,1.99,0.82,100.0,S_OSC
1,36,STD,3.512,1.99,0.75,100.0,S_OSC
1,37,STD,4.51,1.989,0.82,100.0,S_OSC
1,38,STD,5.508,1.989,0.75,100.0,S_OSC
1,39,STD,6.504,1.989,0.82,100.0,S_OSC
1,40,STD,7.502,1.988,0.75,100.0,S_OSC
1,41,STD,8.498,1.988,0.82,100.0,S_OSC
1,42,STD,9.495,1.988,0.75,100.0,S_OSC
1,43,STD,10.492,1.987,0.82,100.0,S_OSC
1,44,STD,11.489,1.987,0.75,100.0,S_OSC
1,45,STD,12.485,1.987,0.82,100.0,S_OSC
1,46,STD,13.481,1.986,0.75,100.0,S_OSC
1,47,STD,14.477,1.986,0.82,100.0,S_OSC
1,48,STD,15.473,1.986,0.75,100.0,S_OSC
1,49,STD,0.527,2.985,0.82,100.0,S_OSC
1,50,STD,1.524,2.985,0.75,100.0,S_OSC
1,51,STD,2.521,2.985,0.82,100.0,S_OSC
1,52,STD,3.517,2.984,0.75,100.0,S_OSC
1,53,STD,4.513,2.984,0.82,100.0,S_OSC
1,54,STD,5.51,2.984,0.75,100.0,S_OSC
1,55,STD,6.506,2.983,0.82,100.0,S_OSC
1,56,STD,7.502,2.983,0.75,100.0,S_OSC
1,57,STD,8.498,2.982,0.82,100.0,S_OSC
1,58,STD,9.494,2.982,0.75,100.0,S_OSC
1,59,STD,10.489,2.982,0.82,100.0,S_OSC
1,60,STD,11.485,2.981,0.75,100.0,S_OSC
1,61,STD,12.465,2.964,0.82,100.0,S_OSC
1,62,STD,13.457,2.964,0.75,100.0,S_OSC
1,63,STD,14.448,2.963,0.82,100.0,S_OSC
1,64,STD,15.439,2.962,0.75,100.0,S_OSC
1,65,STD,0.562,3.962,0.82,100.0,S_OSC
1,66,STD,1.554,3.961,0.75,100.0,S_OSC
1,67,STD,2.546,3.961,0.82,100.0,S_OSC
1,68,STD,3.539,3.96,0.75,100.0,S_OSC
1,69,STD,4.53,3.959,0.82,100.0,S_OSC
1,70,STD,5.522,3.959,0.75,100.0,S_OSC
1,71,STD,6.513,3.958,0.82,100.0,S_OSC
1,72,STD,7.505,3.958,0.75,100.0,S_OSC
1,73,STD,8.495,3.957,0.82,100.0,S_OSC
1,74,STD,9.486,3.956,0.75,100.0,S_OSC
1,75,STD,10.476,3.956,0.82,100.0,S_OSC
1,76,STD,11.467,3.955,0.75,100.0,S_OSC
1,77,STD,12.456,3.954,0.82,100.0,S_OSC
1,78,STD,13.446,3.954,0.75,100.0,S_OSC
1,79,STD,14.435,3.953,0.82,100.0,S_OSC
1,80,STD,15.425,3.952,0.75,100.0,S_OSC
1,81,STD,0.576,4.952,0.82,100.0,S_OSC
1,82,STD,1.567,4.951,0.75,100.0,S_OSC
1,83,STD,2.557,4.951,0.82,100.0,S_OSC
1,84,STD,3.548,4.95,0.75,100.0,S_OSC
1,85,STD,4.537,4.949,0.82,100.0,S_OSC
1,86,STD,5.527,4.949,0.75,100.0,S_OSC
1,87,STD,6.516,4.948,0.82,100.0,S_OSC
1,88,STD,7.506,4.948,0.75,100.0,S_OSC
1,89,STD,8.494,4.947,0.82,100.0,S_OSC
1,90,STD,9.483,4.946,0.75,100.0,S_OSC
1,91,STD,10.471,4.946,0.82,100.0,S_OSC
1,92,STD,11.46,4.945,0.75,100.0,S_OSC
1,93,STD,12.447,4.944,0.82,100.0,S_OSC
1,94,STD,13.435,4.944,0.75,100.0,S_OSC
1,95,STD,14.422,4.943,0.82,100.0,S_OSC
1,96,STD,15.41,4.942,0.75,100.0,S_OSC
1,97,STD,0.591,5.942,0.82,100.0,S_OSC
1,98,STD,1.58,5.941,0.75,100.0,S_OSC
1,99,STD,2.568,5.941,0.82,100.0,S_OSC
1,100,STD,3.556,5.94,0.75,100.0,S_OSC
1,101,STD,4.544,5.939,0.82,100.0,S_OSC
1,102,STD,5.532,5.939,0.75,100.0,S_OSC
1,103,STD,6.519,5.938,0.82,100.0,S_OSC
1,104,STD,7.507,5.938,0.75,100.0,S_OSC
1,105,STD,8.493,5.937,0.82,100.0,S_OSC
1,106,STD,9.48,5.936,0.75,100.0,S_OSC
1,107,STD,10.466,5.936,0.82,100.0,S_OSC
1,108,STD,11.453,5.935,0.75,100.0,S_OSC
1,109,STD,12.438,5.934,0.82,100.0,S_OSC
1,110,STD,13.424,5.934,0.75,100.0,S_OSC
1,111,STD,14.41,5.933,0.82,100.0,S_OSC
1,112,STD,15.395,5.932,0.75,100.0,S_OSC
1,113,STD,0.0,8.247,0.82,100.0,S_OSC
1,114,STD,0.086,8.247,0.75,100.0,S_OSC
1,115,STD,1.073,8.246,0.82,100.0,S_OSC
1,116,STD,2.059,8.245,0.75,100.0,S_OSC
1,117,STD,3.045,8.245,0.82,100.0,S_OSC
1,118,STD,4.03,8.244,0.75,100.0,S_OSC
1,119,STD,5.016,8.243,0.82,100.0,S_OSC
1,120,STD,6.001,8.243,0.75,100.0,S_OSC
1,121,STD,6.986,8.242,0.82,100.0,S_OSC
1,122,STD,7.97,8.242,0.75,100.0,S_OSC
1,123,STD,8.955,8.241,0.82,100.0,S_OSC
1,124,STD,9.939,8.24,0.75,100.0,S_OSC
1,125,STD,10.923,8.24,0.82,100.0,S_OSC
1,126,STD,11.906,8.239,0.75,100.0,S_OSC
1,127,STD,12.89,8.238,0.82,100.0,S_OSC
1,128,STD,13.873,8.238,0.75,100.0,S_OSC
1,129,RH-M,0.0,9.315,1.25,45.0,S_FIX
1,130,RH-M,0.0,9.315,1.25,45.0,S_FIX
1,131,RH-M,0.993,9.315,1.25,45.0,S_FIX
1,132,RH-M,1.993,9.315,1.25,45.0,S_FIX
1,133,RH-M,2.993,9.315,1.25,45.0,S_FIX
1,134,RH-M,3.993,9.315,1.25,45.0,S_FIX
1,135,RH-M,4.993,9.315,1.25,45.0,S_FIX
1,136,RH-M,5.993,9.315,1.25,45.0,S_FIX
1,137,RH-M,6.993,9.315,1.25,45.0,S_FIX
1,138,RH-F,7.993,9.32,0.95,232.5,S_BRD
1,139,RH-F,8.993,9.32,0.95,232.5,S_BRD
1,140,RH-F,9.993,9.32,0.95,232.5,S_BRD
1,141,RH-F,10.993,9.32,0.95,232.5,S_BRD
1,142,RH-F,11.993,9.32,0.95,232.5,S_BRD
1,143,RH-F,12.993,9.32,0.95,232.5,S_BRD
1,144,RH-F,13.993,9.32,0.95,232.5,S_BRD
1,145,RH-F,0.0,10.32,0.95,232.5,S_BRD
1,146,RH-F,0.0,10.32,0.95,232.5,S_BRD
128,1,STD,0.0,9.523,0.82,100.0,S_OSC
128,2,STD,4.372,9.362,0.75,100.0,S_OSC
128,3,STD,12.448,6.086,0.82,100.0,S_OSC
128,4,STD,10.689,5.764,0.75,100.0,S_OSC
128,5,STD,6.99,5.441,0.82,100.0,S_OSC
128,6,STD,6.103,5.119,0.75,100.0,S_OSC
128,7,STD,5.04,4.796,0.82,100.0,S_OSC
128,8,STD,7.473,4.474,0.75,100.0,S_OSC
128,9,STD,7.796,4.151,0.82,100.0,S_OSC
128,10,STD,8.873,3.829,0.75,100.0,S_OSC
128,11,STD,7.153,9.081,0.82,100.0,S_OSC
128,12,STD,11.576,5.16,0.75,100.0,S_OSC
128,13,STD,11.234,3.87,0.82,100.0,S_OSC
128,14,STD,11.747,2.58,0.75,100.0,S_OSC
128,15,STD,12.558,1.29,0.82,100.0,S_OSC
128,16,STD,12.994,0.0,0.75,100.0,S_OSC
128,17,STD,2.774,1.025,0.82,100.0,S_OSC
128,18,STD,5.081,1.051,0.75,100.0,S_OSC
128,19,STD,5.233,1.076,0.82,100.0,S_OSC
128,20,STD,3.995,1.101,0.75,100.0,S_OSC
128,21,STD,6.088,1.126,0.82,100.0,S_OSC
128,22,STD,5.461,1.152,0.75,100.0,S_OSC
128,23,STD,8.286,15.862,0.82,100.0,S_OSC
128,24,STD,9.046,15.887,0.75,100.0,S_OSC
128,25,STD,8.341,15.912,0.82,100.0,S_OSC
128,26,STD,7.928,15.937,0.75,100.0,S_OSC
128,27,STD,8.695,15.963,0.82,100.0,S_OSC
128,28,STD,7.033,15.988,0.75,100.0,S_OSC
128,29,STD,7.909,15.285,0.82,100.0,S_OSC
128,30,STD,5.591,15.014,0.75,100.0,S_OSC
128,31,STD,4.771,0.057,0.82,100.0,S_OSC
128,32,STD,3.023,15.785,0.75,100.0,S_OSC
128,33,STD,3.172,15.198,0.82,100.0,S_OSC
128,34,STD,1.861,14.926,0.75,100.0,S_OSC
128,35,STD,5.488,15.969,0.82,100.0,S_OSC
128,36,STD,3.719,15.697,0.75,100.0,S_OSC
128,37,STD,5.566,15.425,0.82,100.0,S_OSC
128,38,STD,7.971,15.153,0.75,100.0,S_OSC
128,39,STD,6.047,14.881,0.82,100.0,S_OSC
128,40,STD,7.803,14.609,0.75,100.0,S_OSC
128,41,STD,7.922,13.022,0.82,100.0,S_OSC
128,42,STD,8.159,12.75,0.75,100.0,S_OSC
128,43,STD,9.356,11.163,0.82,100.0,S_OSC
128,44,STD,9.531,10.891,0.75,100.0,S_OSC
128,45,STD,10.742,9.304,0.82,100.0,S_OSC
128,46,STD,11.823,7.717,0.75,100.0,S_OSC
128,47,STD,9.81,7.445,0.82,100.0,S_OSC
128,48,STD,10.325,5.857,0.75,100.0,S_OSC
128,49,STD,16.0,0.009,0.82,100.0,S_OSC
128,50,STD,16.0,13.107,0.75,100.0,S_OSC
128,51,STD,16.0,12.835,0.82,100.0,S_OSC
128,52,STD,16.0,11.247,0.75,100.0,S_OSC
128,53,STD,15.554,9.66,0.82,100.0,S_OSC
128,54,STD,14.571,8.073,0.75,100.0,S_OSC
128,55,STD,15.756,5.17,0.82,100.0,S_OSC
128,56,STD,15.515,14.322,0.75,100.0,S_OSC
128,57,STD,16.0,12.735,0.82,100.0,S_OSC
128,58,STD,15.74,12.463,0.75,100.0,S_OSC
128,59,STD,14.108,10.876,0.82,100.0,S_OSC
128,60,STD,14.299,7.973,0.75,100.0,S_OSC
128,61,STD,5.31,12.679,0.82,100.0,S_OSC
128,62,STD,1.723,8.834,0.75,100.0,S_OSC
128,63,STD,5.058,4.989,0.82,100.0,S_OSC
128,64,STD,2.479,15.829,0.75,100.0,S_OSC
128,65,STD,10.575,7.723,0.82,100.0,S_OSC
128,66,STD,10.287,15.933,0.75,100.0,S_OSC
128,67,STD,4.447,14.719,0.82,100.0,S_OSC
128,68,STD,7.892,8.243,0.75,100.0,S_OSC
128,69,STD,11.039,3.083,0.82,100.0,S_OSC
128,70,STD,9.636,13.923,0.75,100.0,S_OSC
128,71,STD,10.733,10.079,0.82,100.0,S_OSC
128,72,STD,11.299,4.919,0.75,100.0,S_OSC
128,73,STD,10.917,15.759,0.82,100.0,S_OSC
128,74,STD,8.302,10.599,0.75,100.0,S_OSC
128,75,STD,12.165,4.123,0.82,100.0,S_OSC
128,76,STD,2.968,1.594,0.75,100.0,S_OSC
128,77,STD,9.716,11.119,0.82,100.0,S_OSC
128,78,STD,11.772,4.643,0.75,100.0,S_OSC
128,79,STD,16.0,12.853,0.82,100.0,S_OSC
128,80,STD,16.0,12.954,0.75,100.0,S_OSC
128,81,STD,14.081,6.163,0.82,100.0,S_OSC
128,82,STD,15.935,4.949,0.75,100.0,S_OSC
128,83,STD,16.0,14.474,0.82,100.0,S_OSC
128,84,STD,13.248,5.368,0.75,100.0,S_OSC
128,85,STD,14.44,4.154,0.82,100.0,S_OSC
128,86,STD,14.167,12.363,0.75,100.0,S_OSC
128,87,STD,14.224,8.519,0.82,100.0,S_OSC
128,88,STD,12.738,4.674,0.75,100.0,S_OSC
128,89,STD,14.949,12.883,0.82,100.0,S_OSC
128,90,STD,15.928,5.093,0.75,100.0,S_OSC
128,91,STD,11.174,3.879,0.82,100.0,S_OSC
128,92,STD,14.298,12.088,0.75,100.0,S_OSC
128,93,STD,14.002,4.297,0.82,100.0,S_OSC
128,94,STD,15.039,3.083,0.75,100.0,S_OSC
128,95,STD,15.189,12.608,0.82,100.0,S_OSC
128,96,STD,16.0,6.133,0.75,100.0,S_OSC
128,97,STD,12.611,1.973,0.82,100.0,S_OSC
128,98,STD,8.219,14.128,0.75,100.0,S_OSC
128,99,STD,12.19,6.337,0.82,100.0,S_OSC
128,100,STD,7.698,15.862,0.75,100.0,S_OSC
128,101,STD,9.991,12.017,0.82,100.0,S_OSC
128,102,STD,9.173,6.857,0.75,100.0,S_OSC
128,103,STD,8.611,4.328,0.82,100.0,S_OSC
128,104,STD,9.164,12.537,0.75,100.0,S_OSC
128,105,STD,7.619,8.693,0.82,100.0,S_OSC
128,106,STD,5.123,4.848,0.75,100.0,S_OSC
128,107,STD,6.51,10.427,0.82,100.0,S_OSC
128,108,STD,0.152,10.528,0.75,100.0,S_OSC
128,109,STD,8.162,1.422,0.82,100.0,S_OSC
128,110,STD,4.983,12.262,0.75,100.0,S_OSC
128,111,STD,7.389,8.417,0.82,100.0,S_OSC
128,112,STD,10.705,1.942,0.75,100.0,S_OSC
128,113,STD,11.395,12.25,0.82,100.0,S_OSC
128,114,STD,3.962,8.405,0.75,100.0,S_OSC
128,115,STD,4.62,0.615,0.82,100.0,S_OSC
128,116,STD,7.311,8.824,0.75,100.0,S_OSC
128,117,STD,7.353,7.61,0.82,100.0,S_OSC
128,118,STD,4.088,15.82,0.75,100.0,S_OSC
128,119,STD,0.0,15.921,0.82,100.0,S_OSC
128,120,STD,2.883,6.815,0.75,100.0,S_OSC
128,121,STD,0.061,15.024,0.82,100.0,S_OSC
128,122,STD,0.0,15.125,0.75,100.0,S_OSC
128,123,STD,4.296,7.335,0.82,100.0,S_OSC
128,124,STD,2.033,6.121,0.75,100.0,S_OSC
128,125,STD,2.097,14.33,0.82,100.0,S_OSC
128,126,STD,0.0,14.431,0.75,100.0,S_OSC
128,127,STD,0.0,5.325,0.82,100.0,S_OSC
128,128,STD,0.581,9.589,0.75,100.0,S_OSC
128,129,RH-M,0.577,11.946,1.25,45.0,S_FIX
128,130,RH-M,0.572,11.946,1.25,45.0,S_FIX
128,131,RH-M,0.538,11.946,1.25,45.0,S_FIX
128,132,RH-M,0.485,11.946,1.25,45.0,S_FIX
128,133,RH-M,0.841,11.946,1.25,45.0,S_FIX
128,134,RH-M,1.685,11.946,1.25,45.0,S_FIX
128,135,RH-M,2.531,11.946,1.25,45.0,S_FIX
128,136,RH-M,3.379,11.946,1.25,45.0,S_FIX
128,137,RH-M,4.229,11.946,1.25,45.0,S_FIX
128,138,RH-F,6.255,12.278,0.95,444.05,S_BRD
128,139,RH-F,7.11,12.278,0.95,444.05,S_BRD
128,140,RH-F,7.967,12.278,0.95,444.05,S_BRD
128,141,RH-F,8.826,12.278,0.95,444.05,S_BRD
128,142,RH-F,9.686,12.278,0.95,444.05,S_BRD
128,143,RH-F,10.549,12.278,0.95,444.05,S_BRD
128,144,RH-F,11.414,12.278,0.95,444.05,S_BRD
128,145,RH-F,0.818,13.278,0.95,444.05,S_BRD
128,146,RH-F,0.814,13.278,0.95,444.05,S_BRD
256,1,STD,6.136,1.829,0.82,100.0,S_OSC
256,2,STD,4.682,3.817,0.75,100.0,S_OSC
256,3,STD,5.847,15.932,0.82,100.0,S_OSC
256,4,STD,6.683,12.017,0.75,100.0,S_OSC
256,5,STD,14.459,8.101,0.82,100.0,S_OSC
256,6,STD,9.421,5.501,0.75,100.0,S_OSC
256,7,STD,2.817,4.216,0.82,100.0,S_OSC
256,8,STD,5.018,2.931,0.75,100.0,S_OSC
256,9,STD,8.352,1.646,0.82,100.0,S_OSC
256,10,STD,11.609,13.73,0.75,100.0,S_OSC
256,11,STD,11.228,5.321,0.82,100.0,S_OSC
256,12,STD,10.02,10.92,0.75,100.0,S_OSC
256,13,STD,5.645,1.834,0.82,100.0,S_OSC
256,14,STD,6.224,3.487,0.75,100.0,S_OSC
256,15,STD,1.919,5.14,0.82,100.0,S_OSC
256,16,STD,0.663,0.0,0.75,100.0,S_OSC
256,17,STD,14.566,1.121,0.82,100.0,S_OSC
256,18,STD,14.904,15.927,0.75,100.0,S_OSC
256,19,STD,12.679,0.048,0.82,100.0,S_OSC
256,20,STD,10.421,0.169,0.75,100.0,S_OSC
256,21,STD,8.952,0.29,0.82,100.0,S_OSC
256,22,STD,9.145,0.411,0.75,100.0,S_OSC
256,23,STD,3.899,0.532,0.82,100.0,S_OSC
256,24,STD,2.723,0.654,0.75,100.0,S_OSC
256,25,STD,1.047,0.775,0.82,100.0,S_OSC
256,26,STD,0.043,0.896,0.75,100.0,S_OSC
256,27,STD,1.382,15.702,0.82,100.0,S_OSC
256,28,STD,0.862,15.823,0.75,100.0,S_OSC
256,29,STD,4.723,10.245,0.82,100.0,S_OSC
256,30,STD,14.366,14.68,0.75,100.0,S_OSC
256,31,STD,14.444,8.376,0.82,100.0,S_OSC
256,32,STD,15.897,12.811,0.75,100.0,S_OSC
256,33,STD,16.0,0.931,0.82,100.0,S_OSC
256,34,STD,15.463,9.312,0.75,100.0,S_OSC
256,35,STD,16.0,12.431,0.82,100.0,S_OSC
256,36,STD,14.346,4.812,0.75,100.0,S_OSC
256,37,STD,15.979,7.932,0.82,100.0,S_OSC
256,38,STD,16.0,13.682,0.75,100.0,S_OSC
256,39,STD,16.0,2.117,0.82,100.0,S_OSC
256,40,STD,14.778,9.183,0.75,100.0,S_OSC
256,41,STD,15.971,9.672,0.82,100.0,S_OSC
256,42,STD,16.0,4.683,0.75,100.0,S_OSC
256,43,STD,16.0,7.803,0.82,100.0,S_OSC
256,44,STD,16.0,10.923,0.75,100.0,S_OSC
256,45,STD,16.0,0.673,0.82,100.0,S_OSC
256,46,STD,16.0,6.423,0.75,100.0,S_OSC
256,47,STD,16.0,10.858,0.82,100.0,S_OSC
256,48,STD,16.0,10.032,0.75,100.0,S_OSC
256,49,STD,16.0,0.783,0.82,100.0,S_OSC
256,50,STD,16.0,5.218,0.75,100.0,S_OSC
256,51,STD,15.915,10.968,0.82,100.0,S_OSC
256,52,STD,16.0,0.718,0.75,100.0,S_OSC
256,53,STD,15.502,5.153,0.82,100.0,S_OSC
256,54,STD,13.837,9.588,0.75,100.0,S_OSC
256,55,STD,15.649,7.447,0.82,100.0,S_OSC
256,56,STD,1.639,1.143,0.75,100.0,S_OSC
256,57,STD,15.986,8.208,0.82,100.0,S_OSC
256,58,STD,16.0,11.328,0.75,100.0,S_OSC
256,59,STD,8.173,1.078,0.82,100.0,S_OSC
256,60,STD,15.891,0.252,0.75,100.0,S_OSC
256,61,STD,15.574,8.101,0.82,100.0,S_OSC
256,62,STD,16.0,15.595,0.75,100.0,S_OSC
256,63,STD,16.0,14.981,0.82,100.0,S_OSC
256,64,STD,0.0,14.366,0.75,100.0,S_OSC
256,65,STD,16.0,8.176,0.82,100.0,S_OSC
256,66,STD,13.121,14.355,0.75,100.0,S_OSC
256,67,STD,16.0,0.371,0.82,100.0,S_OSC
256,68,STD,11.165,5.235,0.75,100.0,S_OSC
256,69,STD,16.0,7.251,0.82,100.0,S_OSC
256,70,STD,15.64,1.376,0.75,100.0,S_OSC
256,71,STD,14.534,10.185,0.82,100.0,S_OSC
256,72,STD,0.63,10.886,0.75,100.0,S_OSC
256,73,STD,16.0,1.065,0.82,100.0,S_OSC
256,74,STD,16.0,9.875,0.75,100.0,S_OSC
256,75,STD,1.889,0.054,0.82,100.0,S_OSC
256,76,STD,16.0,4.701,0.75,100.0,S_OSC
256,77,STD,15.859,4.086,0.82,100.0,S_OSC
256,78,STD,0.0,3.689,0.75,100.0,S_OSC
256,79,STD,16.0,3.075,0.82,100.0,S_OSC
256,80,STD,15.714,1.145,0.75,100.0,S_OSC
256,81,STD,15.608,13.585,0.82,100.0,S_OSC
256,82,STD,16.0,9.025,0.75,100.0,S_OSC
256,83,STD,16.0,7.096,0.82,100.0,S_OSC
256,84,STD,16.0,11.96,0.75,100.0,S_OSC
256,85,STD,6.481,7.4,0.82,100.0,S_OSC
256,86,STD,0.0,4.155,0.75,100.0,S_OSC
256,87,STD,14.489,14.28,0.82,100.0,S_OSC
256,88,STD,15.754,12.35,0.75,100.0,S_OSC
256,89,STD,0.592,5.16,0.82,100.0,S_OSC
256,90,STD,16.0,11.338,0.75,100.0,S_OSC
256,91,STD,15.516,13.355,0.82,100.0,S_OSC
256,92,STD,0.343,4.849,0.75,100.0,S_OSC
256,93,STD,0.0,9.713,0.82,100.0,S_OSC
256,94,STD,1.833,15.675,0.75,100.0,S_OSC
256,95,STD,13.602,3.223,0.82,100.0,S_OSC
256,96,STD,16.0,6.771,0.75,100.0,S_OSC
256,97,STD,0.0,0.364,0.82,100.0,S_OSC
256,98,STD,0.0,15.75,0.75,100.0,S_OSC
256,99,STD,0.0,3.298,0.82,100.0,S_OSC
256,100,STD,0.419,1.369,0.75,100.0,S_OSC
256,101,STD,16.0,3.602,0.82,100.0,S_OSC
256,102,STD,0.0,11.096,0.75,100.0,S_OSC
256,103,STD,1.508,2.374,0.82,100.0,S_OSC
256,104,STD,5.547,4.607,0.75,100.0,S_OSC
256,105,STD,2.117,1.362,0.82,100.0,S_OSC
256,106,STD,11.613,4.91,0.75,100.0,S_OSC
256,107,STD,1.714,0.35,0.82,100.0,S_OSC
256,108,STD,0.342,15.736,0.75,100.0,S_OSC
256,109,STD,0.646,15.122,0.82,100.0,S_OSC
256,110,STD,0.0,0.04,0.75,100.0,S_OSC
256,111,STD,0.0,15.426,0.82,100.0,S_OSC
256,112,STD,0.0,14.811,0.75,100.0,S_OSC
256,113,STD,15.865,14.981,0.82,100.0,S_OSC
256,114,STD,16.0,14.366,0.75,100.0,S_OSC
256,115,STD,1.513,13.752,0.82,100.0,S_OSC
256,116,STD,7.396,12.04,0.75,100.0,S_OSC
256,117,STD,6.183,11.209,0.82,100.0,S_OSC
256,118,STD,0.0,9.496,0.75,100.0,S_OSC
256,119,STD,11.932,6.251,0.82,100.0,S_OSC
256,120,STD,0.0,3.006,0.75,100.0,S_OSC
256,121,STD,2.014,13.348,0.82,100.0,S_OSC
256,122,STD,0.0,11.202,0.75,100.0,S_OSC
256,123,STD,0.0,7.957,0.82,100.0,S_OSC
256,124,STD,16.0,2.082,0.75,100.0,S_OSC
256,125,STD,16.0,13.522,0.82,100.0,S_OSC
256,126,STD,15.943,8.962,0.75,100.0,S_OSC
256,127,STD,0.0,4.402,0.82,100.0,S_OSC
256,128,STD,13.217,11.896,0.75,100.0,S_OSC
256,129,RH-M,0.577,11.946,0.0,INF,VOID
256,130,RH-M,0.572,11.946,0.0,INF,VOID
256,131,RH-M,0.538,11.946,0.0,INF,VOID
256,132,RH-M,0.485,11.946,0.0,INF,VOID
256,133,RH-M,0.841,11.946,0.0,INF,VOID
256,134,RH-M,1.685,11.946,0.0,INF,VOID
256,135,RH-M,2.531,11.946,0.0,INF,VOID
256,136,RH-M,3.379,11.946,0.0,INF,VOID
256,137,RH-M,4.229,11.946,0.0,INF,VOID
256,138,RH-F,6.255,12.278,0.0,INF,VOID
256,139,RH-F,7.11,12.278,0.0,INF,VOID
256,140,RH-F,7.967,12.278,0.0,INF,VOID
256,141,RH-F,8.826,12.278,0.0,INF,VOID
256,142,RH-F,9.686,12.278,0.0,INF,VOID
256,143,RH-F,10.549,12.278,0.0,INF,VOID
256,144,RH-F,11.414,12.278,0.0,INF,VOID
256,145,RH-F,0.818,13.278,0.0,INF,VOID
256,146,RH-F,0.814,13.278,0.0,INF,VOID
