ID,Micro-Time,MBTI,Gender,Blood,Specific Action,Phenomena Result,Spark Reset Protocol
1,00:00-00:11,ESTP,M,O,Metabolic Combustion / Logic Structuring,Entropy Reduction / Kinetic Stability,Proton Ignition Reset
2,00:11-00:22,ISTP,M,O,Metabolic Combustion / Logic Structuring,Entropy Reduction / Kinetic Stability,Proton Ignition Reset
3,00:22-00:33,ESFP,M,O,Neuro-Resonance / Social Bonding,Coherence Increase / Entropic Flow,Proton Ignition Reset
4,00:33-00:45,ISFP,M,O,Neuro-Resonance / Social Bonding,Coherence Increase / Entropic Flow,Proton Ignition Reset
5,00:45-00:56,ESTJ,M,O,Metabolic Combustion / Logic Structuring,Entropy Reduction / Kinetic Stability,Proton Ignition Reset
6,00:56-01:07,ISTJ,M,O,Metabolic Combustion / Logic Structuring,Entropy Reduction / Kinetic Stability,Proton Ignition Reset
7,01:07-01:18,ESFJ,M,O,Neuro-Resonance / Social Bonding,Coherence Increase / Entropic Flow,Proton Ignition Reset
8,01:18-01:30,ISFJ,M,O,Neuro-Resonance / Social Bonding,Coherence Increase / Entropic Flow,Proton Ignition Reset
9,01:30-01:41,ENTP,M,O,Metabolic Combustion / Logic Structuring,Entropy Reduction / Kinetic Stability,Proton Ignition Reset
10,01:41-01:52,INTP,M,O,Metabolic Combustion / Logic Structuring,Entropy Reduction / Kinetic Stability,Proton Ignition Reset
11,01:52-02:03,ENFP,M,O,Neuro-Resonance / Social Bonding,Coherence Increase / Entropic Flow,Proton Ignition Reset
12,02:03-02:15,INFP,M,O,Neuro-Resonance / Social Bonding,Coherence Increase / Entropic Flow,Proton Ignition Reset
13,02:15-02:26,ENTJ,M,O,Metabolic Combustion / Logic Structuring,Entropy Reduction / Kinetic Stability,Proton Ignition Reset
14,02:26-02:37,INTJ,M,O,Metabolic Combustion / Logic Structuring,Entropy Reduction / Kinetic Stability,Proton Ignition Reset
15,02:37-02:48,ENFJ,M,O,Neuro-Resonance / Social Bonding,Coherence Increase / Entropic Flow,Proton Ignition Reset
16,02:48-03:00,INFJ,M,O,Neuro-Resonance / Social Bonding,Coherence Increase / Entropic Flow,Proton Ignition Reset
17,03:00-03:11,ESTP,F,O,Metabolic Combustion / Logic Structuring,Entropy Reduction / Kinetic Stability,Proton Ignition Reset
18,03:11-03:22,ISTP,F,O,Metabolic Combustion / Logic Structuring,Entropy Reduction / Kinetic Stability,Proton Ignition Reset
19,03:22-03:33,ESFP,F,O,Neuro-Resonance / Social Bonding,Coherence Increase / Entropic Flow,Proton Ignition Reset
20,03:33-03:45,ISFP,F,O,Neuro-Resonance / Social Bonding,Coherence Increase / Entropic Flow,Proton Ignition Reset
21,03:45-03:56,ESTJ,F,O,Metabolic Combustion / Logic Structuring,Entropy Reduction / Kinetic Stability,Proton Ignition Reset
22,03:56-04:07,ISTJ,F,O,Metabolic Combustion / Logic Structuring,Entropy Reduction / Kinetic Stability,Proton Ignition Reset
23,04:07-04:18,ESFJ,F,O,Neuro-Resonance / Social Bonding,Coherence Increase / Entropic Flow,Proton Ignition Reset
24,04:18-04:30,ISFJ,F,O,Neuro-Resonance / Social Bonding,Coherence Increase / Entropic Flow,Proton Ignition Reset
25,04:30-04:41,ENTP,F,O,Metabolic Combustion / Logic Structuring,Entropy Reduction / Kinetic Stability,Proton Ignition Reset
26,04:41-04:52,INTP,F,O,Metabolic Combustion / Logic Structuring,Entropy Reduction / Kinetic Stability,Proton Ignition Reset
27,04:52-05:03,ENFP,F,O,Neuro-Resonance / Social Bonding,Coherence Increase / Entropic Flow,Proton Ignition Reset
28,05:03-05:15,INFP,F,O,Neuro-Resonance / Social Bonding,Coherence Increase / Entropic Flow,Proton Ignition Reset
29,05:15-05:26,ENTJ,F,O,Metabolic Combustion / Logic Structuring,Entropy Reduction / Kinetic Stability,Proton Ignition Reset
30,05:26-05:37,INTJ,F,O,Metabolic Combustion / Logic Structuring,Entropy Reduction / Kinetic Stability,Proton Ignition Reset
31,05:37-05:48,ENFJ,F,O,Neuro-Resonance / Social Bonding,Coherence Increase / Entropic Flow,Proton Ignition Reset
32,05:48-06:00,INFJ,F,O,Neuro-Resonance / Social Bonding,Coherence Increase / Entropic Flow,Proton Ignition Reset
33,06:00-06:11,ESTP,M,A,Metabolic Combustion / Logic Structuring,Entropy Reduction / Kinetic Stability,Photon Release Reset
34,06:11-06:22,ISTP,M,A,Metabolic Combustion / Logic Structuring,Entropy Reduction / Kinetic Stability,Photon Release Reset
35,06:22-06:33,ESFP,M,A,Neuro-Resonance / Social Bonding,Coherence Increase / Entropic Flow,Photon Release Reset
36,06:33-06:45,ISFP,M,A,Neuro-Resonance / Social Bonding,Coherence Increase / Entropic Flow,Photon Release Reset
37,06:45-06:56,ESTJ,M,A,Metabolic Combustion / Logic Structuring,Entropy Reduction / Kinetic Stability,Photon Release Reset
38,06:56-07:07,ISTJ,M,A,Metabolic Combustion / Logic Structuring,Entropy Reduction / Kinetic Stability,Photon Release Reset
39,07:07-07:18,ESFJ,M,A,Neuro-Resonance / Social Bonding,Coherence Increase / Entropic Flow,Photon Release Reset
40,07:18-07:30,ISFJ,M,A,Neuro-Resonance / Social Bonding,Coherence Increase / Entropic Flow,Photon Release Reset
41,07:30-07:41,ENTP,M,A,Metabolic Combustion / Logic Structuring,Entropy Reduction / Kinetic Stability,Photon Release Reset
42,07:41-07:52,INTP,M,A,Metabolic Combustion / Logic Structuring,Entropy Reduction / Kinetic Stability,Photon Release Reset
43,07:52-08:03,ENFP,M,A,Neuro-Resonance / Social Bonding,Coherence Increase / Entropic Flow,Photon Release Reset
44,08:03-08:15,INFP,M,A,Neuro-Resonance / Social Bonding,Coherence Increase / Entropic Flow,Photon Release Reset
45,08:15-08:26,ENTJ,M,A,Metabolic Combustion / Logic Structuring,Entropy Reduction / Kinetic Stability,Photon Release Reset
46,08:26-08:37,INTJ,M,A,Metabolic Combustion / Logic Structuring,Entropy Reduction / Kinetic Stability,Photon Release Reset
47,08:37-08:48,ENFJ,M,A,Neuro-Resonance / Social Bonding,Coherence Increase / Entropic Flow,Photon Release Reset
48,08:48-09:00,INFJ,M,A,Neuro-Resonance / Social Bonding,Coherence Increase / Entropic Flow,Photon Release Reset
49,09:00-09:11,ESTP,F,A,Metabolic Combustion / Logic Structuring,Entropy Reduction / Kinetic Stability,Photon Release Reset
50,09:11-09:22,ISTP,F,A,Metabolic Combustion / Logic Structuring,Entropy Reduction / Kinetic Stability,Photon Release Reset
51,09:22-09:33,ESFP,F,A,Neuro-Resonance / Social Bonding,Coherence Increase / Entropic Flow,Photon Release Reset
52,09:33-09:45,ISFP,F,A,Neuro-Resonance / Social Bonding,Coherence Increase / Entropic Flow,Photon Release Reset
53,09:45-09:56,ESTJ,F,A,Metabolic Combustion / Logic Structuring,Entropy Reduction / Kinetic Stability,Photon Release Reset
54,09:56-10:07,ISTJ,F,A,Metabolic Combustion / Logic Structuring,Entropy Reduction / Kinetic Stability,Photon Release Reset
55,10:07-10:18,ESFJ,F,A,Neuro-Resonance / Social Bonding,Coherence Increase / Entropic Flow,Photon Release Reset
56,10:18-10:30,ISFJ,F,A,Neuro-Resonance / Social Bonding,Coherence Increase / Entropic Flow,Photon Release Reset
57,10:30-10:41,ENTP,F,A,Metabolic Combustion / Logic Structuring,Entropy Reduction / Kinetic Stability,Photon Release Reset
58,10:41-10:52,INTP,F,A,Metabolic Combustion / Logic Structuring,Entropy Reduction / Kinetic Stability,Photon Release Reset
59,10:52-11:03,ENFP,F,A,Neuro-Resonance / Social Bonding,Coherence Increase / Entropic Flow,Photon Release Reset
60,11:03-11:15,INFP,F,A,Neuro-Resonance / Social Bonding,Coherence Increase / Entropic Flow,Photon Release Reset
61,11:15-11:26,ENTJ,F,A,Metabolic Combustion / Logic Structuring,Entropy Reduction / Kinetic Stability,Photon Release Reset
62,11:26-11:37,INTJ,F,A,Metabolic Combustion / Logic Structuring,Entropy Reduction / Kinetic Stability,Photon Release Reset
63,11:37-11:48,ENFJ,F,A,Neuro-Resonance / Social Bonding,Coherence Increase / Entropic Flow,Photon Release Reset
64,11:48-12:00,INFJ,F,A,Neuro-Resonance / Social Bonding,Coherence Increase / Entropic Flow,Photon Release Reset
65,12:00-12:11,ESTP,M,B,Metabolic Combustion / Logic Structuring,Entropy Reduction / Kinetic Stability,Neutrino Transition Reset
66,12:11-12:22,ISTP,M,B,Metabolic Combustion / Logic Structuring,Entropy Reduction / Kinetic Stability,Neutrino Transition Reset
67,12:22-12:33,ESFP,M,B,Neuro-Resonance / Social Bonding,Coherence Increase / Entropic Flow,Neutrino Transition Reset
68,12:33-12:45,ISFP,M,B,Neuro-Resonance / Social Bonding,Coherence Increase / Entropic Flow,Neutrino Transition Reset
69,12:45-12:56,ESTJ,M,B,Metabolic Combustion / Logic Structuring,Entropy Reduction / Kinetic Stability,Neutrino Transition Reset
70,12:56-13:07,ISTJ,M,B,Metabolic Combustion / Logic Structuring,Entropy Reduction / Kinetic Stability,Neutrino Transition Reset
71,13:07-13:18,ESFJ,M,B,Neuro-Resonance / Social Bonding,Coherence Increase / Entropic Flow,Neutrino Transition Reset
72,13:18-13:30,ISFJ,M,B,Neuro-Resonance / Social Bonding,Coherence Increase / Entropic Flow,Neutrino Transition Reset
73,13:30-13:41,ENTP,M,B,Metabolic Combustion / Logic Structuring,Entropy Reduction / Kinetic Stability,Neutrino Transition Reset
74,13:41-13:52,INTP,M,B,Metabolic Combustion / Logic Structuring,Entropy Reduction / Kinetic Stability,Neutrino Transition Reset
75,13:52-14:03,ENFP,M,B,Neuro-Resonance / Social Bonding,Coherence Increase / Entropic Flow,Neutrino Transition Reset
76,14:03-14:15,INFP,M,B,Neuro-Resonance / Social Bonding,Coherence Increase / Entropic Flow,Neutrino Transition Reset
77,14:15-14:26,ENTJ,M,B,Metabolic Combustion / Logic Structuring,Entropy Reduction / Kinetic Stability,Neutrino Transition Reset
78,14:26-14:37,INTJ,M,B,Metabolic Combustion / Logic Structuring,Entropy Reduction / Kinetic Stability,Neutrino Transition Reset
79,14:37-14:48,ENFJ,M,B,Neuro-Resonance / Social Bonding,Coherence Increase / Entropic Flow,Neutrino Transition Reset
80,14:48-15:00,INFJ,M,B,Neuro-Resonance / Social Bonding,Coherence Increase / Entropic Flow,Neutrino Transition Reset
81,15:00-15:11,ESTP,F,B,Metabolic Combustion / Logic Structuring,Entropy Reduction / Kinetic Stability,Neutrino Transition Reset
82,15:11-15:22,ISTP,F,B,Metabolic Combustion / Logic Structuring,Entropy Reduction / Kinetic Stability,Neutrino Transition Reset
83,15:22-15:33,ESFP,F,B,Neuro-Resonance / Social Bonding,Coherence Increase / Entropic Flow,Neutrino Transition Reset
84,15:33-15:45,ISFP,F,B,Neuro-Resonance / Social Bonding,Coherence Increase / Entropic Flow,Neutrino Transition Reset
85,15:45-15:56,ESTJ,F,B,Metabolic Combustion / Logic Structuring,Entropy Reduction / Kinetic Stability,Neutrino Transition Reset
86,15:56-16:07,ISTJ,F,B,Metabolic Combustion / Logic Structuring,Entropy Reduction / Kinetic Stability,Neutrino Transition Reset
87,16:07-16:18,ESFJ,F,B,Neuro-Resonance / Social Bonding,Coherence Increase / Entropic Flow,Neutrino Transition Reset
88,16:18-16:30,ISFJ,F,B,Neuro-Resonance / Social Bonding,Coherence Increase / Entropic Flow,Neutrino Transition Reset
89,16:30-16:41,ENTP,F,B,Metabolic Combustion / Logic Structuring,Entropy Reduction / Kinetic Stability,Neutrino Transition Reset
90,16:41-16:52,INTP,F,B,Metabolic Combustion / Logic Structuring,Entropy Reduction / Kinetic Stability,Neutrino Transition Reset
91,16:52-17:03,ENFP,F,B,Neuro-Resonance / Social Bonding,Coherence Increase / Entropic Flow,Neutrino Transition Reset
92,17:03-17:15,INFP,F,B,Neuro-Resonance / Social Bonding,Coherence Increase / Entropic Flow,Neutrino Transition Reset
93,17:15-17:26,ENTJ,F,B,Metabolic Combustion / Logic Structuring,Entropy Reduction / Kinetic Stability,Neutrino Transition Reset
94,17:26-17:37,INTJ,F,B,Metabolic Combustion / Logic Structuring,Entropy Reduction / Kinetic Stability,Neutrino Transition Reset
95,17:37-17:48,ENFJ,F,B,Neuro-Resonance / Social Bonding,Coherence Increase / Entropic Flow,Neutrino Transition Reset
96,17:48-18:00,INFJ,F,B,Neuro-Resonance / Social Bonding,Coherence Increase / Entropic Flow,Neutrino Transition Reset
97,18:00-18:11,ESTP,M,AB,Metabolic Combustion / Logic Structuring,Entropy Reduction / Kinetic Stability,Beta Decay Reset
98,18:11-18:22,ISTP,M,AB,Metabolic Combustion / Logic Structuring,Entropy Reduction / Kinetic Stability,Beta Decay Reset
99,18:22-18:33,ESFP,M,AB,Neuro-Resonance / Social Bonding,Coherence Increase / Entropic Flow,Beta Decay Reset
100,18:33-18:45,ISFP,M,AB,Neuro-Resonance / Social Bonding,Coherence Increase / Entropic Flow,Beta Decay Reset
101,18:45-18:56,ESTJ,M,AB,Metabolic Combustion / Logic Structuring,Entropy Reduction / Kinetic Stability,Beta Decay Reset
102,18:56-19:07,ISTJ,M,AB,Metabolic Combustion / Logic Structuring,Entropy Reduction / Kinetic Stability,Beta Decay Reset
103,19:07-19:18,ESFJ,M,AB,Neuro-Resonance / Social Bonding,Coherence Increase / Entropic Flow,Beta Decay Reset
104,19:18-19:30,ISFJ,M,AB,Neuro-Resonance / Social Bonding,Coherence Increase / Entropic Flow,Beta Decay Reset
105,19:30-19:41,ENTP,M,AB,Metabolic Combustion / Logic Structuring,Entropy Reduction / Kinetic Stability,Beta Decay Reset
106,19:41-19:52,INTP,M,AB,Metabolic Combustion / Logic Structuring,Entropy Reduction / Kinetic Stability,Beta Decay Reset
107,19:52-20:03,ENFP,M,AB,Neuro-Resonance / Social Bonding,Coherence Increase / Entropic Flow,Beta Decay Reset
108,20:03-20:15,INFP,M,AB,Neuro-Resonance / Social Bonding,Coherence Increase / Entropic Flow,Beta Decay Reset
109,20:15-20:26,ENTJ,M,AB,Metabolic Combustion / Logic Structuring,Entropy Reduction / Kinetic Stability,Beta Decay Reset
110,20:26-20:37,INTJ,M,AB,Metabolic Combustion / Logic Structuring,Entropy Reduction / Kinetic Stability,Beta Decay Reset
111,20:37-20:48,ENFJ,M,AB,Neuro-Resonance / Social Bonding,Coherence Increase / Entropic Flow,Beta Decay Reset
112,20:48-21:00,INFJ,M,AB,Neuro-Resonance / Social Bonding,Coherence Increase / Entropic Flow,Beta Decay Reset
113,21:00-21:11,ESTP,F,AB,Metabolic Combustion / Logic Structuring,Entropy Reduction / Kinetic Stability,Beta Decay Reset
114,21:11-21:22,ISTP,F,AB,Metabolic Combustion / Logic Structuring,Entropy Reduction / Kinetic Stability,Beta Decay Reset
115,21:22-21:33,ESFP,F,AB,Neuro-Resonance / Social Bonding,Coherence Increase / Entropic Flow,Beta Decay Reset
116,21:33-21:45,ISFP,F,AB,Neuro-Resonance / Social Bonding,Coherence Increase / Entropic Flow,Beta Decay Reset
117,21:45-21:56,ESTJ,F,AB,Metabolic Combustion / Logic Structuring,Entropy Reduction / Kinetic Stability,Beta Decay Reset
118,21:56-22:07,ISTJ,F,AB,Metabolic Combustion / Logic Structuring,Entropy Reduction / Kinetic Stability,Beta Decay Reset
119,22:07-22:18,ESFJ,F,AB,Neuro-Resonance / Social Bonding,Coherence Increase / Entropic Flow,Beta Decay Reset
120,22:18-22:30,ISFJ,F,AB,Neuro-Resonance / Social Bonding,Coherence Increase / Entropic Flow,Beta Decay Reset
121,22:30-22:41,ENTP,F,AB,Metabolic Combustion / Logic Structuring,Entropy Reduction / Kinetic Stability,Beta Decay Reset
122,22:41-22:52,INTP,F,AB,Metabolic Combustion / Logic Structuring,Entropy Reduction / Kinetic Stability,Beta Decay Reset
123,22:52-23:03,ENFP,F,AB,Neuro-Resonance / Social Bonding,Coherence Increase / Entropic Flow,Beta Decay Reset
124,23:03-23:15,INFP,F,AB,Neuro-Resonance / Social Bonding,Coherence Increase / Entropic Flow,Beta Decay Reset
125,23:15-23:26,ENTJ,F,AB,Metabolic Combustion / Logic Structuring,Entropy Reduction / Kinetic Stability,Beta Decay Reset
126,23:26-23:37,INTJ,F,AB,Metabolic Combustion / Logic Structuring,Entropy Reduction / Kinetic Stability,Beta Decay Reset
127,23:37-23:48,ENFJ,F,AB,Neuro-Resonance / Social Bonding,Coherence Increase / Entropic Flow,Beta Decay Reset
128,23:48-00:00,INFJ,F,AB,Neuro-Resonance / Social Bonding,Coherence Increase / Entropic Flow,Beta Decay Reset
