mediator_event_id,mediator_time_utc,mediator_lat,mediator_lon,mediator_mag,touched_components,closest_component_roots,closest_component_dists_km
nc75312272,2026-02-11T18:39:14.030000+00:00,38.7605018615723,-122.728996276855,1.0,2,nc75316827;nc75310762,8.396;11.860
nc75313062,2026-02-13T04:48:22.160000+00:00,38.820499420166,-122.840835571289,1.0,2,nc75310762;nc75316827,3.757;4.959
nc75314297,2026-02-15T15:53:45.360000+00:00,38.8115005493164,-122.797500610352,1.0,2,nc75316827;nc75310762,1.739;3.975
nc75314387,2026-02-15T21:23:14.890000+00:00,38.8158340454102,-122.818832397461,1.01,2,nc75316827;nc75310762,3.144;3.357
nc75315337,2026-02-17T19:44:49.560000+00:00,38.839168548584,-122.780166625977,1.01,2,nc75316827;nc75310762,1.842;2.818
nc75312377,2026-02-12T01:56:20.350000+00:00,38.8361663818359,-122.791831970215,1.02,2,nc75316827;nc75310762,1.643;2.007
nc75313762,2026-02-14T15:43:42.080000+00:00,38.8274993896484,-122.763999938965,1.02,2,nc75316827;nc75310762,1.781;4.588
nc75313907,2026-02-14T22:06:29.880000+00:00,38.8199996948242,-122.841667175293,1.02,2,nc75310762;nc75316827,3.846;5.035
nc75314467,2026-02-16T04:45:13.150000+00:00,38.792667388916,-122.757835388184,1.02,2,nc75316827;nc75310762,4.033;7.501
nc75315287,2026-02-17T18:28:51.800000+00:00,38.8363342285156,-122.78466796875,1.02,2,nc75316827;nc75310762,1.504;2.551
nc75312717,2026-02-12T14:38:57.670000+00:00,38.816333770752,-122.799835205078,1.03,2,nc75316827;nc75310762,1.576;3.401
nc75314442,2026-02-16T02:22:02.180000+00:00,38.8115,-122.8205,1.03,2,nc75316827;nc75310762,3.431;3.857
nc75315582,2026-02-18T17:19:12.560000+00:00,38.7771682739258,-122.708999633789,1.03,2,nc75316827;nc75310762,8.225;11.699
nc75312607,2026-02-12T09:37:25.940000+00:00,38.8193321228027,-122.807502746582,1.04,2,nc75316827;nc75310762,2.101;2.932
nc75313267,2026-02-13T17:28:27.650000+00:00,38.8291664123535,-122.816833496094,1.04,2,nc75310762;nc75316827,1.871;2.958
nc75313352,2026-02-13T21:12:21.450000+00:00,38.8248329162598,-122.766334533691,1.04,2,nc75316827;nc75310762,1.518;4.550
nc75313892,2026-02-14T21:31:48.420000+00:00,38.7848320007324,-122.738502502441,1.04,2,nc75316827;nc75310762,5.760;9.257
nc75314412,2026-02-16T00:06:47.430000+00:00,38.7944984436035,-122.761833190918,1.04,2,nc75316827;nc75310762,3.675;7.127
nc75314582,2026-02-16T12:52:54.760000+00:00,38.7718315124512,-122.727836608887,1.04,2,nc75316827;nc75310762,7.455;10.948
nc75314912,2026-02-17T05:16:57.570000+00:00,38.8131675720215,-122.793167114258,1.04,2,nc75316827;nc75310762,1.354;3.936
nc75314927,2026-02-17T05:55:00.640000+00:00,38.7799987792969,-122.744499206543,1.04,2,nc75316827;nc75310762,5.849;9.323
nc75312567,2026-02-12T08:37:51.490000+00:00,38.8165016174316,-122.805335998535,1.05,2,nc75316827;nc75310762,2.005;3.271
nc75313582,2026-02-14T07:31:45.630000+00:00,38.7843322753906,-122.736503601074,1.05,2,nc75316827;nc75310762,5.919;9.416
nc75313747,2026-02-14T14:39:30.170000+00:00,38.7998352050781,-122.766334533691,1.05,2,nc75316827;nc75310762,2.966;6.419
nc75314612,2026-02-16T14:02:25.530000+00:00,38.8289985656738,-122.801498413086,1.05,2,nc75316827;nc75310762,1.690;2.035
nc75315057,2026-02-17T13:29:49.830000+00:00,38.7890014648438,-122.769165039062,1.05,2,nc75316827;nc75310762,3.966;7.282
nc75315417,2026-02-18T03:07:17.380000+00:00,38.8245010375977,-122.759330749512,1.05,2,nc75316827;nc75310762,2.116;5.099
nc75312407,2026-02-12T03:10:07.170000+00:00,38.8134994506836,-122.818000793457,1.06,2,nc75316827;nc75310762,3.150;3.600
nc75312622,2026-02-12T09:50:53.640000+00:00,38.8121681213379,-122.818336486816,1.06,2,nc75316827;nc75310762,3.229;3.751
nc75312677,2026-02-12T13:40:33.230000+00:00,38.8233337402344,-122.802665710449,1.06,2,nc75316827;nc75310762,1.647;2.585
nc75313027,2026-02-13T02:48:43.050000+00:00,38.8238334655762,-122.801170349121,1.06,2,nc75316827;nc75310762,1.520;2.575
nc75313032,2026-02-13T03:01:23.470000+00:00,38.8153343200684,-122.841003417969,1.06,2,nc75310762;nc75316827,4.208;5.037
nc75314522,2026-02-16T08:27:23.800000+00:00,38.7943344116211,-122.810501098633,1.06,2,nc75316827;nc75310762,3.930;5.690
nc75314602,2026-02-16T13:19:45.180000+00:00,38.8209991455078,-122.764335632324,1.06,2,nc75316827;nc75310762,1.687;4.922
nc75314937,2026-02-17T06:32:47.970000+00:00,38.824333190918,-122.804000854492,1.06,2,nc75316827;nc75310762,0.653;2.446
nc75312292,2026-02-11T19:47:53.510000+00:00,38.8014984130859,-122.764999389648,1.07,2,nc75316827;nc75310762,2.871;6.347
nc75312412,2026-02-12T03:15:32.380000+00:00,38.7941665649414,-122.77783203125,1.07,2,nc75316827;nc75310762,3.227;6.417
nc75313072,2026-02-13T05:10:34.920000+00:00,38.8240013122559,-122.808166503906,1.07,2,nc75316827;nc75310762,2.126;2.410
nc75313342,2026-02-13T21:01:27.060000+00:00,38.8151664733887,-122.818000793457,1.07,2,nc75316827;nc75310762,3.094;3.417
nc75313647,2026-02-14T10:09:21.920000+00:00,38.8333320617676,-122.792503356934,1.07,2,nc75316827;nc75310762,1.396;2.141
nc75314267,2026-02-15T14:12:56.810000+00:00,38.8248329162598,-122.845001220703,1.07,2,nc75310762;nc75316827,3.690;5.318
nc75314477,2026-02-16T06:18:42.020000+00:00,38.837833404541,-122.802001953125,1.07,2,nc75310762;nc75316827,1.195;2.303
nc75315282,2026-02-17T18:28:35.520000+00:00,38.8366661071777,-122.785331726074,1.07,2,nc75316827;nc75310762,1.516;2.483
nc75314327,2026-02-15T18:24:58.350000+00:00,38.8201675415039,-122.76016998291,1.08,2,nc75316827;nc75310762,2.057;5.276
nc75312557,2026-02-12T08:21:36.840000+00:00,38.7994995117188,-122.734664916992,1.09,2,nc75316827;nc75310762,4.976;8.406
nc75314512,2026-02-16T07:41:42.190000+00:00,38.8120002746582,-122.800834655762,1.09,2,nc75316827;nc75310762,1.914;3.841
nc75315152,2026-02-17T16:00:21.010000+00:00,38.8418350219727,-122.880500793457,1.09,2,nc75310762;nc75316827,5.975;7.431
nc75315537,2026-02-18T12:46:33.610000+00:00,38.8191680908203,-122.802169799805,1.09,2,nc75316827;nc75310762,0.930;3.041
nc75312897,2026-02-12T22:31:43.450000+00:00,38.8083343505859,-122.796997070312,1.1,2,nc75316827;nc75310762,1.983;4.324
nc75313912,2026-02-14T22:13:05.710000+00:00,38.8359985351562,-122.816665649414,1.11,2,nc75310762;nc75316827,1.142;3.212
nc75315407,2026-02-18T02:51:27.180000+00:00,38.821834564209,-122.798164367676,1.11,2,nc75316827;nc75310762,0.528;2.880
nc75313937,2026-02-14T22:37:32.660000+00:00,38.7946662902832,-122.777496337891,1.12,2,nc75316827;nc75310762,3.177;6.381
nc75313552,2026-02-14T06:04:58.190000+00:00,38.8300018310547,-122.816665649414,1.13,2,nc75310762;nc75316827,1.777;2.968
nc75314357,2026-02-15T20:08:58.030000+00:00,38.8269996643066,-122.785835266113,1.13,2,nc75316827;nc75310762,0.500;3.039
nc75312402,2026-02-12T03:05:34.520000+00:00,38.7933349609375,-122.755165100098,1.14,2,nc75316827;nc75310762,4.106;7.590
nc75314277,2026-02-15T15:23:32.850000+00:00,38.8274993896484,-122.785499572754,1.14,2,nc75316827;nc75310762,0.543;3.024
nc75315072,2026-02-17T14:25:33.920000+00:00,38.8293342590332,-122.813667297363,1.14,2,nc75316827;nc75310762,1.478;1.806
nc75314042,2026-02-15T02:30:24.930000+00:00,38.8248329162598,-122.786003112793,1.15,2,nc75316827;nc75310762,0.301;3.197
nc75312392,2026-02-12T02:37:23.420000+00:00,38.8151664733887,-122.78150177002,1.16,2,nc75316827;nc75310762,0.873;4.267
nc75313632,2026-02-14T09:47:21.180000+00:00,38.7691650390625,-122.727996826172,1.16,2,nc75316827;nc75310762,7.674;11.163
nc75314202,2026-02-15T10:54:19.420000+00:00,38.7859992980957,-122.736831665039,1.17,2,nc75316827;nc75310762,5.766;9.263
nc75314257,2026-02-15T13:59:20.050000+00:00,38.7538333333333,-122.861833333333,1.17,2,nc75316827;nc75310762,10.236;11.081
nc75315142,2026-02-17T15:45:00.150000+00:00,38.8393325805664,-122.838333129883,1.17,2,nc75310762;nc75316827,2.409;3.854
nc75313482,2026-02-14T00:44:52.860000+00:00,38.813835144043,-122.842002868652,1.18,2,nc75310762;nc75316827,4.393;5.152
nc75314362,2026-02-15T20:12:07.400000+00:00,38.7953338623047,-122.782165527344,1.19,2,nc75316827;nc75310762,3.061;6.136
nc75313857,2026-02-14T19:31:12.300000+00:00,38.8349990844727,-122.782669067383,1.23,2,nc75316827;nc75310762,1.356;2.770
nc75005003,2026-02-17T19:52:50.210000+00:00,38.8365,-122.797666666667,1.23,2,nc75316827;nc75310762,1.113;1.572
nc75314077,2026-02-15T04:40:21.120000+00:00,38.7854995727539,-122.737167358398,1.24,2,nc75316827;nc75310762,5.785;9.283
nc75314487,2026-02-16T06:31:24.910000+00:00,38.792667388916,-122.752830505371,1.24,2,nc75316827;nc75310762,4.288;7.778
nc75312397,2026-02-12T03:00:54.470000+00:00,38.7786674499512,-122.723167419434,1.25,2,nc75316827;nc75310762,7.184;10.678
nc75314332,2026-02-15T19:16:12.850000+00:00,38.8223342895508,-122.809829711914,1.25,2,nc75316827;nc75310762,2.267;2.581
nc75312337,2026-02-11T23:56:51.950000+00:00,38.8321647644043,-122.801330566406,1.26,2,nc75310762;nc75316827,1.732;1.849
nc75312707,2026-02-12T14:33:09.160000+00:00,38.78466796875,-122.737998962402,1.26,2,nc75316827;nc75310762,5.803;9.300
nc75312937,2026-02-12T23:35:51.640000+00:00,38.8245010375977,-122.783668518066,1.26,2,nc75316827;nc75310762,0.185;3.366
nc75313307,2026-02-13T19:55:13.580000+00:00,38.8236656188965,-122.793502807617,1.26,2,nc75316827;nc75310762,0.857;2.893
nc75315442,2026-02-18T05:29:25.390000+00:00,38.7991676330566,-122.737503051758,1.27,2,nc75316827;nc75310762,4.788;8.235
nc75314732,2026-02-16T20:15:29.590000+00:00,38.8363342285156,-122.782165527344,1.28,2,nc75316827;nc75310762,1.507;2.751
nc75314967,2026-02-17T08:07:52.080000+00:00,38.8226661682129,-122.80549621582,1.28,2,nc75316827;nc75310762,0.851;2.595
nc75312502,2026-02-12T06:50:09.800000+00:00,38.8166656494141,-122.802001953125,1.3,2,nc75316827;nc75310762,1.730;3.314
nc75315512,2026-02-18T10:30:37.970000+00:00,38.8206672668457,-122.761665344238,1.3,2,nc75316827;nc75310762,1.921;5.136
nc75315552,2026-02-18T14:55:34.700000+00:00,38.8306655883789,-122.816665649414,1.31,2,nc75310762;nc75316827,1.705;1.765
nc75312462,2026-02-12T06:15:04.030000+00:00,38.8305015563965,-122.81950378418,1.32,2,nc75310762;nc75316827,1.801;3.219
nc75313592,2026-02-14T07:53:50.660000+00:00,38.820499420166,-122.851669311523,1.33,2,nc75310762;nc75316827,4.442;5.897
nc75315357,2026-02-17T19:52:49.270000+00:00,38.7493333333333,-122.701333333333,1.33,2,nc75316827;nc75310762,10.850;14.345
nc75315602,2026-02-18T17:38:53.810000+00:00,38.7886657714844,-122.76782989502,1.33,2,nc75316827;nc75310762,4.040;7.373
nc75315267,2026-02-17T18:17:12.120000+00:00,38.8223342895508,-122.764503479004,1.35,2,nc75316827;nc75310762,1.661;4.829
nc75314722,2026-02-16T20:03:07.910000+00:00,38.8358345031738,-122.81583404541,1.36,2,nc75310762;nc75316827,1.134;3.139
nc75312317,2026-02-11T21:31:13.940000+00:00,38.8370018005371,-122.783164978027,1.38,2,nc75316827;nc75310762,1.576;2.643
nc75313602,2026-02-14T08:10:01.820000+00:00,38.791332244873,-122.732666015625,1.4,2,nc75316827;nc75310762,5.639;9.117
nc75313967,2026-02-14T23:28:34.610000+00:00,38.7848320007324,-122.738830566406,1.4,2,nc75316827;nc75310762,5.740;9.237
nc75314107,2026-02-15T06:30:04.310000+00:00,38.7859992980957,-122.738670349121,1.4,2,nc75316827;nc75310762,5.655;9.153
nc75314977,2026-02-17T08:22:59.590000+00:00,38.8359985351562,-122.784332275391,1.4,2,nc75316827;nc75310762,1.465;2.592
nc75314317,2026-02-15T16:40:42.780000+00:00,38.5696666666667,-122.632666666667,1.43,2,nc75316827;nc75310762,31.052;34.380
nc75315487,2026-02-18T08:56:01.340000+00:00,38.8214988708496,-122.810836791992,1.46,2,nc75316827;nc75310762,1.321;2.670
nc75315497,2026-02-18T09:08:59.500000+00:00,38.8061676025391,-122.780670166016,1.46,2,nc75316827;nc75310762,1.871;5.132
nc75313657,2026-02-14T10:40:21.770000+00:00,38.7868347167969,-122.737998962402,1.47,2,nc75316827;nc75310762,5.629;9.126
nc75312457,2026-02-12T06:09:43.640000+00:00,38.7970008850098,-122.810165405273,1.5,2,nc75316827;nc75310762,3.677;5.394
nc75312512,2026-02-12T06:57:28.670000+00:00,38.8144989013672,-122.803665161133,1.5,2,nc75316827;nc75310762,1.965;3.516
nc75312537,2026-02-12T07:18:53.490000+00:00,38.8171653747559,-122.770500183105,1.5,2,nc75316827;nc75310762,1.303;4.758
nc75314037,2026-02-15T02:22:48.740000+00:00,38.8373336791992,-122.821662902832,1.52,2,nc75310762;nc75316827,1.255;3.665
nc75314322,2026-02-15T17:10:35.560000+00:00,38.8303337097168,-122.818168640137,1.52,2,nc75310762;nc75316827,1.778;3.103
nc75312477,2026-02-12T06:32:26.560000+00:00,38.7901649475098,-122.720832824707,1.55,2,nc75316827;nc75310762,6.545;9.989
nc75315342,2026-02-17T19:50:22.810000+00:00,38.752498626709,-122.702667236328,1.57,2,nc75316827;nc75310762,10.510;14.006
nc75314352,2026-02-15T20:07:42.420000+00:00,38.7943344116211,-122.782165527344,1.62,2,nc75316827;nc75310762,3.172;6.237
nn00911607,2026-03-02T05:52:15.650000+00:00,37.1256,-115.2635,1.63,2,nn00911076;nn00912161,4.087;4.831
nc75315302,2026-02-17T18:34:30.060000+00:00,38.769832611084,-122.732002258301,1.64,2,nc75316827;nc75310762,7.401;10.883
nc75315052,2026-02-17T13:28:46.720000+00:00,38.787166595459,-122.769836425781,1.71,2,nc75316827;nc75310762,4.143;7.430
nc75312522,2026-02-12T07:07:19.270000+00:00,38.7988319396973,-122.736999511719,1.72,2,nc75316827;nc75310762,4.845;8.293
nc75313402,2026-02-13T22:28:13.020000+00:00,38.8136672973633,-122.819664001465,1.72,2,nc75316827;nc75310762,3.281;3.607
nc75313152,2026-02-13T10:43:42.340000+00:00,38.783332824707,-122.720336914062,1.78,2,nc75316827;nc75310762,7.029;10.507
nc75314767,2026-02-16T21:12:22.990000+00:00,38.8250007629395,-122.795829772949,1.78,2,nc75316827;nc75310762,1.081;2.660
nc75315272,2026-02-17T18:21:32.600000+00:00,38.837833404541,-122.782669067383,1.79,2,nc75316827;nc75310762,1.670;2.652
nc75312812,2026-02-12T18:51:21.730000+00:00,38.8325004577637,-122.815002441406,1.83,2,nc75310762;nc75316827,1.474;2.920
nc75313347,2026-02-13T21:10:01.950000+00:00,38.8348350524902,-122.817832946777,1.9,2,nc75310762;nc75316827,1.301;3.247
nc75315347,2026-02-17T19:51:21.070000+00:00,38.7568321228027,-122.704002380371,1.91,2,nc75316827;nc75310762,10.076;13.574
nc75315502,2026-02-18T09:18:38.830000+00:00,38.8050003051758,-122.777336120605,1.95,2,nc75316827;nc75310762,2.057;5.397
nc75312652,2026-02-12T11:53:58.020000+00:00,38.7963333129883,-122.81266784668,1.98,2,nc75316827;nc75310762,3.873;5.468
nc75313722,2026-02-14T12:55:45.590000+00:00,38.7931671142578,-122.752502441406,2.07,2,nc75316827;nc75310762,4.263;7.755
nc75315567,2026-02-18T15:31:21.270000+00:00,38.8021659851074,-122.793167114258,2.25,2,nc75316827;nc75310762,2.441;5.078
nc75314372,2026-02-15T21:04:10.040000+00:00,38.814,-122.816,2.38,2,nc75316827;nc75310762,2.968;3.523
nc75312977,2026-02-13T02:00:05.810000+00:00,38.820499420166,-122.783332824707,2.41,2,nc75316827;nc75310762,0.261;3.708
nc75312497,2026-02-12T06:45:14.440000+00:00,38.8161666666667,-122.802166666667,2.46,2,nc75316827;nc75310762,1.766;3.364
nc75315492,2026-02-18T09:06:38.420000+00:00,38.7908333333333,-122.7585,2.74,2,nc75316827;nc75310762,4.173;7.627
