Constant,Value_raw,Value_num,Source,Level,Class,Status,Mapping,Evidence_json,DupGroup
W7_EXACT,π/20,0.15707963267948966,GEOMETRY_EQUATIONS.md,1,primary_law,phase_snap_candidate,phase_mean_rad ~= k*const (radians); detuning=observed/snapped,"{""ratio_abs_p50"": 0.02725946795829337, ""ratio_abs_p90"": 0.08875894321977706}",
w7 raw / night_hysteresis_area,~0.15697,0.15697,UPDATED_generate_128_grid_v4_hysteresis_pure.py,1,primary_law,phase_snap_candidate,phase_mean_rad ~= k*const (radians); detuning=observed/snapped,"{""ratio_abs_p50"": 0.02680592503409651, ""ratio_abs_p90"": 0.08951936597739651}",
TOTAL_DEBT_AREA,1.322828,1.322828,absolute_constants.py,1,primary_law,phase_snap_candidate,phase_mean_rad ~= k*const (radians); detuning=observed/snapped,"{""ratio_abs_p50"": 0.23952102932204744, ""ratio_abs_p90"": 0.6211470097491104}",
H2_W7,1/9,0.1111111111111111,GEOMETRY_EQUATIONS.md,2,ratio_law,phase_snap_candidate,phase_mean_rad ~= k*const (radians); detuning=observed/snapped,"{""ratio_abs_p50"": 0.022189075296575433, ""ratio_abs_p90"": 0.06330685956137505}",
analytic_closure_tension,9π / (20√2),,GEOMETRY_EQUATIONS.md,2,ratio_law,non_numeric,,{},
mismatch_delta,~3.513e-4,0.0003513,GEOMETRY_EQUATIONS.md,2,ratio_law,phase_snap_candidate,phase_mean_rad ~= k*const (radians); detuning=observed/snapped,"{""ratio_abs_p50"": 6.22040555326997e-05, ""ratio_abs_p90"": 0.00018219523668905335}",
REALITY_TENSION,1.0100375,1.0100375,absolute_constants.py,2,ratio_law,phase_snap_candidate,phase_mean_rad ~= k*const (radians); detuning=observed/snapped,"{""ratio_abs_p50"": 0.17696945707660783, ""ratio_abs_p90"": 0.5038230329194671}",
DISCRETE_CLOSURE,1.0000424,1.0000424,absolute_constants.py,2,ratio_law,phase_snap_candidate,phase_mean_rad ~= k*const (radians); detuning=observed/snapped,"{""ratio_abs_p50"": 0.17795758027608666, ""ratio_abs_p90"": 0.4988639047828335}",
loop_strength_5,5.555492104,5.555492104,absolute_constants.py,2,ratio_law,out_of_lhd_range,no direct LHD edge observable chosen,{},
CHIRALITY_CONSTANT,1/18,0.05555555555555555,absolute_constants.py,2,ratio_law,phase_snap_candidate,phase_mean_rad ~= k*const (radians); detuning=observed/snapped,"{""ratio_abs_p50"": 0.010811169942220089, ""ratio_abs_p90"": 0.032671128000531735}",
PHI,~1.618,1.618,absolute_constants.py,2,ratio_law,phase_snap_candidate,phase_mean_rad ~= k*const (radians); detuning=observed/snapped,"{""ratio_abs_p50"": 0.32244291116929025, ""ratio_abs_p90"": 0.6902612216393055}",
KAPPA_1_16,1/16,0.0625,absolute_constants.py,3,gate,phase_snap_candidate,phase_mean_rad ~= k*const (radians); detuning=observed/snapped,"{""ratio_abs_p50"": 0.010981496175130223, ""ratio_abs_p90"": 0.03268635272979736}",
KAPPA_1_32 (κ),1/32,0.03125,absolute_constants.py,3,gate,phase_snap_candidate,phase_mean_rad ~= k*const (radians); detuning=observed/snapped,"{""ratio_abs_p50"": 0.0056732579281455475, ""ratio_abs_p90"": 0.02233409881591797}",
KAPPA_1_64,1/64,0.015625,absolute_constants.py,3,gate,phase_snap_candidate,phase_mean_rad ~= k*const (radians); detuning=observed/snapped,"{""ratio_abs_p50"": 0.0026138093736436385, ""ratio_abs_p90"": 0.008106311162312863}",
KAPPA_1_128,1/128,0.0078125,AP/papers/*,3,gate,phase_snap_candidate,phase_mean_rad ~= k*const (radians); detuning=observed/snapped,"{""ratio_abs_p50"": 0.0015147072928292094, ""ratio_abs_p90"": 0.004376027775907065}",
KAPPA_3_32,3/32,0.09375,absolute_constants.py,3,gate,phase_snap_candidate,phase_mean_rad ~= k*const (radians); detuning=observed/snapped,"{""ratio_abs_p50"": 0.016799859833299013, ""ratio_abs_p90"": 0.059107644217354816}",
LUNAR_CYCLE,1/28,0.03571428571428571,absolute_constants.py,3,gate,phase_snap_candidate,phase_mean_rad ~= k*const (radians); detuning=observed/snapped,"{""ratio_abs_p50"": 0.006449222564697155, ""ratio_abs_p90"": 0.019954752922058283}",LUNAR_CYCLE;Möbius Twist
GATE_5_32,5/32,0.15625,absolute_constants.py,3,gate,phase_snap_candidate,phase_mean_rad ~= k*const (radians); detuning=observed/snapped,"{""ratio_abs_p50"": 0.025603199005126975, ""ratio_abs_p90"": 0.09009523391723628}",
SPARK_ANGLE_DEG,138.88,138.88,absolute_constants.py,4,operator,phase_snap_candidate_deg,phase_mean_rad ~= k*rad(const_deg),"{""ratio_abs_p50"": 0.4898450659437693, ""ratio_abs_p90"": 0.7932445229831636}",
SPARK_LEAP_DIST,2.5,2.5,absolute_constants.py,4,operator,phase_snap_candidate,phase_mean_rad ~= k*const (radians); detuning=observed/snapped,"{""ratio_abs_p50"": 0.5053714752197266, ""ratio_abs_p90"": 0.7995370626449585}",
Möbius Twist,1/28,0.03571428571428571,MOBIUS_CONTINUOUS_GEOMETRY.md,4,operator,phase_snap_candidate,phase_mean_rad ~= k*const (radians); detuning=observed/snapped,"{""ratio_abs_p50"": 0.006449222564697155, ""ratio_abs_p90"": 0.019954752922058283}",LUNAR_CYCLE;Möbius Twist
WAVELENGTH_6,6.0,6.0,MOBIUS_CONTINUOUS_GEOMETRY.md,4,operator,out_of_lhd_range,no direct LHD edge observable chosen,{},
DELTA_4,4,4.0,MOBIUS_CONTINUOUS_GEOMETRY.md,4,operator,out_of_lhd_range,no direct LHD edge observable chosen,{},
Betti-5 (Metabolic Debt),5.0,5.0,absolute_constants.py,4,operator,out_of_lhd_range,no direct LHD edge observable chosen,{},
RENORMALIZATION_BRIDGE,~42.368,42.368,absolute_constants.py,4,operator,phase_snap_candidate_deg,phase_mean_rad ~= k*rad(const_deg),"{""ratio_abs_p50"": 0.1452889115745103, ""ratio_abs_p90"": 0.42534157052156374}",
Ascending Branch,N/A,,MOBIUS_CONTINUOUS_GEOMETRY.md,5,branch_or_separatrix,non_numeric,,{},
Descending Branch,N/A,,MOBIUS_CONTINUOUS_GEOMETRY.md,5,branch_or_separatrix,non_numeric,,{},
LEFT_CORTISOL_R / Q0,"(0.1121475, 0.965)",,absolute_constants.py,5,attractor,non_numeric,,{},
RIGHT_CORTISOL_R / Q0,"(0.111900, 0.974879)",,absolute_constants.py,5,attractor,non_numeric,,{},
Betti-7 (Geometric Void),7.0,7.0,absolute_constants.py,5,branch_or_separatrix,phase_snap_candidate_deg,phase_mean_rad ~= k*rad(const_deg),"{""ratio_abs_p50"": 0.022600505821610994, ""ratio_abs_p90"": 0.06514524780699271}",
Betti-11 (Topology Bridge),11.0,11.0,absolute_constants.py,5,branch_or_separatrix,phase_snap_candidate_deg,phase_mean_rad ~= k*rad(const_deg),"{""ratio_abs_p50"": 0.03714985666436377, ""ratio_abs_p90"": 0.12112442932653278}",
7+1 Node Cycle,8-node traversal order,,MOBIUS_CONTINUOUS_GEOMETRY.md,6,receptor_mapping,non_numeric,,{},
Right Cortisol Fake 3D,N/A,,MOBIUS_CONTINUOUS_GEOMETRY.md,6,shell_or_fake_depth,non_numeric,,{},
Receptor Mappings,Table,,GEOMETRY_EQUATIONS.md,6,receptor_mapping,non_numeric,,{},
GABA_C_V_APEX,0.140488,0.140488,absolute_constants.py,6,receptor_mapping,phase_snap_candidate,phase_mean_rad ~= k*const (radians); detuning=observed/snapped,"{""ratio_abs_p50"": 0.02591196212307645, ""ratio_abs_p90"": 0.08074523612324824}",
Betti-0,1.0,1.0,absolute_constants.py,6,receptor_mapping,phase_snap_candidate,phase_mean_rad ~= k*const (radians); detuning=observed/snapped,"{""ratio_abs_p50"": 0.17792272567749023, ""ratio_abs_p90"": 0.49884265661239624}",
13-patch skeleton,N/A,,User Request,7,projected_skeleton,non_numeric,,{},
128-Grid,N/A,,UPDATED_generate_128_grid_v4_hysteresis_pure.py,7,projected_skeleton,non_numeric,,{},
SN_OFFSET,±8 * F_1_32,,UPDATED_generate_128_grid_v4_hysteresis_pure.py,7,projected_skeleton,non_numeric,,{},
TF_OFFSET,±4 * F_1_32,,UPDATED_generate_128_grid_v4_hysteresis_pure.py,7,projected_skeleton,non_numeric,,{},
BLOOD_OFFSET_X/Y,Varies,,UPDATED_generate_128_grid_v4_hysteresis_pure.py,7,projected_skeleton,non_numeric,,{},
1.001375,Not Found,,N/A,unresolved,"사용자가 문의한 상수이지만, 현재 로드된 파일에서는 발견되지 않음(Constant queried by user but not found in currently ingested files)",non_numeric,,{},
