diagnostic,root,a,b,coh_avg,phase_stability,phase_bias,phase_mean_rad,score,cluster
Halpha,Halpha-187366-1,75,101,1.0,0.31451499462127686,-0.35877862572669983,-0.9288454651832581,0.1128412575406621,0
Halpha,Halpha-187366-1,33,54,1.0,0.29259389638900757,0.3435114622116089,1.581396222114563,0.10050935718277998,10
Halpha,Halpha-187366-1,16,94,1.0,0.2890261113643646,-0.3435114622116089,-1.8610156774520874,0.0992837821321082,0
Halpha,Halpha-187366-1,14,106,1.0,0.2734387218952179,0.35877862572669983,1.6222221851348877,0.09810396886203154,10
Halpha,Halpha-187366-1,11,125,1.0,0.24809511005878448,-0.3893129825592041,-1.3976554870605469,0.09658664725533939,0
Halpha,Halpha-187366-1,8,121,1.0,0.2397834211587906,-0.3893129825592041,-1.42343008518219,0.09335079885957853,0
Halpha,Halpha-187366-1,3,33,1.0,0.2882493734359741,0.3129771053791046,2.239192247390747,0.09021545452533175,10
Halpha,Halpha-187366-1,65,72,1.0,0.25957271456718445,0.3435114622116089,1.71672523021698,0.08916620273121012,10
Halpha,Halpha-187366-1,44,105,1.0,0.24689160287380219,-0.35877862572669983,-1.504523515701294,0.08857942998252488,0
Halpha,Halpha-187366-1,114,115,1.0,0.26900267601013184,-0.32824426889419556,-1.3844969272613525,0.08829858671752788,0
Halpha,Halpha-187366-1,20,78,1.0,0.25669118762016296,0.3435114622116089,1.8492212295532227,0.08817636519623662,10
Halpha,Halpha-187366-1,89,107,1.0,0.25662681460380554,0.3435114622116089,2.019608736038208,0.08815425232726071,10
Halpha,Halpha-187366-1,48,116,1.0,0.24511508643627167,0.35877862572669983,1.7557272911071777,0.08794205385648679,10
Halpha,Halpha-187366-1,81,125,1.0,0.2803914248943329,-0.3129771053791046,-1.9052839279174805,0.08775609653655092,7
Halpha,Halpha-187366-1,110,119,1.0,0.27703091502189636,-0.3129771053791046,-0.8761089444160461,0.08670433388407783,0
Halpha,Halpha-187366-1,21,34,1.0,0.24985000491142273,0.3435114622116089,2.066279888153076,0.08582634052070048,10
Halpha,Halpha-187366-1,80,116,1.0,0.2486971765756607,0.3435114622116089,1.3433287143707275,0.0854303307734039,8
Halpha,Halpha-187366-1,44,46,1.0,0.27177694439888,0.3129771053791046,1.1351174116134644,0.08505996136673932,8
Halpha,Halpha-187366-1,24,61,1.0,0.23608142137527466,0.35877862572669983,1.9517478942871094,0.08470096792062698,10
Halpha,Halpha-187366-1,18,23,1.0,0.2699478566646576,0.3129771053791046,1.7741978168487549,0.08448749878219797,10
Halpha,Halpha-187366-1,55,118,1.0,0.25198978185653687,-0.32824426889419556,-1.1386504173278809,0.08271420171430677,0
Halpha,Halpha-187366-1,1,53,1.0,0.23973071575164795,0.3435114622116089,0.9151303172111511,0.08235024870488417,8
Halpha,Halpha-187366-1,14,40,1.0,0.24993211030960083,0.32824426889419556,1.870670199394226,0.08203878282175836,10
Halpha,Halpha-187366-1,31,113,1.0,0.2588529884815216,-0.3129771053791046,-1.613186001777649,0.08101505905367734,0
Halpha,Halpha-187366-1,9,68,1.0,0.25872910022735596,-0.3129771053791046,-1.0121936798095703,0.0809762848664981,0
Halpha,Halpha-187366-1,59,114,1.0,0.2573106288909912,0.3129771053791046,2.1045312881469727,0.08053233581357944,10
Halpha,Halpha-187366-1,56,74,0.9999999403953552,0.2627696096897125,0.2977099120616913,1.2366019487380981,0.0782291127303905,2
Halpha,Halpha-187366-1,21,77,1.0,0.23763351142406464,-0.32824426889419556,-1.2137774229049683,0.07800183822215256,0
Halpha,Halpha-187366-1,79,96,1.0,0.2478409856557846,-0.3129771053791046,-1.0023144483566284,0.07756855428485165,0
Halpha,Halpha-187366-1,5,38,1.0,0.290000855922699,0.2671755850315094,2.2514545917510986,0.07748114834078557,10
Halpha,Halpha-187366-1,50,123,1.0,0.23580685257911682,-0.32824426889419556,-1.3333914279937744,0.07740224792507355,0
Halpha,Halpha-187366-1,25,46,1.0,0.2571693956851959,-0.2977099120616913,-1.8633415699005127,0.07656187817439797,7
Halpha,Halpha-187366-1,109,112,1.0,0.244315505027771,-0.3129771053791046,-1.3608579635620117,0.07646515956282585,0
Halpha,Halpha-187366-1,5,121,1.0,0.23214751482009888,-0.32824426889419556,-1.712788462638855,0.07620109127772778,7
Halpha,Halpha-187366-1,15,72,1.0,0.23172087967395782,-0.32824426889419556,-1.372202754020691,0.07606105073609815,0
Halpha,Halpha-187366-1,55,75,1.0,0.24188931286334991,0.3129771053791046,2.134722948074341,0.07570581696211187,10
Halpha,Halpha-187366-1,52,64,1.0,0.2635651230812073,0.28244274854660034,2.0206711292266846,0.0744420577840792,10
Halpha,Halpha-187366-1,26,99,1.0,0.2617536187171936,0.28244274854660034,1.5832642316818237,0.07393041151250301,5
Halpha,Halpha-187366-1,11,23,1.0,0.2587655186653137,-0.28244274854660034,-1.83621084690094,0.07308644432091782,7
Halpha,Halpha-187366-1,70,83,1.0,0.27339616417884827,0.2671755850315094,0.7994983792304993,0.07304478010985438,8
Halpha,Halpha-187366-1,32,74,1.0,0.23320665955543518,-0.3129771053791046,-1.7564762830734253,0.07298834526279041,7
Halpha,Halpha-187366-1,16,102,1.0,0.22193215787410736,0.32824426889419556,2.068821907043457,0.07284795890549756,10
Halpha,Halpha-187366-1,56,117,1.0,0.23234258592128754,-0.3129771053791046,-1.067757487297058,0.07271790999794048,0
Halpha,Halpha-187366-1,45,94,1.0,0.23003342747688293,-0.3129771053791046,-1.372475266456604,0.07199519627214901,0
Halpha,Halpha-187366-1,106,124,1.0,0.2688020169734955,0.2671755850315094,1.2494319677352905,0.07181733614254338,8
Halpha,Halpha-187366-1,3,53,1.0,0.24994121491909027,0.28244274854660034,1.8167896270751953,0.07059408371682441,5
Halpha,Halpha-187366-1,39,55,1.0,0.2230115681886673,-0.3129771053791046,-1.8413516283035278,0.0697975150777439,7
Halpha,Halpha-187366-1,3,92,1.0,0.234389528632164,0.2977099120616913,1.7158950567245483,0.06978008595726282,5
Halpha,Halpha-187366-1,2,36,1.0,0.26052141189575195,0.2671755850315094,2.299044132232666,0.06960496063648236,10
Halpha,Halpha-187366-1,66,97,1.0,0.24601873755455017,0.28244274854660034,1.716410756111145,0.06948620842887188,5
Halpha,Halpha-187366-1,57,105,1.0,0.23128502070903778,0.2977099120616913,1.6203793287277222,0.06885584317647409,5
Halpha,Halpha-187366-1,21,90,1.0,0.21929487586021423,-0.3129771053791046,-1.777310848236084,0.06863427547119993,7
Halpha,Halpha-187366-1,46,118,1.0,0.30983996391296387,0.221374049782753,0.5986006855964661,0.06859052759595485,6
Halpha,Halpha-187366-1,7,80,1.0,0.23885168135166168,-0.28244274854660034,-1.9089332818984985,0.06746192537594009,7
Halpha,Halpha-187366-1,67,75,1.0,0.2848542034626007,-0.23664122819900513,-0.6054754853248596,0.06740824856503913,3
Halpha,Halpha-187366-1,92,94,1.0,0.28476500511169434,-0.23664122819900513,-0.9344679713249207,0.06738714055772732,3
Halpha,Halpha-187366-1,12,73,1.0,0.22526389360427856,0.2977099120616913,1.1113070249557495,0.06706329395560395,8
Halpha,Halpha-187366-1,5,117,1.0,0.20313110947608948,0.32824426889419556,1.2959785461425781,0.06667662251964579,8
Halpha,Halpha-187366-1,88,105,1.0,0.22115792334079742,0.2977099120616913,1.751325249671936,0.06584090590953506,5
Halpha,Halpha-187366-1,8,113,1.0,0.22041067481040955,-0.2977099120616913,-2.0916123390197754,0.06561844261526506,7
Halpha,Halpha-187366-1,8,100,1.0,0.209616556763649,0.3129771053791046,1.6184349060058594,0.06560518317542163,5
Halpha,Halpha-187366-1,61,63,1.0,0.24537518620491028,-0.2671755850315094,-1.8960767984390259,0.06555825892651246,7
Halpha,Halpha-187366-1,37,119,1.0,0.2600310444831848,0.25190839171409607,2.0316030979156494,0.06550400221149566,13
Halpha,Halpha-187366-1,10,102,1.0,0.20916587114334106,-0.3129771053791046,-1.2422354221343994,0.06546412889454167,0
Halpha,Halpha-187366-1,64,125,1.0,0.23047661781311035,-0.28244274854660034,-1.2671672105789185,0.06509644941085924,0
Halpha,Halpha-187366-1,33,116,1.0,0.29050204157829285,0.221374049782753,0.6346902847290039,0.06430961341434438,6
Halpha,Halpha-187366-1,13,114,1.0,0.2158202826976776,-0.2977099120616913,-1.0970139503479004,0.06425183738305495,0
Halpha,Halpha-187366-1,31,108,1.0,0.25340506434440613,-0.25190839171409607,-0.8807658553123474,0.06383486221120638,3
Halpha,Halpha-187366-1,4,12,1.0,0.23884549736976624,0.2671755850315094,1.5279260873794556,0.06381368549190913,5
Halpha,Halpha-187366-1,65,75,1.0,0.23797716200351715,-0.2671755850315094,-0.9508336782455444,0.06358168748242798,3
Halpha,Halpha-187366-1,35,83,1.0,0.2001907080411911,-0.3129771053791046,-1.080836296081543,0.06265510832652543,0
Halpha,Halpha-187366-1,53,67,1.0,0.23450583219528198,0.2671755850315094,1.8593134880065918,0.06265423291007544,5
Halpha,Halpha-187366-1,51,110,1.0,0.23436860740184784,-0.2671755850315094,-0.7771392464637756,0.06261756979560884,3
Halpha,Halpha-187366-1,21,27,1.0,0.22159039974212646,-0.28244274854660034,-1.1032400131225586,0.06258660155470608,0
Halpha,Halpha-187366-1,111,125,1.0,0.2483215034008026,-0.25190839171409607,-2.521106481552124,0.06255427054972262,1
Halpha,Halpha-187366-1,33,52,1.0,0.2202218770980835,-0.28244274854660034,-1.502902626991272,0.06220007225767432,7
Halpha,Halpha-187366-1,5,74,1.0,0.2088305801153183,0.2977099120616913,1.7150534391403198,0.06217093364192339,5
Halpha,Halpha-187366-1,94,108,1.0,0.22948844730854034,0.2671755850315094,0.9220240116119385,0.061313710167631985,8
Halpha,Halpha-187366-1,49,98,1.0,0.2280484288930893,0.2671755850315094,1.5536108016967773,0.060928972405027704,5
Halpha,Halpha-187366-1,7,75,1.0,0.23868106305599213,-0.25190839171409607,-2.22599196434021,0.06012576272704573,1
Halpha,Halpha-187366-1,19,116,1.0,0.20168785750865936,0.2977099120616913,1.6271276473999023,0.0600444743228139,5
Halpha,Halpha-187366-1,63,117,1.0,0.21191994845867157,0.28244274854660034,1.220450758934021,0.05985525271452108,8
Halpha,Halpha-187366-1,77,99,1.0,0.2110472172498703,0.28244274854660034,1.2161544561386108,0.05960875611316485,8
Halpha,Halpha-187366-1,14,30,1.0,0.22168441116809845,0.2671755850315094,1.0962873697280884,0.05922866224620238,8
Halpha,Halpha-187366-1,62,78,0.9999999403953552,0.22059759497642517,0.2671755850315094,1.0735021829605103,0.058938287981374425,2
Halpha,Halpha-187366-1,92,105,1.0,0.20832669734954834,0.28244274854660034,2.044666051864624,0.058840364995042194,5
Halpha,Halpha-187366-1,53,103,1.0,0.24768643081188202,0.23664122819900513,0.7285391092300415,0.05861282119555167,6
Halpha,Halpha-187366-1,61,121,1.0,0.20670843124389648,-0.28244274854660034,-1.6441545486450195,0.05838329746828208,7
Halpha,Halpha-187366-1,66,85,1.0,0.21837535500526428,0.2671755850315094,1.6999683380126953,0.05834456322999504,5
Halpha,Halpha-187366-1,30,100,1.0,0.20643720030784607,0.28244274854660034,1.3751795291900635,0.058306690257213134,5
Halpha,Halpha-187366-1,60,98,1.0,0.2169087827205658,-0.2671755850315094,-1.576331615447998,0.057952730921839724,7
Halpha,Halpha-187366-1,93,119,1.0,0.280800461769104,-0.20610687136650085,-0.5771688222885132,0.05787490465349876,3
Halpha,Halpha-187366-1,40,81,1.0,0.20480218529701233,0.28244274854660034,1.5735825300216675,0.0578448921236383,5
Halpha,Halpha-187366-1,62,79,1.0,0.20431019365787506,0.28244274854660034,1.1653038263320923,0.057705932652818426,8
Halpha,Halpha-187366-1,57,109,1.0,0.2157033234834671,0.2671755850315094,1.7846848964691162,0.05763066164493624,5
Halpha,Halpha-187366-1,24,36,1.0,0.20344112813472748,-0.28244274854660034,-1.5053244829177856,0.05746047139779353,7
Halpha,Halpha-187366-1,104,107,1.0,0.24265846610069275,0.23664122819900513,1.1610383987426758,0.05742299745095458,6
Halpha,Halpha-187366-1,40,73,1.0,0.2277778536081314,0.25190839171409607,0.9346915483474731,0.0573791527705132,6
Halpha,Halpha-187366-1,23,89,1.0,0.21447020769119263,-0.2671755850315094,-0.911358654499054,0.05730120321172372,3
Halpha,Halpha-187366-1,19,23,1.0,0.24203607439994812,-0.23664122819900513,-1.0797231197357178,0.057275713914469506,3
Halpha,Halpha-187366-1,110,116,1.0,0.21402548253536224,-0.2671755850315094,-1.413635492324829,0.057182383508036505,7
Halpha,Halpha-187366-1,42,80,1.0,0.21389593183994293,-0.2671755850315094,-1.8941090106964111,0.05714777072519661,7
Halpha,Halpha-187366-1,45,102,1.0,0.21370229125022888,-0.2671755850315094,-1.0926077365875244,0.057096034687353914,3
Halpha,Halpha-187366-1,33,46,1.0,0.20171335339546204,0.28244274854660034,1.391413688659668,0.056972473951566016,5
Halpha,Halpha-187366-1,38,108,1.0,0.22583752870559692,0.25190839171409607,1.2179960012435913,0.056890368644912925,8
Halpha,Halpha-187366-1,1,40,1.0,0.2120596170425415,-0.2671755850315094,-1.558815598487854,0.05665715224489887,7
Halpha,Halpha-187366-1,25,116,1.0,0.22405582666397095,-0.25190839171409607,-1.7421246767044067,0.056441542949093204,7
Halpha,Halpha-187366-1,10,125,1.0,0.21102866530418396,-0.2671755850315094,-1.6979900598526,0.05638170711106394,7
Halpha,Halpha-187366-1,58,61,1.0,0.2107711136341095,-0.2671755850315094,-1.0339828729629517,0.05631289559293595,3
Halpha,Halpha-187366-1,17,33,1.0,0.2096274048089981,-0.2671755850315094,-2.0662264823913574,0.056007324518481116,7
Halpha,Halpha-187366-1,64,109,1.0,0.23655062913894653,-0.23664122819900513,-1.208708643913269,0.05597763141068768,3
Halpha,Halpha-187366-1,17,95,1.0,0.22174961864948273,-0.25190839171409607,-2.1492037773132324,0.05586058979720532,1
Halpha,Halpha-187366-1,18,100,1.0,0.20894578099250793,-0.2671755850315094,-1.6729319095611572,0.055825211276538944,7
Halpha,Halpha-187366-1,29,70,1.0,0.22143545746803284,0.25190839171409607,0.8551092743873596,0.055781449959247276,6
Halpha,Halpha-187366-1,11,81,1.0,0.22076207399368286,0.25190839171409607,0.8060680627822876,0.05561181901121692,6
Halpha,Halpha-187366-1,111,118,1.0,0.21782401204109192,0.25190839171409607,1.312978744506836,0.05487169654998336,8
Halpha,Halpha-187366-1,64,81,1.0,0.21563750505447388,0.25190839171409607,0.6950393915176392,0.054320897091512776,6
Halpha,Halpha-187366-1,11,82,1.0,0.26343733072280884,0.20610687136650085,0.6399152874946594,0.054296244036420305,6
Halpha,Halpha-187366-1,5,62,1.0,0.20203332602977753,-0.2671755850315094,-2.2350311279296875,0.05397837207786749,1
Halpha,Halpha-187366-1,48,102,1.0,0.21384498476982117,0.25190839171409607,1.2686752080917358,0.05386934618949102,8
Halpha,Halpha-187366-1,96,97,1.0,0.26065874099731445,-0.20610687136650085,-0.7022923827171326,0.05372355760128755,3
Halpha,Halpha-187366-1,76,80,1.0,0.2600898742675781,0.20610687136650085,2.1881539821624756,0.053606310259397105,13
Halpha,Halpha-187366-1,42,81,1.0,0.20020043849945068,-0.2671755850315094,-1.3836365938186646,0.053488669279655454,7
Halpha,Halpha-187366-1,72,84,1.0,0.21228942275047302,-0.25190839171409607,-1.642953634262085,0.053477487062985496,7
Halpha,Halpha-187366-1,59,95,1.0,0.21115033328533173,0.25190839171409607,1.6214501857757568,0.05319054086780328,5
Halpha,Halpha-187366-1,15,66,1.0,0.23710530996322632,-0.221374049782753,-1.056706190109253,0.05248896269155434,3
Halpha,Halpha-187366-1,74,110,1.0,0.20815534889698029,-0.25190839171409607,-2.061370372772217,0.052436079167324845,1
Halpha,Halpha-187366-1,45,126,1.0,0.23572953045368195,0.221374049782753,2.162090539932251,0.052184400809918374,13
Halpha,Halpha-187366-1,22,58,1.0,0.2205120027065277,-0.23664122819900513,-2.2441189289093018,0.05218223115309506,1
Halpha,Halpha-187366-1,93,102,1.0,0.20691463351249695,0.25190839171409607,1.1495119333267212,0.05212353255024471,8
Halpha,Halpha-187366-1,84,107,1.0,0.2351217120885849,-0.221374049782753,-0.6473439931869507,0.05204984559690451,3
Halpha,Halpha-187366-1,105,117,1.0,0.23362362384796143,0.221374049782753,0.8683698773384094,0.05171820773614577,6
Halpha,Halpha-187366-1,59,125,1.0,0.2491709142923355,-0.20610687136650085,-0.5983468890190125,0.051355837580323804,3
Halpha,Halpha-187366-1,100,109,1.0,0.21564340591430664,0.23664122819900513,1.4073511362075806,0.05103012042857813,5
Halpha,Halpha-187366-1,28,31,1.0,0.22966274619102478,0.221374049782753,2.4011151790618896,0.050841372208535685,13
Halpha,Halpha-187366-1,16,108,1.0,0.20156845450401306,-0.25190839171409607,-1.0074496269226074,0.050776785194401874,3
Halpha,Halpha-187366-1,6,82,1.0,0.2142985612154007,0.23664122819900513,0.9165736436843872,0.050711874727292106,6
Halpha,Halpha-187366-1,24,99,1.0,0.22892732918262482,0.221374049782753,0.9855414628982544,0.05067856996710707,6
Halpha,Halpha-187366-1,3,120,1.0,0.2438969910144806,0.20610687136650085,0.9360871315002441,0.050268845753698166,6
Halpha,Halpha-187366-1,51,79,1.0,0.24304869771003723,0.20610687136650085,0.7177160978317261,0.050094006674718194,6
Halpha,Halpha-187366-1,37,118,1.0,0.21000395715236664,-0.23664122819900513,-1.48378324508667,0.04969559434718729,7
Halpha,Halpha-187366-1,30,74,1.0,0.20991791784763336,-0.23664122819900513,-1.212061882019043,0.04967523390044182,3
Halpha,Halpha-187366-1,8,126,1.0,0.20948860049247742,0.23664122819900513,1.1465846300125122,0.049573639714230566,6
Halpha,Halpha-187366-1,79,122,1.0,0.20896847546100616,0.23664122819900513,1.1015245914459229,0.04945055668796616,6
Halpha,Halpha-187366-1,40,43,1.0,0.22240042686462402,0.221374049782753,0.48455584049224854,0.049233683168434794,6
Halpha,Halpha-187366-1,8,105,1.0,0.20744618773460388,0.23664122819900513,2.0667548179626465,0.049090320650718056,13
Halpha,Halpha-187366-1,7,122,1.0,0.22156046330928802,0.221374049782753,0.7439202666282654,0.049047737034520145,6
Halpha,Halpha-187366-1,46,90,1.0,0.22138093411922455,0.221374049782753,1.8189009428024292,0.049007993930661575,13
Halpha,Halpha-187366-1,72,112,1.0,0.23612108826637268,-0.20610687136650085,-1.9164444208145142,0.04866617876623547,1
Halpha,Halpha-187366-1,34,44,1.0,0.20494088530540466,0.23664122819900513,1.477371096611023,0.0484974628068624,5
Halpha,Halpha-187366-1,4,62,1.0,0.2047729790210724,0.23664122819900513,0.850708544254303,0.04845772925751568,6
Halpha,Halpha-187366-1,3,17,1.0,0.21853840351104736,-0.221374049782753,-1.9157648086547852,0.04837873141829796,1
Halpha,Halpha-187366-1,32,78,1.0,0.20417290925979614,-0.23664122819900513,-0.9658895134925842,0.048315728012202186,3
Halpha,Halpha-187366-1,14,113,1.0,0.2031530737876892,0.23664122819900513,2.18654727935791,0.04807439289352189,13
Halpha,Halpha-187366-1,14,78,1.0,0.23246100544929504,0.20610687136650085,2.144064426422119,0.04791181054786531,13
Halpha,Halpha-187366-1,68,123,1.0,0.20216645300388336,0.23664122819900513,1.1656988859176636,0.04784091773947541,6
Halpha,Halpha-187366-1,35,97,1.0,0.20108865201473236,0.23664122819900513,1.0539846420288086,0.04758586558964861,6
Halpha,Halpha-187366-1,12,40,1.0,0.21421639621257782,-0.221374049782753,-0.8598459959030151,0.04742195115944514,3
Halpha,Halpha-187366-1,3,70,1.0,0.2138623297214508,0.221374049782753,1.4183403253555298,0.047343570026411985,5
Halpha,Halpha-187366-1,69,120,1.0,0.21363486349582672,-0.221374049782753,-1.6713002920150757,0.047293214906856784,7
Halpha,Halpha-187366-1,12,15,1.0,0.21248997747898102,0.221374049782753,2.253389835357666,0.047039766852768006,13
Halpha,Halpha-187366-1,8,15,1.0,0.2115846872329712,0.221374049782753,2.0382931232452393,0.046839359084779986,13
Halpha,Halpha-187366-1,33,111,1.0,0.226763054728508,0.20610687136650085,0.8672381043434143,0.04673742375160339,6
Halpha,Halpha-187366-1,61,66,1.0,0.21034222841262817,-0.221374049782753,-1.0023701190948486,0.04656431094403235,3
Halpha,Halpha-187366-1,25,99,1.0,0.20943360030651093,0.221374049782753,0.6765777468681335,0.04636316426043474,6
Halpha,Halpha-187366-1,36,104,1.0,0.2090131789445877,0.221374049782753,1.0194942951202393,0.04627009388093062,6
Halpha,Halpha-187366-1,96,99,1.0,0.2618478238582611,-0.17557251453399658,-0.47031858563423157,0.045973280860049925,9
Halpha,Halpha-187366-1,38,98,1.0,0.22293370962142944,-0.20610687136650085,-0.6847534775733948,0.04594816941220081,3
Halpha,Halpha-187366-1,21,57,1.0,0.2072259485721588,-0.221374049782753,-2.1031455993652344,0.045874447455491296,1
Halpha,Halpha-187366-1,75,121,1.0,0.2065739929676056,-0.221374049782753,-2.5164806842803955,0.045730121403032786,1
Halpha,Halpha-187366-1,11,102,1.0,0.20523883402347565,-0.221374049782753,-2.2805593013763428,0.045434551860467076,1
Halpha,Halpha-187366-1,39,64,0.9999999403953552,0.20439068973064423,0.221374049782753,2.0549824237823486,0.04524679202664373,2
Halpha,Halpha-187366-1,12,71,1.0,0.21642516553401947,0.20610687136650085,0.8239796757698059,0.044606713753193805,6
Halpha,Halpha-187366-1,51,113,1.0,0.2010527104139328,0.221374049782753,2.0253524780273438,0.04450785272413138,13
Halpha,Halpha-187366-1,35,45,1.0,0.2005901038646698,-0.221374049782753,-1.2365713119506836,0.044405443638865005,3
Halpha,Halpha-187366-1,40,49,1.0,0.21525467932224274,-0.20610687136650085,-0.6230604648590088,0.044365468502106875,3
Halpha,Halpha-187366-1,33,62,1.0,0.20011980831623077,0.221374049782753,1.0202231407165527,0.04430133240871226,6
Halpha,Halpha-187366-1,100,117,1.0,0.23154427111148834,0.19083969295024872,2.492204427719116,0.04418783760330558,13
Halpha,Halpha-187366-1,28,109,1.0,0.21384985744953156,-0.20610687136650085,-0.7193695902824402,0.044075925061095145,3
Halpha,Halpha-187366-1,67,120,1.0,0.21309000253677368,-0.20610687136650085,-1.2245675325393677,0.043919313742334154,3
Halpha,Halpha-187366-1,27,121,1.0,0.24975267052650452,-0.17557251453399658,-2.735543966293335,0.043849704375919174,12
Halpha,Halpha-187366-1,83,118,1.0,0.21016950905323029,-0.20610687136650085,-2.399892807006836,0.04331737996759477,1
Halpha,Halpha-187366-1,75,90,1.0,0.2097388654947281,-0.20610687136650085,-1.1459403038024902,0.04322862137107775,3
Halpha,Halpha-187366-1,9,84,1.0,0.20906001329421997,-0.20610687136650085,-1.0290781259536743,0.043088705267910754,3
Halpha,Halpha-187366-1,5,44,1.0,0.20764116942882538,0.20610687136650085,0.7523669004440308,0.04279627179785672,6
Halpha,Halpha-187366-1,54,105,1.0,0.20720955729484558,0.20610687136650085,1.0538095235824585,0.04270731357127833,6
Halpha,Halpha-187366-1,1,51,1.0,0.24310040473937988,-0.17557251453399658,-0.5921014547348022,0.042681749344325226,9
Halpha,Halpha-187366-1,62,95,1.0,0.206737220287323,0.20610687136650085,0.9361857175827026,0.04260996166842723,6
Halpha,Halpha-187366-1,1,100,1.0,0.20662392675876617,-0.20610687136650085,-0.7054531574249268,0.042586611093710314,3
Halpha,Halpha-187366-1,46,106,1.0,0.20579226315021515,-0.20610687136650085,-1.2754374742507935,0.04241519950932249,3
Halpha,Halpha-187366-1,71,119,1.0,0.24127578735351562,0.17557251453399658,1.3144880533218384,0.04236139668182659,6
Halpha,Halpha-187366-1,48,74,1.0,0.2051462084054947,-0.20610687136650085,-2.0114002227783203,0.04228204318715667,1
Halpha,Halpha-187366-1,40,102,1.0,0.2208576202392578,0.19083969295024872,0.6731672286987305,0.0421484004321826,6
Halpha,Halpha-187366-1,61,85,1.0,0.22034955024719238,0.19083969295024872,0.8589779138565063,0.042051440510899596,6
Halpha,Halpha-187366-1,36,79,1.0,0.21905171871185303,0.19083969295024872,2.138690233230591,0.04180376273919428,13
Halpha,Halpha-187366-1,58,71,1.0,0.202037051320076,-0.20610687136650085,-0.5668554902076721,0.041641224547694033,3
Halpha,Halpha-187366-1,32,84,1.0,0.21355433762073517,-0.19083969295024872,-2.3729031085968018,0.04075464421973485,1
Halpha,Halpha-187366-1,17,53,1.0,0.31189972162246704,-0.12977099418640137,-2.9408485889434814,0.040475536961409375,12
Halpha,Halpha-187366-1,12,28,1.0,0.2102842628955841,-0.19083969295024872,-0.4508034884929657,0.04013058416326265,9
Halpha,Halpha-187366-1,27,62,1.0,0.22829970717430115,-0.17557251453399658,-0.9420347213745117,0.04008315365596715,9
Halpha,Halpha-187366-1,18,123,1.0,0.24823744595050812,0.16030533611774445,2.7117369174957275,0.039793787210106624,12
Halpha,Halpha-187366-1,31,42,1.0,0.20737238228321075,0.19083969295024872,2.4031014442443848,0.03957488176128954,13
Halpha,Halpha-187366-1,14,94,1.0,0.20694957673549652,0.19083969295024872,2.179450273513794,0.03949419368038609,13
Halpha,Halpha-187366-1,100,113,1.0,0.22487640380859375,0.17557251453399658,2.011965751647949,0.03948211567603721,13
Halpha,Halpha-187366-1,93,94,1.0,0.224554643034935,0.17557251453399658,0.694381058216095,0.03942562332792754,4
Halpha,Halpha-187366-1,41,106,1.0,0.24528302252292633,-0.16030533611774445,-0.5615686178207397,0.03932017736951399,9
Halpha,Halpha-187366-1,93,112,1.0,0.22213535010814667,-0.17557251453399658,-0.6721453070640564,0.039000861985377,9
Halpha,Halpha-187366-1,33,114,1.0,0.267164945602417,0.1450381726026535,0.4262460470199585,0.03874911549366189,4
Halpha,Halpha-187366-1,75,100,1.0,0.22024554014205933,-0.17557251453399658,-2.631165027618408,0.03866906329763964,1
Halpha,Halpha-187366-1,1,120,1.0,0.21980997920036316,0.17557251453399658,2.3775665760040283,0.03859259076787325,13
Halpha,Halpha-187366-1,3,54,1.0,0.20037975907325745,-0.19083969295024872,-2.3615260124206543,0.038240411694985266,1
Halpha,Halpha-187366-1,37,112,1.0,0.23748764395713806,0.16030533611774445,2.4852488040924072,0.03807053658836024,12
Halpha,Halpha-187366-1,89,105,1.0,0.23731127381324768,-0.16030533611774445,-2.9238319396972656,0.038042263513162755,12
Halpha,Halpha-187366-1,29,37,1.0,0.2123878002166748,0.17557251453399658,0.8629390597343445,0.0372894601403857,6
Halpha,Halpha-187366-1,66,96,1.0,0.2864917516708374,0.12977099418640137,2.8326337337493896,0.037178319440528185,12
Halpha,Halpha-187366-1,52,107,1.0,0.21122564375400543,0.17557251453399658,0.7794217467308044,0.0370854174079529,6
Halpha,Halpha-187366-1,39,46,0.9999999403953552,0.21058297157287598,0.17557251453399658,0.811012327671051,0.03697257963335335,2
Halpha,Halpha-187366-1,93,98,1.0,0.2068747729063034,-0.17557251453399658,-0.7285243272781372,0.0363215240728092,9
Halpha,Halpha-187366-1,21,72,1.0,0.27417731285095215,0.12977099418640137,0.45432671904563904,0.03558026247202406,4
Halpha,Halpha-187366-1,49,64,1.0,0.22091521322727203,0.16030533611774445,0.337300568819046,0.03541388750992103,4
Halpha,Halpha-187366-1,5,113,1.0,0.21985943615436554,0.16030533611774445,2.573108434677124,0.03524464081138334,12
Halpha,Halpha-187366-1,36,105,1.0,0.21634884178638458,0.16030533611774445,0.4907701313495636,0.034681873801251095,4
Halpha,Halpha-187366-1,15,92,1.0,0.21492832899093628,0.16030533611774445,0.5209389925003052,0.0344541580201172,4
Halpha,Halpha-187366-1,27,118,1.0,0.2133939266204834,-0.16030533611774445,-0.44835489988327026,0.034208185132381885,9
Halpha,Halpha-187366-1,3,5,0.9999999403953552,0.21141739189624786,0.16030533611774445,0.5981921553611755,0.03389133404898387,2
Halpha,Halpha-187366-1,66,119,1.0,0.20861536264419556,0.16030533611774445,2.5412778854370117,0.03344215582800292,12
Halpha,Halpha-187366-1,20,22,1.0,0.20729604363441467,-0.16030533611774445,-0.9175729155540466,0.03323066195069346,9
Halpha,Halpha-187366-1,61,117,1.0,0.20683760941028595,-0.16030533611774445,-1.0744465589523315,0.03315717249830663,9
Halpha,Halpha-187366-1,12,122,1.0,0.20498284697532654,0.16030533611774445,0.4247100055217743,0.032859844182751896,4
Halpha,Halpha-187366-1,6,77,1.0,0.22628694772720337,0.1450381726026535,2.556844711303711,0.03282024538218575,12
Halpha,Halpha-187366-1,28,81,1.0,0.20388802886009216,0.16030533611774445,0.7088305354118347,0.032684338996801454,4
Halpha,Halpha-187366-1,68,110,1.0,0.20347611606121063,-0.16030533611774445,-2.4986844062805176,0.03261830717712555,1
Halpha,Halpha-187366-1,37,75,1.0,0.2032197266817093,-0.16030533611774445,-0.7477939128875732,0.03257720659146757,9
Halpha,Halpha-187366-1,20,113,1.0,0.20209108293056488,-0.16030533611774445,-0.6826618313789368,0.03239627897558317,9
Halpha,Halpha-187366-1,11,12,1.0,0.24854540824890137,0.12977099418640137,0.29679790139198303,0.032253984728924934,4
Halpha,Halpha-187366-1,51,64,1.0,0.2472866028547287,-0.12977099418640137,-0.7443558573722839,0.03209062830143594,9
Halpha,Halpha-187366-1,31,57,1.0,0.24700088798999786,-0.12977099418640137,-0.5104748606681824,0.03205355079938599,9
Halpha,Halpha-187366-1,29,71,1.0,0.23941056430339813,0.12977099418640137,2.7163889408111572,0.03106854694837935,12
Halpha,Halpha-187366-1,35,120,1.0,0.21386508643627167,0.1450381726026535,0.744269073009491,0.03101860132022538,4
Halpha,Halpha-187366-1,85,106,1.0,0.2125784456729889,0.1450381726026535,0.6813095211982727,0.030831989295122764,4
Halpha,Halpha-187366-1,124,125,1.0,0.26413798332214355,0.11450381577014923,0.1996123343706131,0.030244806980217476,4
Halpha,Halpha-187366-1,15,70,1.0,0.20799915492534637,-0.1450381726026535,-2.5354981422424316,0.030167817333268454,12
Halpha,Halpha-187366-1,37,87,1.0,0.20755766332149506,0.1450381726026535,2.702605962753296,0.030103784197826444,12
Halpha,Halpha-187366-1,79,99,1.0,0.2075325846672058,-0.1450381726026535,-0.5773451924324036,0.030100146835637,9
Halpha,Halpha-187366-1,10,45,1.0,0.23188523948192596,-0.12977099418640137,-0.6457213163375854,0.030091978064721303,9
Halpha,Halpha-187366-1,81,119,0.9999999403953552,0.20668868720531464,0.1450381726026535,0.5487982034683228,0.029977747703087174,2
Halpha,Halpha-187366-1,81,82,1.0,0.22961010038852692,-0.12977099418640137,-0.29822659492492676,0.02979673100265856,9
Halpha,Halpha-187366-1,3,30,1.0,0.2262227088212967,-0.12977099418640137,-0.5620376467704773,0.029357145831280462,9
Halpha,Halpha-187366-1,33,53,1.0,0.201994851231575,0.1450381726026535,0.8089105486869812,0.029296964097772493,4
Halpha,Halpha-187366-1,22,62,1.0,0.2524728775024414,0.11450381577014923,2.853956699371338,0.028909107852499005,12
Halpha,Halpha-187366-1,6,115,1.0,0.22105111181735992,0.12977099418640137,0.4174712598323822,0.028686022546548173,4
Halpha,Halpha-187366-1,27,109,1.0,0.24895316362380981,-0.11450381577014923,-0.24257422983646393,0.028506087182976536,9
Halpha,Halpha-187366-1,88,118,1.0,0.2162342220544815,-0.12977099418640137,-0.4422450065612793,0.028060929973133142,9
Halpha,Halpha-187366-1,111,113,1.0,0.21371236443519592,0.12977099418640137,2.3615541458129883,0.0277336660026819,12
Halpha,Halpha-187366-1,22,89,1.0,0.21255575120449066,-0.12977099418640137,-0.5962212085723877,0.027583571153844133,9
Halpha,Halpha-187366-1,94,106,1.0,0.23786291480064392,0.11450381577014923,0.22820372879505157,0.027236211374883634,4
Halpha,Halpha-187366-1,90,112,1.0,0.20843717455863953,-0.12977099418640137,-0.49776533246040344,0.027049099367879137,9
Halpha,Halpha-187366-1,5,34,1.0,0.20821771025657654,0.12977099418640137,2.756118059158325,0.027020619267211998,12
Halpha,Halpha-187366-1,59,65,1.0,0.235625222325325,0.11450381577014923,2.7648043632507324,0.02697998704793947,12
Halpha,Halpha-187366-1,98,111,1.0,0.20733165740966797,0.12977099418640137,0.4736001193523407,0.026905635308366982,4
Halpha,Halpha-187366-1,63,87,1.0,0.20169293880462646,0.12977099418640137,0.6074070930480957,0.026173893189053388,4
Halpha,Halpha-187366-1,29,119,0.9999999403953552,0.20149363577365875,-0.12977099418640137,-2.3871383666992188,0.02614802787803634,2
Halpha,Halpha-187366-1,40,75,1.0,0.20132064819335938,-0.12977099418640137,-0.9280850887298584,0.026125580666302994,9
Halpha,Halpha-187366-1,81,90,1.0,0.20119363069534302,0.12977099418640137,0.5011573433876038,0.026109097479306342,4
Halpha,Halpha-187366-1,74,106,1.0,0.21896390616893768,0.11450381577014923,0.48827609419822693,0.025072202772280283,4
Halpha,Halpha-187366-1,14,96,1.0,0.21731767058372498,0.11450381577014923,0.3256330192089081,0.024883702516116823,4
Halpha,Halpha-187366-1,7,36,1.0,0.21269287168979645,-0.11450381577014923,-2.7860641479492188,0.02435414539559244,12
Halpha,Halpha-187366-1,86,99,1.0,0.20875394344329834,-0.11450381577014923,-0.3664499521255493,0.023903123081323585,9
Halpha,Halpha-187366-1,35,122,1.0,0.2037162184715271,-0.11450381577014923,-0.2506338953971863,0.02332628434925521,9
Halpha,Halpha-187366-1,38,91,1.0,0.20211952924728394,0.11450381577014923,0.12091420590877533,0.02314345734048029,4
Halpha,Halpha-187366-1,85,111,1.0,0.20189020037651062,0.11450381577014923,0.6502065658569336,0.023117198309710485,4
Magnetics_A,Magnetics_A-187366-1,7,16,1.0,0.9945985078811646,-0.572519063949585,-0.01816052570939064,0.5694266067377782,11
Magnetics_A,Magnetics_A-187366-1,5,16,1.0,0.7000119090080261,-0.4427480697631836,-0.23391950130462646,0.3099289215245449,11
Magnetics_A,Magnetics_A-187366-1,5,7,1.0,0.6959100961685181,-0.4351145029067993,-0.22993440926074982,0.30280057556218765,11
Magnetics_A,Magnetics_A-187366-1,51,54,1.0,0.2283131629228592,0.290076345205307,1.7646628618240356,0.0662282478629268,5
Magnetics_A,Magnetics_A-187366-1,13,60,1.0,0.20234595239162445,0.2748091518878937,1.6949340105056763,0.055606519564690426,5
Magnetics_A,Magnetics_A-187366-1,17,47,1.0,0.2112138569355011,0.23664122819900513,1.2332097291946411,0.04998190651786594,6
Magnetics_A,Magnetics_A-187366-1,28,31,1.0,0.3389599025249481,0.13740457594394684,0.303917795419693,0.04657464166844205,4
Magnetics_A,Magnetics_A-187366-1,10,12,1.0,0.20593976974487305,-0.1984732747077942,-1.2252191305160522,0.04087354049383407,3
Magnetics_A,Magnetics_A-187366-1,8,9,1.0,0.20315133035182953,-0.16030533611774445,-0.6404446959495544,0.03256624229481697,9
Magnetics_A,Magnetics_A-187366-1,9,51,1.0,0.20237809419631958,0.15267175436019897,2.4383704662323,0.030897418685025713,12
Magnetics_A,Magnetics_A-187366-1,34,36,1.0,0.2167682647705078,-0.1221374124288559,-2.8535573482513428,0.026475514955762947,12
Magnetics_A,Magnetics_A-187366-1,18,32,1.0,0.21654997766017914,0.1221373975276947,0.35324400663375854,0.026448850706094706,4
Magnetics_A,Magnetics_A-187366-1,14,35,1.0,0.2034994661808014,-0.1221374049782753,-0.516446053981781,0.024854896713787378,9
Magnetics_A,Magnetics_A-187366-1,14,50,1.0,0.20256170630455017,-0.11450382322072983,-2.8433854579925537,0.023194089809985607,12
Magnetics_A,Magnetics_A-187366-1,25,28,1.0,0.20936760306358337,0.10687023401260376,2.7997963428497314,0.02237516473406309,12
