cluster,edges_n,score_mean,coh_mean,phase_stability_mean,phase_bias_abs_mean,phase_mean_rad,mapped_contact_score,mapped_gap_dist,mapped_drift_factor_used
0,22,0.08002802111713998,1.0,0.24503883313048969,0.3254684264009649,-1.2558217745580176,0.8258489579150914,2.0004949824557183,1.923742850478885
1,17,0.047476657995295435,1.0,0.21565427061389475,0.21957790763939128,-2.261542326846284,0.32526742056282354,10.066563836701041,3.3429887346685523
2,7,0.04420055457169563,0.9999999403953552,0.2168486544064113,0.1995637949023928,1.0942033693778281,0.27488683028855404,10.878366269965392,3.435326760278592
3,31,0.05147059120656207,1.0,0.22648018214010424,0.22703767928384966,-0.9208538695014198,0.3866869445162291,9.076886686753525,2.928057080934907
4,24,0.0309102651432501,1.0,0.2263756406803926,0.13676844661434492,0.4690230927024795,0.07050603403602314,14.17163510240794,3.4476707815460337
5,24,0.0609808803503461,1.0,0.22073729087909064,0.27608142606914043,1.6397827603245936,0.5329381212316276,6.72028346954248,2.8133763426654625
6,35,0.04937992723885769,1.0,0.22498946828501565,0.21962922768933432,0.8824933705049718,0.3545362852912046,9.594943010584602,3.0216020384620492
7,25,0.06237035612058521,1.0,0.2234268844127655,0.2781679433584213,-1.7217569396020302,0.5543057645643044,6.375978157592793,2.7234625947632454
8,16,0.06543186446260285,1.0,0.2296043373644352,0.284351147711277,1.1517333007926036,0.6013862676672768,5.617351337814887,2.513676721609513
9,27,0.032390623415488005,1.0,0.22025273243586221,0.14701724411160857,-0.595999963005324,0.09327128712159061,13.804809550183695,3.6439280326607646
10,17,0.08411385430406808,1.0,0.259606981102158,0.3246520038913278,1.9606479645624246,0.8886817385400241,0.988045467227702,1.578290822877812
11,3,0.39405203460817023,1.0,0.7968401710192362,0.48346054553985596,-0.16079244124977768,0.95,0.0,1.0
12,21,0.03181890725434737,1.0,0.23022411196004777,0.1381315883426439,2.9197020155549342,0.08447931875450064,13.94647802359243,3.2762869262498335
13,17,0.04692605672952229,1.0,0.22262859432136312,0.2105972170829773,2.1716286584934044,0.31680016138669825,10.203000142128154,3.157802457908397
