concept,category,x,y
tunneling,physics,1.2,1.8
tunneling_transport,physics,1.3,2.1
tunneling_flux,physics,1.1,1.9
tunneling_coupling,physics,1.4,2.0
tunneling_gradient,physics,1.2,2.2
tunneling_gate,physics,1.5,1.7
tunneling_seam,physics,1.0,2.3
tunneling_bridge,physics,1.6,1.9
tunneling_band,physics,1.1,2.4
tunneling_axis,physics,1.3,1.6
tunneling_sink,physics,1.7,2.5
diffraction,physics,2.2,2.8
... (1188 lines of generated data) ...
entrainment_band,systems,14.1,15.4
entrainment_axis,systems,14.3,14.6
entrainment_sink,systems,14.7,15.5
