u,v,gap,contact,drift,length_3d,azimuth_deg,elevation_deg,detune_1_32,detune_3_32,sh_w_gate_mean,sh_kappa_eff_mean,sh_in_band_both,contact_gated,drift_kappa_scaled
10,11,4.47213595499958,0.01142289099346694,0.02243270988286586,2.23606797749979,90.0,-26.56505117707799,1.0007576962236822,0.9938079899999066,0.465192872648538,0.03125,1,0.0053138474752019976,0.02243270988286586
10,12,4.47213595499958,0.01142289099346694,0.0,2.23606797749979,153.434948822922,0.0,1.0007576962236822,0.9938079899999066,0.40891144805692736,0.03125,1,0.004670950897135,0.0
10,13,4.898979485566356,0.007454186295369829,0.02034675593289348,2.449489742783178,-116.56505117707799,24.094842552110702,0.9985181117077923,1.0049188688341242,0.4243896722324498,0.030050479513149972,0,0.003163479678651621,0.0195657527142553
10,14,6.0,0.0024787521766663585,0.016442364091347694,3.0,135.0,-19.47122063449069,1.0,1.0,0.5638344239900959,0.03125,1,0.0013976058057448726,0.016442364091347694
10,A,3.4641016151377544,0.03130111324493289,0.029778817954326152,1.7320508075688772,-45.0,-35.264389682754654,0.998659925084758,0.998659925084758,0.6524717549225502,0.03125,1,0.02042309228995084,0.029778817954326152
10,B,3.4641016151377544,0.03130111324493289,0.029778817954326152,1.7320508075688772,135.0,-35.264389682754654,0.998659925084758,0.998659925084758,0.6028247768951013,0.03125,1,0.01886908660844497,0.029778817954326152
10,B_man,10.392304845413264,3.0667569021157886e-05,0.06266354613702155,5.196152422706632,-135.0,74.20683095173604,0.9986599250847581,0.9986599250847581,0.40863688377609186,0.03125,1,1.2531899837794171e-05,0.06266354613702155
10,C,3.4641016151377544,0.03130111324493289,0.029778817954326152,1.7320508075688772,-135.0,35.264389682754654,0.998659925084758,0.998659925084758,0.40863688377609186,0.03125,1,0.012790789375131931,0.029778817954326152
10,D,6.6332495807108,0.0013158800722894337,0.014818649407202384,3.3166247903554,-161.565051177078,-17.548400613792296,1.001245219729932,0.9965445379471624,0.4153679825047439,0.03125,1,0.0005465744508450586,0.014818649407202384
10,F,2.8284271247461903,0.059105746561956225,0.038,1.4142135623730951,-90.0,45.0,0.9946117361744845,1.0056629776875343,0.4705436639964063,0.03125,1,0.027811834550505878,0.038
10,F',4.898979485566356,0.007454186295369829,0.046221182045673846,2.449489742783178,-135.0,54.735610317245346,0.9985181117077923,1.0049188688341242,0.40863688377609186,0.03125,1,0.0030460554588263777,0.046221182045673846
10,F_prime,4.898979485566356,0.007454186295369829,0.046221182045673846,2.449489742783178,-135.0,54.735610317245346,0.9985181117077923,1.0049188688341242,0.40863688377609186,0.03125,1,0.0030460554588263777,0.046221182045673846
10,G,8.48528137423857,0.00020648529180236237,0.011512329879198303,4.242640687119285,104.03624346792648,-13.63302222536641,0.9982683969692435,0.9946117361744844,0.40863688377607515,0.03125,1,8.437750618771091e-05,0.011512329879198303
10,O,14.2828568570857,6.266630399721848e-07,0.06635496357687629,7.14142842854285,-135.0,-78.57824634103771,1.0001125151569856,1.0023057443568912,0.40863688377609186,0.03125,1,2.560776318318861e-07,0.06635496357687629
10,X,6.928203230275509,0.0009797596903721136,0.029778817954326152,3.4641016151377544,135.0,-35.264389682754654,0.998659925084758,0.998659925084758,0.5638344239900959,0.03125,1,0.0005524222406696754,0.029778817954326152
11,12,4.898979485566356,0.007454186295369829,0.02034675593289348,2.449489742783178,-153.434948822922,24.094842552110702,0.9985181117077923,1.0049188688341242,0.056830553153315075,0.03125,1,0.00042362553047372783,0.02034675593289348
11,13,9.16515138991168,0.00010462255590934219,0.021851427162476563,4.58257569495584,-104.03624346792648,25.87669006082751,1.000972165451105,0.9975674982216794,0.07230877732883746,0.030050479513149972,0,7.5651290988224725e-06,0.021012667656930904
11,14,4.0,0.01831563888873418,0.0,2.0,180.0,0.0,1.0,0.9922480620155039,0.2117535290864836,0.03125,1,0.003878401172163103,0.0
11,A,6.324555320336759,0.0017917628339095223,0.0,3.1622776601683795,-71.56505117707799,0.0,1.0019097537167143,1.006894379357096,0.30039086001893783,0.03125,1,0.0005382291786280507,0.0
11,B,2.8284271247461903,0.059105746561956225,0.0,1.4142135623730951,-135.0,0.0,0.9946117361744845,1.0056629776875343,0.250743881991489,0.03125,1,0.014820404340950008,0.0
11,B_man,13.564659966250536,1.2851180626993486e-06,0.05253178634440866,6.782329983125268,-108.43494882292202,62.208694355220786,1.0001592601843714,0.9978600434942924,0.056555988872479576,0.03125,1,7.268112285384687e-08,0.05253178634440866
11,C,7.483314773547883,0.0005623901265472419,0.027285294733824583,3.7416573867739413,-108.43494882292202,32.311533237423845,1.0019500952030638,0.9977753031397177,0.056555988872479576,0.03125,1,3.18065297389982e-05,0.027285294733824583
11,D,8.48528137423857,0.00020648529180236237,0.0,4.242640687119285,-135.0,0.0,0.9982683969692435,0.9946117361744844,0.06328708760113155,0.03125,1,1.3067852750641319e-05,0.0
11,F,7.211102550927978,0.000738342646156649,0.028449390355271817,3.605551275463989,-90.0,33.690067525979785,0.998940613115564,0.998940613115564,0.11846276909279396,0.03125,1,8.74661144030176e-05,0.028449390355271817
11,F',8.717797887081348,0.00016364716395955776,0.03672617189141102,4.358898943540674,-108.43494882292202,43.491519345092,0.999890797084599,0.999890797084599,0.056555988872479576,0.03125,1,9.255227183909589e-06,0.03672617189141102
11,F_prime,8.717797887081348,0.00016364716395955776,0.03672617189141102,4.358898943540674,-108.43494882292202,43.491519345092,0.999890797084599,0.999890797084599,0.056555988872479576,0.03125,1,9.255227183909589e-06,0.03672617189141102
11,G,4.47213595499958,0.01142289099346694,0.0,2.23606797749979,116.56505117707799,0.0,1.0007576962236822,0.9938079899999066,0.05655598887246284,0.03125,1,0.0006460328959178723,0.0
11,O,13.564659966250536,1.2851180626993486e-06,0.05253178634440866,6.782329983125268,-108.43494882292202,-62.208694355220786,1.0001592601843714,0.9978600434942924,0.056555988872479576,0.03125,1,7.268112285384687e-08,0.05253178634440866
11,X,4.47213595499958,0.01142289099346694,0.02243270988286586,2.23606797749979,180.0,-26.56505117707799,1.0007576962236822,0.9938079899999066,0.2117535290864836,0.03125,1,0.0024188374802368334,0.02243270988286586
12,13,6.6332495807108,0.0013158800722894337,0.014818649407202384,3.3166247903554,-71.56505117707799,17.548400613792296,1.001245219729932,0.9965445379471624,0.016027352737226858,0.030050479513149972,0,2.109007407847033e-05,0.01424984065355799
12,14,2.8284271247461903,0.059105746561956225,0.038,1.4142135623730951,90.0,-45.0,0.9946117361744845,1.0056629776875343,0.15547210449487298,0.03125,1,0.009189294805727938,0.038
12,A,7.483314773547883,0.0005623901265472419,0.013090036967635686,3.7416573867739413,-33.690067525979785,-15.501359566936996,1.0019500952030638,0.9977753031397177,0.24410943542732724,0.03125,1,0.00013728473628135036,0.013090036967635686
12,B,2.8284271247461903,0.059105746561956225,0.038,1.4142135623730951,0.0,-45.0,0.9946117361744845,1.0056629776875343,0.19446245739987839,0.03125,1,0.01149384872289242,0.038
12,B_man,10.954451150103322,1.7480035617870956e-05,0.055653244067106526,5.477225575051661,-63.43494882292201,65.90515744788931,0.9986964011490208,0.9986964011490208,0.00027456428086896565,0.03125,1,4.799393408984645e-09,0.055653244067106526
12,C,4.898979485566356,0.007454186295369829,0.02034675593289348,2.449489742783178,-63.43494882292201,24.094842552110702,0.9985181117077923,1.0049188688341242,0.00027456428086896565,0.03125,1,2.0466532996515165e-06,0.02034675593289348
12,D,4.898979485566356,0.007454186295369829,0.02034675593289348,2.449489742783178,-116.56505117707799,-24.094842552110702,0.9985181117077923,1.0049188688341242,0.007005663009520949,0.03125,1,5.222151719555041e-05,0.02034675593289348
12,F,6.0,0.0024787521766663585,0.016442364091347694,3.0,-45.0,19.47122063449069,1.0,1.0,0.062181344501183365,0.03125,1,0.00015413214303034898,0.016442364091347694
12,F',6.0,0.0024787521766663585,0.03530648813421304,3.0,-63.43494882292201,41.810314895778596,1.0,1.0,0.00027456428086896565,0.03125,1,6.80576808838782e-07,0.03530648813421304
12,F_prime,6.0,0.0024787521766663585,0.03530648813421304,3.0,-63.43494882292201,41.810314895778596,1.0,1.0,0.00027456428086896565,0.03125,1,6.80576808838782e-07,0.03530648813421304
12,G,6.6332495807108,0.0013158800722894337,0.014818649407202384,3.3166247903554,71.56505117707799,-17.548400613792296,1.001245219729932,0.9965445379471624,0.00027456428085223186,0.03125,1,3.6129366573593127e-07,0.014818649407202384
12,O,14.696938456699069,4.1419106633494667e-07,0.06104026779868044,7.3484692283495345,-63.43494882292201,-72.2845276563321,1.0006426183284474,0.9985181117077924,0.00027456428086896565,0.03125,1,1.1372207227060468e-10,0.06104026779868044
12,X,4.47213595499958,0.01142289099346694,0.05356729011713414,2.23606797749979,90.0,-63.43494882292201,1.0007576962236822,0.9938079899999066,0.15547210449487298,0.03125,1,0.0017759409021698355,0.05356729011713414
13,14,9.16515138991168,0.00010462255590934219,0.021851427162476563,4.58257569495584,104.03624346792648,-25.87669006082751,1.000972165451105,0.9975674982216794,0.17095032867039536,0.030050479513149972,0,1.7885260319038863e-05,0.021012667656930904
13,A,6.0,0.0024787521766663585,0.03530648813421304,3.0,26.56505117707799,-41.810314895778596,1.0,1.0,0.25958765960284963,0.030050479513149972,0,0.0006434534762762892,0.03395126074747013
13,B,7.211102550927978,0.000738342646156649,0.028449390355271817,3.605551275463989,90.0,-33.690067525979785,0.998940613115564,0.998940613115564,0.20994068157540077,0.030050479513149972,0,0.00015500815837031186,0.02735737030504647
13,B_man,8.246211251235321,0.00026225027784157744,0.06414717218263988,4.123105625617661,90.0,75.96375653207353,0.9995407577254934,0.9995407577254934,0.01575278845639136,0.030050479513149972,0,4.131173149468227e-06,0.06168490507202955
13,C,2.0,0.1353352832366127,0.0,1.0,90.0,0.0,1.0,1.0158730158730158,0.01575278845639136,0.030050479513149972,0,0.0021319080875121677,0.0
13,D,6.0,0.0024787521766663585,0.03530648813421304,3.0,153.434948822922,-41.810314895778596,1.0,1.0,0.022483887185043343,0.030050479513149972,0,5.573198429984703e-05,0.03395126074747013
13,F,2.8284271247461903,0.059105746561956225,0.0,1.4142135623730951,45.0,0.0,0.9946117361744845,1.0056629776875343,0.07765956867670576,0.030050479513149972,0,0.004590126784316205,0.0
13,F',2.8284271247461903,0.059105746561956225,0.038,1.4142135623730951,90.0,45.0,0.9946117361744845,1.0056629776875343,0.01575278845639136,0.030050479513149972,0,0.0009310803221475773,0.03654138308799036
13,F_prime,2.8284271247461903,0.059105746561956225,0.038,1.4142135623730951,90.0,45.0,0.9946117361744845,1.0056629776875343,0.01575278845639136,0.030050479513149972,0,0.0009310803221475773,0.03654138308799036
13,G,12.649110640673518,3.2104140529794826e-06,0.015567290117134142,6.324555320336759,90.0,-18.43494882292201,0.9994359024729693,0.9994359024729693,0.015752788456374626,0.030050479513149972,0,5.057297343395807e-08,0.01496974504768645
13,O,16.1245154965971,9.936007175425529e-08,0.06998331952759404,8.06225774829855,90.0,-82.8749836510982,0.9999699532773394,0.9999699532773394,0.01575278845639136,0.030050479513149972,0,1.5651981913566498e-09,0.06729703391123817
13,X,10.198039027185569,3.724328018294726e-05,0.030433687785589924,5.0990195135927845,104.03624346792648,-36.039893430303856,1.0010345057360068,0.9979732381343676,0.17095032867039536,0.030050479513149972,0,6.366750988038456e-06,0.02926550116193512
14,A,8.48528137423857,0.00020648529180236237,0.0,4.242640687119285,-45.0,0.0,0.9982683969692435,0.9946117361744844,0.3990324113604957,0.03125,1,8.239432389837226e-05,0.0
14,B,2.8284271247461903,0.059105746561956225,0.0,1.4142135623730951,-45.0,0.0,0.9946117361744845,1.0056629776875343,0.3493854333330469,0.03125,1,0.020650686875022323,0.0
14,B_man,13.564659966250536,1.2851180626993486e-06,0.05253178634440866,6.782329983125268,-71.56505117707799,62.208694355220786,1.0001592601843714,0.9978600434942924,0.15519754021403748,0.03125,1,1.994471622155681e-07,0.05253178634440866
14,C,7.483314773547883,0.0005623901265472419,0.027285294733824583,3.7416573867739413,-71.56505117707799,32.311533237423845,1.0019500952030638,0.9977753031397177,0.15519754021403748,0.03125,1,8.72815642807932e-05,0.027285294733824583
14,D,6.324555320336759,0.0017917628339095223,0.0,3.1622776601683795,-108.43494882292202,0.0,1.0019097537167143,1.006894379357096,0.16192863894268947,0.03125,1,0.0002901377170030651,0.0
14,F,8.246211251235321,0.00026225027784157744,0.024503363194107952,4.123105625617661,-56.309932474020215,29.017140624601524,0.9995407577254934,0.9995407577254934,0.21710432043435188,0.03125,1,5.693566835451564e-05,0.024503363194107952
14,F',8.717797887081348,0.00016364716395955776,0.03672617189141102,4.358898943540674,-71.56505117707799,43.491519345092,0.999890797084599,0.999890797084599,0.15519754021403748,0.03125,1,2.539763730952665e-05,0.03672617189141102
14,F_prime,8.717797887081348,0.00016364716395955776,0.03672617189141102,4.358898943540674,-71.56505117707799,43.491519345092,0.999890797084599,0.999890797084599,0.15519754021403748,0.03125,1,2.539763730952665e-05,0.03672617189141102
14,G,4.47213595499958,0.01142289099346694,0.0,2.23606797749979,63.43494882292201,0.0,1.0007576962236822,0.9938079899999066,0.15519754021402074,0.03125,1,0.0017728045843189608,0.0
14,O,13.564659966250536,1.2851180626993486e-06,0.05253178634440866,6.782329983125268,-71.56505117707799,-62.208694355220786,1.0001592601843714,0.9978600434942924,0.15519754021403748,0.03125,1,1.994471622155681e-07,0.05253178634440866
14,X,2.0,0.1353352832366127,0.076,1.0,0.0,-90.0,1.0,1.0158730158730158,0.3103950804280415,0.03125,1,0.042007406124980176,0.076
A,B,5.656854249492381,0.0034934892766462,0.0,2.8284271247461903,135.0,0.0,1.000106828639537,1.0056629776875343,0.43802276426550113,0.03125,1,0.0015302278298884545,0.0
A,B_man,12.649110640673518,3.2104140529794826e-06,0.06043270988286586,6.324555320336759,180.0,71.56505117707799,0.9994359024729693,0.9994359024729693,0.24383487114649174,0.03125,1,7.828108969351384e-07,0.06043270988286586
A,C,5.656854249492381,0.0034934892766462,0.038,2.8284271247461903,180.0,45.0,1.000106828639537,1.0056629776875343,0.24383487114649174,0.03125,1,0.0008518345076226768,0.038
A,D,8.0,0.00033546262790251185,0.0,4.0,180.0,0.0,1.0,1.003921568627451,0.25056596987514373,0.03125,1,8.405551871725733e-05,0.0
A,F,4.47213595499958,0.01142289099346694,0.05356729011713414,2.23606797749979,180.0,63.43494882292201,1.0007576962236822,0.9938079899999066,0.30574165136680614,0.03125,1,0.003492453555725599,0.05356729011713414
A,F',7.211102550927978,0.000738342646156649,0.04755060964472818,3.605551275463989,180.0,56.309932474020215,0.998940613115564,0.998940613115564,0.24383487114649174,0.03125,1,0.00018003368398756625,0.04755060964472818
A,F_prime,7.211102550927978,0.000738342646156649,0.04755060964472818,3.605551275463989,180.0,56.309932474020215,0.998940613115564,0.998940613115564,0.24383487114649174,0.03125,1,0.00018003368398756625,0.04755060964472818
A,G,10.770329614269007,2.1013833179524505e-05,0.0,5.385164807134504,111.80140948635182,0.0,0.9989870946568354,0.9989870946568354,0.243834871146475,0.03125,1,5.123905305622879e-06,0.0
A,O,12.649110640673518,3.2104140529794826e-06,0.06043270988286586,6.324555320336759,180.0,-71.56505117707799,0.9994359024729693,0.9994359024729693,0.24383487114649174,0.03125,1,7.828108969351384e-07,0.06043270988286586
A,X,8.717797887081348,0.00016364716395955776,0.011199593073679646,4.358898943540674,135.0,-13.262676008304846,0.999890797084599,0.999890797084599,0.3990324113604957,0.03125,1,6.530052244708874e-05,0.011199593073679646
B,B_man,12.649110640673518,3.2104140529794826e-06,0.06043270988286586,6.324555320336759,-90.0,71.56505117707799,0.9994359024729693,0.9994359024729693,0.1941878931190429,0.03125,1,6.23423540987853e-07,0.06043270988286586
B,C,5.656854249492381,0.0034934892766462,0.038,2.8284271247461903,-90.0,45.0,1.000106828639537,1.0056629776875343,0.1941878931190429,0.03125,1,0.0006783933222658948,0.038
B,D,5.656854249492381,0.0034934892766462,0.0,2.8284271247461903,-135.0,0.0,1.000106828639537,1.0056629776875343,0.20091899184769488,0.03125,1,0.0007019083434944873,0.0
B,F,6.0,0.0024787521766663585,0.03530648813421304,3.0,-63.43494882292201,41.810314895778596,1.0,1.0,0.25609467333935726,0.03125,1,0.0006347952289725918,0.03530648813421304
B,F',7.211102550927978,0.000738342646156649,0.04755060964472818,3.605551275463989,-90.0,56.309932474020215,0.998940613115564,0.998940613115564,0.1941878931190429,0.03125,1,0.00014337720285709867,0.04755060964472818
B,F_prime,7.211102550927978,0.000738342646156649,0.04755060964472818,3.605551275463989,-90.0,56.309932474020215,0.998940613115564,0.998940613115564,0.1941878931190429,0.03125,1,0.00014337720285709867,0.04755060964472818
B,G,6.0,0.0024787521766663585,0.0,3.0,90.0,0.0,1.0,1.0,0.19418789311902615,0.03125,1,0.00048134366275104026,0.0
B,O,12.649110640673518,3.2104140529794826e-06,0.06043270988286586,6.324555320336759,-90.0,-71.56505117707799,0.9994359024729693,0.9994359024729693,0.1941878931190429,0.03125,1,6.23423540987853e-07,0.06043270988286586
B,X,3.4641016151377544,0.03130111324493289,0.029778817954326152,1.7320508075688772,135.0,-35.264389682754654,0.998659925084758,0.998659925084758,0.3493854333330469,0.03125,1,0.010936153014887652,0.029778817954326152
B_man,C,8.0,0.00033546262790251185,0.076,4.0,0.0,-90.0,1.0,1.003921568627451,3.3467546230344445e-14,0.03125,1,1.1227111007880152e-17,0.076
B_man,D,12.649110640673518,3.2104140529794826e-06,0.06043270988286586,6.324555320336759,180.0,-71.56505117707799,0.9994359024729693,0.9994359024729693,0.006731098728685451,0.03125,1,2.1609613950564102e-08,0.06043270988286586
B_man,F,8.246211251235321,0.00026225027784157744,0.06414717218263988,4.123105625617661,0.0,-75.96375653207353,0.9995407577254934,0.9995407577254934,0.061906780220347866,0.03125,1,1.62350703130637e-05,0.06414717218263988
B_man,F',6.0,0.0024787521766663585,0.076,3.0,0.0,-90.0,1.0,1.0,3.3467546230344445e-14,0.03125,1,8.295775306614827e-17,0.076
B_man,F_prime,6.0,0.0024787521766663585,0.076,3.0,0.0,-90.0,1.0,1.0,3.3467546230344445e-14,0.03125,1,8.295775306614827e-17,0.076
B_man,G,15.620499351813308,1.644762997130726e-07,0.04238640663319829,7.810249675906654,90.0,-50.19442890773481,0.9997119585160517,0.9977165254651215,1.6733773484815097e-14,0.03125,1,2.7523091430191153e-21,0.04238640663319829
B_man,O,24.0,3.775134544279098e-11,0.076,12.0,0.0,-90.0,1.0,1.0,3.3467546230344445e-14,0.03125,1,1.2634448988643102e-24,0.076
B_man,X,15.362291495737216,2.1293231413813346e-07,0.05547049041652479,7.681145747868608,108.43494882292202,-65.68873865114777,0.9991734306170547,0.9991734306170547,0.15519754021403748,0.03125,1,3.304657138632103e-08,0.05547049041652479
C,D,5.656854249492381,0.0034934892766462,0.038,2.8284271247461903,180.0,-45.0,1.000106828639537,1.0056629776875343,0.006731098728685451,0.03125,1,2.3515021228709492e-05,0.038
C,F,2.0,0.1353352832366127,0.0,1.0,0.0,0.0,1.0,1.0158730158730158,0.061906780220347866,0.03125,1,0.008378171635387512,0.0
C,F',2.0,0.1353352832366127,0.076,1.0,0.0,90.0,1.0,1.0158730158730158,3.3467546230344445e-14,0.03125,1,4.529339848318095e-15,0.076
C,F_prime,2.0,0.1353352832366127,0.076,1.0,0.0,90.0,1.0,1.0158730158730158,3.3467546230344445e-14,0.03125,1,4.529339848318095e-15,0.076
C,G,10.770329614269007,2.1013833179524505e-05,0.018410079121808195,5.385164807134504,90.0,-21.80140948635181,0.9989870946568354,0.9989870946568354,1.6733773484815097e-14,0.03125,1,3.516407244738549e-19,0.018410079121808195
C,O,16.0,1.1253517471925912e-07,0.076,8.0,0.0,-90.0,1.0,0.9980506822612085,3.3467546230344445e-14,0.03125,1,3.7662761624566936e-21,0.076
C,X,8.717797887081348,0.00016364716395955776,0.03672617189141102,4.358898943540674,108.43494882292202,-43.491519345092,0.999890797084599,0.999890797084599,0.15519754021403748,0.03125,1,2.539763730952665e-05,0.03672617189141102
D,F,7.211102550927978,0.000738342646156649,0.028449390355271817,3.605551275463989,0.0,33.690067525979785,0.998940613115564,0.998940613115564,0.06863787894899985,0.03125,1,5.0678273169784304e-05,0.028449390355271817
D,F',7.211102550927978,0.000738342646156649,0.04755060964472818,3.605551275463989,0.0,56.309932474020215,0.998940613115564,0.998940613115564,0.006731098728685451,0.03125,1,4.9698572468792725e-06,0.04755060964472818
D,F_prime,7.211102550927978,0.000738342646156649,0.04755060964472818,3.605551275463989,0.0,56.309932474020215,0.998940613115564,0.998940613115564,0.006731098728685451,0.03125,1,4.9698572468792725e-06,0.04755060964472818
D,G,10.770329614269007,2.1013833179524505e-05,0.0,5.385164807134504,68.19859051364818,0.0,0.9989870946568354,0.9989870946568354,0.006731098728668717,0.03125,1,1.414461857991539e-07,0.0
D,O,12.649110640673518,3.2104140529794826e-06,0.06043270988286586,6.324555320336759,0.0,-71.56505117707799,0.9994359024729693,0.9994359024729693,0.006731098728685451,0.03125,1,2.1609613950564102e-08,0.06043270988286586
D,X,6.6332495807108,0.0013158800722894337,0.014818649407202384,3.3166247903554,71.56505117707799,-17.548400613792296,1.001245219729932,0.9965445379471624,0.16192863894268947,0.03125,1,0.00021307866911763582,0.014818649407202384
F,F',2.8284271247461903,0.059105746561956225,0.038,1.4142135623730951,180.0,45.0,0.9946117361744845,1.0056629776875343,0.061906780220347866,0.03125,1,0.0036590464621706056,0.038
F,F_prime,2.8284271247461903,0.059105746561956225,0.038,1.4142135623730951,180.0,45.0,0.9946117361744845,1.0056629776875343,0.061906780220347866,0.03125,1,0.0036590464621706056,0.038
F,G,10.954451150103322,1.7480035617870956e-05,0.01808522518345062,5.477225575051661,101.30993247402021,-21.416714033033628,0.9986964011490208,0.9986964011490208,0.06190678022033113,0.03125,1,1.0821327232390973e-06,0.01808522518345062
F,O,16.1245154965971,9.936007175425529e-08,0.06998331952759404,8.06225774829855,180.0,-82.8749836510982,0.9999699532773394,0.9999699532773394,0.061906780220347866,0.03125,1,6.151062124768676e-09,0.06998331952759404
F,X,9.38083151964686,8.432505543271823e-05,0.0335769343948576,4.69041575982343,123.69006752597979,-39.76215915180505,1.0006220287623317,1.0006220287623317,0.21710432043435188,0.03125,1,1.8307333855309344e-05,0.0335769343948576
F',F_prime,0.0,1.0,0.0,0.0,0.0,0.0,0.0,0.0,3.3467546230344445e-14,0.03125,1,3.3467546230344445e-14,0.0
F',G,11.661903789690601,8.615877898528333e-06,0.02614717218263986,5.830951894845301,90.0,-30.96375653207352,1.0004850436195691,1.0031745195432775,1.6733773484815097e-14,0.03125,1,1.4417614912679784e-19,0.02614717218263986
F',O,18.0,1.522997974471263e-08,0.076,9.0,0.0,-90.0,1.0,1.0,3.3467546230344445e-14,0.03125,1,5.097100511933794e-22,0.076
F',X,10.198039027185569,3.724328018294726e-05,0.04363344249210392,5.0990195135927845,108.43494882292202,-51.67118189854412,1.0010345057360068,0.9979732381343676,0.15519754021403748,0.03125,1,5.7800654738956225e-06,0.04363344249210392
F_prime,G,11.661903789690601,8.615877898528333e-06,0.02614717218263986,5.830951894845301,90.0,-30.96375653207352,1.0004850436195691,1.0031745195432775,1.6733773484815097e-14,0.03125,1,1.4417614912679784e-19,0.02614717218263986
F_prime,O,18.0,1.522997974471263e-08,0.076,9.0,0.0,-90.0,1.0,1.0,3.3467546230344445e-14,0.03125,1,5.097100511933794e-22,0.076
F_prime,X,10.198039027185569,3.724328018294726e-05,0.04363344249210392,5.0990195135927845,108.43494882292202,-51.67118189854412,1.0010345057360068,0.9979732381343676,0.15519754021403748,0.03125,1,5.7800654738956225e-06,0.04363344249210392
G,O,15.620499351813308,1.644762997130726e-07,0.04238640663319829,7.810249675906654,-90.0,-50.19442890773481,0.9997119585160517,0.9977165254651215,1.6733773484815097e-14,0.03125,1,2.7523091430191153e-21,0.04238640663319829
G,X,4.898979485566356,0.007454186295369829,0.02034675593289348,2.449489742783178,-116.56505117707799,-24.094842552110702,0.9985181117077923,1.0049188688341242,0.15519754021402074,0.03125,1,0.0011568713773384613,0.02034675593289348
O,X,11.832159566199232,7.267054067629791e-06,0.04871470526617542,5.916079783099616,108.43494882292202,57.688466762576155,0.9990213881751331,1.001664301900464,0.15519754021403748,0.03125,1,1.127828915898559e-06,0.04871470526617542
