source_id,source_name,target_id,target_name,type,status,score,gap,seam_step,seam_mechanism,length_3d,azimuth_deg,elevation_deg,raw_source,raw_target
B,sheet_id:2,D,sheet_id:4,Direct,APPLIED,1.0,0.0,1.0,Lane A local seam substrate,2.8284271247461903,-135.0,0.0,B,D
11,sheet_id:11,B,sheet_id:2,Direct,APPLIED,1.0,0.0,2.0,Lane B deprojection,1.4142135623730951,-135.0,0.0,11,B
14,sheet_id:14,B,sheet_id:2,Direct,APPLIED,1.0,0.0,3.0,Lane B deprojection,1.4142135623730951,-45.0,0.0,14,B
13,sheet_id:13,C,sheet_id:3,Relay,APPLIED,1.0,0.0,4.0,Lane C relay 13→3→2,1.0,90.0,0.0,13,C
10,sheet_id:10,B,sheet_id:2,Direct,APPLIED,1.0,0.0,5.0,Stage 2 deprojection,1.7320508075688772,135.0,-35.264389682754654,10,B
12,sheet_id:12,B,sheet_id:2,Direct,APPLIED,1.0,0.0,6.0,Stage 2 deprojection,1.4142135623730951,0.0,-45.0,12,B
10,sheet_id:10,A,sheet_id:1,Direct,APPLIED,1.0,0.0,7.0,A-D activation,1.7320508075688772,-45.0,-35.264389682754654,10,A
F,flash_bridge,C,sheet_id:3,Direct,APPLIED,1.0,0.0,8.0,A-B flash bridge,1.0,180.0,0.0,F,C
F_prime,flash:center_in,C,sheet_id:3,Direct,APPLIED,1.0,0.0,9.0,Flash complement; MAX INTERNAL,1.0,0.0,-90.0,F_prime,C
G,gateway_peak,X,mediator:synthetic_alpha,Direct,APPLIED,1.0,0.0,10.0,Add mediator X; link G↔X,2.449489742783178,-116.565051177078,-24.094842552110705,G,X
X,mediator:synthetic_alpha,D,sheet_id:4,Direct,APPLIED,1.0,0.0,11.0,Relay X→D; FULL CLOSURE,3.3166247903554,-108.43494882292202,17.548400613792296,X,D
A,sheet_id:1,10,sheet_id:10,saddle_candidate,CANDIDATE/BLOCKED,0.8,,7.0,A-D activation,1.7320508075688772,135.0,35.264389682754654,sheet_id:1,sheet_id:10
10,sheet_id:10,C,sheet_id:3,saddle_candidate,CANDIDATE/BLOCKED,0.8,,,,1.7320508075688772,-135.0,35.264389682754654,sheet_id:10,sheet_id:3
10,sheet_id:10,D,sheet_id:4,saddle_candidate,CANDIDATE/BLOCKED,0.8,,,,3.3166247903554,-161.565051177078,-17.548400613792296,sheet_id:10,sheet_id:4
A,sheet_id:1,11,sheet_id:11,saddle_candidate,CANDIDATE/BLOCKED,0.8,,,,3.1622776601683795,108.43494882292202,0.0,sheet_id:1,sheet_id:11
11,sheet_id:11,C,sheet_id:3,saddle_candidate,CANDIDATE/BLOCKED,0.8,,,,3.741657386773941,-108.43494882292202,32.311533237423845,sheet_id:11,sheet_id:3
11,sheet_id:11,D,sheet_id:4,saddle_candidate,CANDIDATE/BLOCKED,0.8,,,,4.242640687119285,-135.0,0.0,sheet_id:11,sheet_id:4
A,sheet_id:1,12,sheet_id:12,saddle_candidate,CANDIDATE/BLOCKED,0.8,,,,3.741657386773941,146.30993247402023,15.501359566936996,sheet_id:1,sheet_id:12
12,sheet_id:12,C,sheet_id:3,saddle_candidate,CANDIDATE/BLOCKED,0.8,,,,2.449489742783178,-63.43494882292201,24.094842552110705,sheet_id:12,sheet_id:3
12,sheet_id:12,D,sheet_id:4,saddle_candidate,CANDIDATE/BLOCKED,0.8,,,,2.449489742783178,-116.565051177078,-24.094842552110705,sheet_id:12,sheet_id:4
A,sheet_id:1,13,sheet_id:13,saddle_candidate,CANDIDATE/BLOCKED,0.8,,,,3.0,-153.434948822922,41.8103148957786,sheet_id:1,sheet_id:13
13,sheet_id:13,C,sheet_id:3,saddle_candidate,CANDIDATE/BLOCKED,0.8,,4.0,Lane C relay 13→3→2,1.0,90.0,0.0,sheet_id:13,sheet_id:3
13,sheet_id:13,D,sheet_id:4,saddle_candidate,CANDIDATE/BLOCKED,0.8,,,,3.0,153.434948822922,-41.8103148957786,sheet_id:13,sheet_id:4
A,sheet_id:1,14,sheet_id:14,saddle_candidate,CANDIDATE/BLOCKED,0.8,,,,4.242640687119285,135.0,0.0,sheet_id:1,sheet_id:14
14,sheet_id:14,C,sheet_id:3,saddle_candidate,CANDIDATE/BLOCKED,0.8,,,,3.741657386773941,-71.56505117707799,32.311533237423845,sheet_id:14,sheet_id:3
14,sheet_id:14,D,sheet_id:4,saddle_candidate,CANDIDATE/BLOCKED,0.8,,,,3.1622776601683795,-108.43494882292202,0.0,sheet_id:14,sheet_id:4
10,sheet_id:10,14,sheet_id:14,saddle_candidate,CANDIDATE/BLOCKED,0.8,,,,3.0,135.0,-19.47122063449069,sheet_id:10,sheet_id:14
13,sheet_id:13,14,sheet_id:14,saddle_candidate,CANDIDATE/BLOCKED,0.8,,,,4.58257569495584,104.03624346792648,-25.87669006082751,sheet_id:13,sheet_id:14
10,sheet_id:10,13,sheet_id:13,saddle_candidate,CANDIDATE/BLOCKED,0.8,,,,2.449489742783178,-116.565051177078,24.094842552110705,sheet_id:10,sheet_id:13
C,sheet_id:3,D,sheet_id:4,contact_candidate,CANDIDATE/BLOCKED,0.0571428571428571,,,,2.8284271247461903,180.0,-45.0,sheet_id:3,sheet_id:4
14,sheet_id:14,C,sheet_id:3,contact_candidate,CANDIDATE/BLOCKED,0.0571428571428571,,,,3.741657386773941,-71.56505117707799,32.311533237423845,sheet_id:14,sheet_id:3
12,sheet_id:12,D,sheet_id:4,contact_candidate,CANDIDATE/BLOCKED,0.0571428571428571,,,,2.449489742783178,-116.565051177078,-24.094842552110705,sheet_id:12,sheet_id:4
A,sheet_id:1,C,sheet_id:3,contact_candidate,CANDIDATE/BLOCKED,0.05,,,,2.8284271247461903,180.0,45.0,sheet_id:1,sheet_id:3
A,sheet_id:1,D,sheet_id:4,contact_candidate,CANDIDATE/BLOCKED,0.05,,,,4.0,180.0,0.0,sheet_id:1,sheet_id:4
A,sheet_id:1,12,sheet_id:12,contact_candidate,CANDIDATE/BLOCKED,0.05,,,,3.741657386773941,146.30993247402023,15.501359566936996,sheet_id:1,sheet_id:12
A,sheet_id:1,14,sheet_id:14,contact_candidate,CANDIDATE/BLOCKED,0.05,,,,4.242640687119285,135.0,0.0,sheet_id:1,sheet_id:14
12,sheet_id:12,C,sheet_id:3,contact_candidate,CANDIDATE/BLOCKED,0.05,,,,2.449489742783178,-63.43494882292201,24.094842552110705,sheet_id:12,sheet_id:3
14,sheet_id:14,D,sheet_id:4,contact_candidate,CANDIDATE/BLOCKED,0.05,,,,3.1622776601683795,-108.43494882292202,0.0,sheet_id:14,sheet_id:4
10,sheet_id:10,D,sheet_id:4,contact_candidate,CANDIDATE/BLOCKED,0.05,,,,3.3166247903554,-161.565051177078,-17.548400613792296,sheet_id:10,sheet_id:4
O,core_center,B_man,right_branch,Direct,APPLIED,0.95,,,,12.0,0.0,90.0,core_center,right_branch
G,gateway_peak,B,sheet_id:2,tunnel_blocked,CANDIDATE/BLOCKED,0.99,,,,3.0,-90.0,0.0,gateway_peak,sheet_id:2
10,sheet_id:10,B,sheet_id:2,projection_overlap,CANDIDATE/BLOCKED,0.9,,5.0,Stage 2 deprojection,1.7320508075688772,135.0,-35.264389682754654,sheet_id:10,sheet_id:2
11,sheet_id:11,B,sheet_id:2,projection_overlap,CANDIDATE/BLOCKED,0.9,,2.0,Lane B deprojection,1.4142135623730951,-135.0,0.0,sheet_id:11,sheet_id:2
14,sheet_id:14,B,sheet_id:2,projection_overlap,CANDIDATE/BLOCKED,0.9,,3.0,Lane B deprojection,1.4142135623730951,-45.0,0.0,sheet_id:14,sheet_id:2
10,sheet_id:10,B,sheet_id:2,saddle_candidate,CANDIDATE/BLOCKED,0.8,,5.0,Stage 2 deprojection,1.7320508075688772,135.0,-35.264389682754654,sheet_id:10,sheet_id:2
11,sheet_id:11,B,sheet_id:2,saddle_candidate,CANDIDATE/BLOCKED,0.8,,2.0,Lane B deprojection,1.4142135623730951,-135.0,0.0,sheet_id:11,sheet_id:2
12,sheet_id:12,B,sheet_id:2,saddle_candidate,CANDIDATE/BLOCKED,0.8,,6.0,Stage 2 deprojection,1.4142135623730951,0.0,-45.0,sheet_id:12,sheet_id:2
13,sheet_id:13,B,sheet_id:2,saddle_candidate,CANDIDATE/BLOCKED,0.8,,,,3.605551275463989,90.0,-33.690067525979785,sheet_id:13,sheet_id:2
14,sheet_id:14,B,sheet_id:2,saddle_candidate,CANDIDATE/BLOCKED,0.8,,3.0,Lane B deprojection,1.4142135623730951,-45.0,0.0,sheet_id:14,sheet_id:2
A,sheet_id:1,B,sheet_id:2,contact_candidate,CANDIDATE/BLOCKED,0.05,,,,2.8284271247461903,135.0,0.0,sheet_id:1,sheet_id:2
B,sheet_id:2,C,sheet_id:3,Direct,APPLIED,0.05,,,,2.8284271247461903,-90.0,45.0,sheet_id:2,sheet_id:3
B,sheet_id:2,D,sheet_id:4,contact_candidate,CANDIDATE/BLOCKED,0.05,,1.0,Lane A local seam substrate,2.8284271247461903,-135.0,0.0,sheet_id:2,sheet_id:4
12,sheet_id:12,B,sheet_id:2,contact_candidate,CANDIDATE/BLOCKED,0.05,,6.0,Stage 2 deprojection,1.4142135623730951,0.0,-45.0,sheet_id:12,sheet_id:2
14,sheet_id:14,B,sheet_id:2,contact_candidate,CANDIDATE/BLOCKED,0.05,,3.0,Lane B deprojection,1.4142135623730951,-45.0,0.0,sheet_id:14,sheet_id:2
A,sheet_id:1,10,sheet_id:10,projection_overlap,CANDIDATE/BLOCKED,0.9,,7.0,A-D activation,1.7320508075688772,135.0,35.264389682754654,sheet_id:1,sheet_id:10
A,sheet_id:1,11,sheet_id:11,projection_overlap,CANDIDATE/BLOCKED,0.9,,,,3.1622776601683795,108.43494882292202,0.0,sheet_id:1,sheet_id:11
11,sheet_id:11,C,sheet_id:3,projection_overlap,CANDIDATE/BLOCKED,0.9,,,,3.741657386773941,-108.43494882292202,32.311533237423845,sheet_id:11,sheet_id:3
11,sheet_id:11,D,sheet_id:4,projection_overlap,CANDIDATE/BLOCKED,0.9,,,,4.242640687119285,-135.0,0.0,sheet_id:11,sheet_id:4
A,sheet_id:1,12,sheet_id:12,projection_overlap,CANDIDATE/BLOCKED,0.9,,,,3.741657386773941,146.30993247402023,15.501359566936996,sheet_id:1,sheet_id:12
A,sheet_id:1,13,sheet_id:13,projection_overlap,CANDIDATE/BLOCKED,0.9,,,,3.0,-153.434948822922,41.8103148957786,sheet_id:1,sheet_id:13
A,sheet_id:1,14,sheet_id:14,projection_overlap,CANDIDATE/BLOCKED,0.9,,,,4.242640687119285,135.0,0.0,sheet_id:1,sheet_id:14
14,sheet_id:14,C,sheet_id:3,projection_overlap,CANDIDATE/BLOCKED,0.9,,,,3.741657386773941,-71.56505117707799,32.311533237423845,sheet_id:14,sheet_id:3
14,sheet_id:14,D,sheet_id:4,projection_overlap,CANDIDATE/BLOCKED,0.9,,,,3.1622776601683795,-108.43494882292202,0.0,sheet_id:14,sheet_id:4
F_prime,flash:center_in,F,flash_bridge,flash_transition,CANDIDATE/BLOCKED,0.102,,,,1.4142135623730951,0.0,-45.0,flash:center_in,flash_bridge
O,core_center,C,sheet_id:3,calculated_missing_vector,STRUCTURAL_LINK,0.0459,3.7229,,,8.0,0.0,90.0,core_center,3
B_man,right_branch,F,flash_bridge,Direct,APPLIED,0.0121,7.4297,,,4.123105625617661,0.0,-75.96375653207353,right_branch,flash_bridge
O,core_center,X,mediator:synthetic_alpha,Direct,APPLIED,0.0115,7.6274,,,5.916079783099616,108.43494882292202,57.68846676257616,core_center,mediator:synthetic_alpha
O,core_center,F_prime,flash:center_in,calculated_missing_vector,STRUCTURAL_LINK,0.0112,7.7385,,,9.0,0.0,90.0,core_center,flash:center_in
O,core_center,12,sheet_id:12,calculated_missing_vector,STRUCTURAL_LINK,0.0111,7.7725,,,7.3484692283495345,116.565051177078,72.2845276563321,core_center,12
O,core_center,D,sheet_id:4,calculated_missing_vector,STRUCTURAL_LINK,0.0108,7.8725,,,6.324555320336759,180.0,71.56505117707799,core_center,4
O,core_center,A,sheet_id:1,calculated_missing_vector,STRUCTURAL_LINK,0.0102,8.1246,,,6.324555320336759,0.0,71.56505117707799,core_center,1
O,core_center,G,gateway_peak,calculated_missing_vector,STRUCTURAL_LINK,0.0102,8.1132,,,7.810249675906654,90.0,50.19442890773481,core_center,gateway_peak
B_man,right_branch,12,sheet_id:12,calculated_missing_vector,STRUCTURAL_LINK,0.0084,8.9504,,,5.477225575051661,116.565051177078,-65.90515744788931,right_branch,12
O,core_center,B,sheet_id:2,calculated_missing_vector,STRUCTURAL_LINK,0.0069,9.8624,,,6.324555320336759,90.0,71.56505117707799,core_center,2
O,core_center,F,flash_bridge,calculated_missing_vector,STRUCTURAL_LINK,0.0064,10.2453,,,8.06225774829855,0.0,82.8749836510982,core_center,flash_bridge
O,core_center,11,sheet_id:11,calculated_missing_vector,STRUCTURAL_LINK,0.0062,10.4586,,,6.782329983125268,71.56505117707799,62.20869435522079,core_center,11
B_man,right_branch,F_prime,flash:center_in,calculated_missing_vector,STRUCTURAL_LINK,0.0052,11.3666,,,3.0,0.0,-90.0,right_branch,flash:center_in
B_man,right_branch,D,sheet_id:4,calculated_missing_vector,STRUCTURAL_LINK,0.004,12.949,,,6.324555320336759,180.0,-71.56505117707799,right_branch,4
O,core_center,13,sheet_id:13,calculated_missing_vector,STRUCTURAL_LINK,0.0037,13.5561,,,8.06225774829855,-90.0,82.8749836510982,core_center,13
B_man,right_branch,10,sheet_id:10,calculated_missing_vector,STRUCTURAL_LINK,0.0032,14.5514,,,5.196152422706632,45.0,-74.20683095173604,right_branch,10
B_man,right_branch,X,mediator:synthetic_alpha,calculated_missing_vector,STRUCTURAL_LINK,0.0029,15.2755,,,7.681145747868608,108.43494882292202,-65.68873865114777,right_branch,mediator:synthetic_alpha
B_man,right_branch,B,sheet_id:2,calculated_missing_vector,STRUCTURAL_LINK,0.0027,15.9966,,,6.324555320336759,90.0,-71.56505117707799,right_branch,2
B_man,right_branch,A,sheet_id:1,calculated_missing_vector,STRUCTURAL_LINK,0.0025,16.4604,,,6.324555320336759,0.0,-71.56505117707799,right_branch,1
O,core_center,14,sheet_id:14,calculated_missing_vector,STRUCTURAL_LINK,0.0024,16.9369,,,6.782329983125268,108.43494882292202,62.20869435522079,core_center,14
B_man,right_branch,C,sheet_id:3,calculated_missing_vector,STRUCTURAL_LINK,0.0024,16.7822,,,4.0,0.0,-90.0,right_branch,3
O,core_center,10,sheet_id:10,calculated_missing_vector,STRUCTURAL_LINK,0.0022,17.5448,,,7.14142842854285,45.0,78.57824634103771,core_center,10
B_man,right_branch,G,gateway_peak,calculated_missing_vector,STRUCTURAL_LINK,0.0022,17.5256,,,7.810249675906654,90.0,-50.19442890773481,right_branch,gateway_peak
B_man,right_branch,11,sheet_id:11,calculated_missing_vector,STRUCTURAL_LINK,0.0015,21.4443,,,6.782329983125268,71.56505117707799,-62.20869435522079,right_branch,11
B_man,right_branch,14,sheet_id:14,calculated_missing_vector,STRUCTURAL_LINK,0.0013,22.6194,,,6.782329983125268,108.43494882292202,-62.20869435522079,right_branch,14
B_man,right_branch,13,sheet_id:13,calculated_missing_vector,STRUCTURAL_LINK,0.0008,28.7286,,,4.123105625617661,-90.0,-75.96375653207353,right_branch,13
F',flash:center_in,C,sheet_id:3,seam_only,active,,,,,,,,,
