ID,Node Name,Location/Description
1,FEMALE GABA-A,RIGHT OCCIPITALIS 안쪽 STRIP 상단
2,MALE GABA-B,LEFT OCCIPITALIS 안쪽 STRIP 상단
3,EXTRAVERTED WOMAN FEMALE VASOPRESSIN,귀뒤
4,LEFT D2,LEFT FRONTALIS OUTER STRIP 하단
5,RIGHT D2,RIGHT FRONTALIS OUTER STRIP 하단
6,GABA-A 발현지,눈두덩이 위 바깥쪽
7,RIGHT CORTISOL 발현지,눈두덩이 위쪽 안쪽
8,GABA-B 발현지,왼쪽눈두덩이 안쪽
9,GABA-B 발현지,왼쪽 눈두덩이 바깥쪽
10,GLUCOCORTICOID 발현지,왼쪽 눈두덩이 바깥쪽
11,LEFT ESTROGEN ACTUAL SWITCH (별개 버튼),LEFT TEMPORALIS 중간 VERTICAL STRIP 정중앙
12,5HT1A SWTICH,LEFT TEMPORALIS 중간 VERTICAL STRIP 하단
13,RIGHT ACETYLCHOLINE SWITCH,RIGHT TEMPORALIS 앞쪽 VERTICAL STRIP 중앙
14,5HT1B SYNCHROTRON SWITCH,RIGHT TEMPORALIS 중간 STRIP 하단
15,MALE LEFT EXTRAVERSION,LEFT PROCERUS TOP PART
16,GLUCOCORTICOID BUTTON,LEFT PROCERUS BOTTOM
17,RIGHT CORTISOL BUTTON,RIGHT PROCERUS BOTTOM
18,RIGHT ANDROGEN SWITCH,RIGHT LEVATOR SUPERIORIS INNER STRIP TOP PART
19,RIGHT EPINEPHRINE 스위치,RIGHT LEVATOR SUPERIORIS INNERSTRIP 최하단 약간위
20,B TYPE MUSCLE,N/A
21,A TYPE MUSCLE,N/A
22,RIGHT LOVE,N/A
23,MALE RIGHT OXYTOCIN,RIGHT OCCIPITALIS OUTER STRIP 상단
24,LEFT EPINEPHRINE SWITCH,LEFT LEVATOR SUPERIORIS INNER STRIP 최하단 약간 위
25,LEFT ENDORPHIN 스위치,LEFT LEVATOR SUPERIORIS INNER STRIP 최하단
26,LEFT SELF SATISFACTION,ORBICULARIS ORIS LEFT OUTER EDGE
27,RIGHT SELF SATISFACTION,ORBICULARIS ORIS RIGHT OUTER EDGE
28,RIGHT COSMIC RAY SENSOR BUTTON,LEFT TRAPEZIUS 최상단 뒷목부분 (introverted female)
29,LEFT COSMIC RAY SENSOR BUTTON,LEFT TRAPEZIUS 목부분 (extraverted female)
30,LEFT EXCITATORY DOPAMINE SWITCH,DEPRESSOR LABII INFERIORIS
31,RIGHT EXCITATORY DOPMAINE SWTICH,right frontalis inner strip bottom
32,FEMALE LEFT NORADRENALINE SWTICH,목 안쪽
33,FEMALE RIGHT NORADRENALINE 스위치,왼쪽 목 안쪽
33b,LEFT EPINEPHRINE SWITCH,TRAPEZIUS 목 밑에 부분
34,RIGHT EPINEPRHINE switch,왼쪽 어깨 바깥부분
35,right epinephrine 스위치,왼쪽 trapezius muscle elft epinephrinew 대각선 아래 바깥쪽 부분
36,left self satisfaction trapezius switch,left epinephrine 아래부분
37,right self satisfaction switch,left trapezius right epinephrine 윗부분
38,male hypoxia switch,left lung 등뒤 바깥쪽
39,female oxygen sensor switch,male hypoxia 반대쪽
40,male gaba-a switch,left hypoxia 아래
41,acetyl coa switch,left lat dorsi bottom 위에
42,female gaba-b swithc,left lat dorsi bottom
43,gdh,acetyl coa 바깥쪽
44,male right extraversion 스위치,"female gaba-b, acetyl coa, gdh 셋 사이"
45,female left serotonin,왼쪽 대 흉문근
46,female right serotonin,오른쪽 대흉문근
47,extraverted man's vasopressin,남자 성기 오른쪽 바깥쪽
48,female left d3,여자 성기 왼쪽바깥쪽 (남자 성기 왼쪽바깥쪽)
49,rectum muscle left,N/A
50,rectum muscle right,N/A
51,female right excitatory dopamine,발바닥 오른쪽
52,female left excitatory dopamine,발바닥 왼쪽
53,female left extraversion,male right extraversion switch 반대쪽 등
54,male left noradrenaline,등 위 acetyl coa 위에
55,male right noradrenaline,등 위 gdh 위에
56,introverted woman vasopressin switch v1b,왼쪽 입술 orbicularis oris 바깥쪽 left satisfaction 위
56b,extraverted woman oxytocin v1b,스위치 반대
57,extraverted man/ introverted woman d3,왼쪽 눈 바깥
58,introverted man d3,오른쪽 눈 바깥
59,cck,female right extraversion male left noradrenaline 위 등
60,left androgen,left levator superioris inner strip 최상단
61,alpha 2 z boson,RIGHT LEVATOR SUPERIORIS INNER STRIP top part에서 약간 아래
62,male left serotonin,left risorius
63,male right serotonin,N/A
64,introverted woman oxytocin,오른쪽 귀 뒤
