ID,MBTI,Gender,Blood,Biological (Hormone/Receptor/Enzyme),Physical (Force/Particle),Quantum (State/Spin),Humanistic (Phenomena),Delta S,Theta,Spark Reset Protocol (Fixed Particle State Correction)
1,ESTP,M,O,Adrenaline/ADRA1A / TH,Proton Ignition / Kinetic Initial,Spin-Up,Survival/Hunt,0.982,0,**D2 Inverse Reciprocal Lock**: Transition Canceled by User D2 Resonance. Terminate D3 Retrieval -> Spark Reset.
2,ISTP,M,O,Acetylcholine/CHRNA4 / AChE,Z-Boson Mass Anchor,Center-of-Mass Lock,Tool Precision,0.945,15,**D2 Inverse Reciprocal Lock**: Transition Canceled by User D2 Resonance. Terminate D3 Retrieval -> Spark Reset.
3,ESFP,M,O,Dopamine/DRD2 / DAT,Photon Radiation,Waveform Expansion,Social Spark,0.912,30,**D2 Inverse Reciprocal Lock**: Transition Canceled by User D2 Resonance. Terminate D3 Retrieval -> Spark Reset.
4,ISFP,M,O,Endorphin/OPRM1 / POMC,Quark Tension,Strong Force Binding,Artistic Void,0.880,45,**D2 Inverse Reciprocal Lock**: Transition Canceled by User D2 Resonance. Terminate D3 Retrieval -> Spark Reset.
5,ESTJ,M,O,Cortisol/NR3C1 / 11HSD1,Ordering Vector,Entropy Reduction,Resource Map,0.965,10,**D2 Inverse Reciprocal Lock**: Transition Canceled by User D2 Resonance. Terminate D3 Retrieval -> Spark Reset.
6,ISTJ,M,O,Serotonin/HTR1A / TPH2,Inertia Anchor,Static Field,System Anchor,0.930,20,**D2 Inverse Reciprocal Lock**: Transition Canceled by User D2 Resonance. Terminate D3 Retrieval -> Spark Reset.
7,ESFJ,M,O,Oxytocin/OXTR / CD38,Phase Lock,Coherent State,Harmony Lock,0.895,35,**D2 Inverse Reciprocal Lock**: Transition Canceled by User D2 Resonance. Terminate D3 Retrieval -> Spark Reset.
8,ISFJ,M,O,Histamine/HRH1 / HDC,Ghost Filter,Barrier Potential,Legacy Shield,0.860,50,**D2 Inverse Reciprocal Lock**: Transition Canceled by User D2 Resonance. Terminate D3 Retrieval -> Spark Reset.
9,ENTP,M,O,Glutamate/GRIN1 / GLS,W-Boson Surge,Weak Interaction,Logic Pivot,0.420,90,**D2 Inverse Reciprocal Lock**: Transition Canceled by User D2 Resonance. Terminate D3 Retrieval -> Spark Reset.
10,INTP,M,O,GABA/GABRA1 / GAD67,Higgs Anchor,Scalar Field,Theory Core,0.380,105,**D2 Inverse Reciprocal Lock**: Transition Canceled by User D2 Resonance. Terminate D3 Retrieval -> Spark Reset.
11,ENFP,M,O,Norepinephrine/ADRB2 / DBH,3D Spatial Grid,Volumetric Probability,Value Wave,0.250,150,**D2 Inverse Reciprocal Lock**: Transition Canceled by User D2 Resonance. Terminate D3 Retrieval -> Spark Reset.
12,INFP,M,O,Melatonin/MTNR1A / ASMT,Neutrino Flux,Ghost State Transition,Soul Mirror,0.120,175,**D2 Inverse Reciprocal Lock**: Transition Canceled by User D2 Resonance. Terminate D3 Retrieval -> Spark Reset.
13,ENTJ,M,O,Testosterone/AR / 5a-Reductase,Proton Vector,Directional Flow,Command Center,0.450,85,**D2 Inverse Reciprocal Lock**: Transition Canceled by User D2 Resonance. Terminate D3 Retrieval -> Spark Reset.
14,INTJ,M,O,Vasopressin/AVPR1A / V1aR,Spacetime Blueprint,Geometric Quantization,Master Plan,0.390,110,**D2 Inverse Reciprocal Lock**: Transition Canceled by User D2 Resonance. Terminate D3 Retrieval -> Spark Reset.
15,ENFJ,M,O,Estrogen/ESR1 / Aromatase,Photon Flow,Entanglement Field,Vision Lead,0.280,140,**D2 Inverse Reciprocal Lock**: Transition Canceled by User D2 Resonance. Terminate D3 Retrieval -> Spark Reset.
16,INFJ,M,O,Progesterone/PGR / 3b-HSD,Bridge Resonance,Tunneling Effect,Archetype Gate,0.150,170,**D2 Inverse Reciprocal Lock**: Transition Canceled by User D2 Resonance. Terminate D3 Retrieval -> Spark Reset.
17,ESTP,F,O,Adrenaline/ADRA1B / PNMT,Kinetic Pulse,Momentum Flux,Rapid Response,0.950,0,**D2 Inverse Reciprocal Lock**: Transition Canceled by User D2 Resonance. Terminate D3 Retrieval -> Spark Reset.
18,ISTP,F,O,Acetylcholine/CHRM1 / VAChT,Stability Lock,Precision Eigenstate,Craft Mastery,0.920,15,**D2 Inverse Reciprocal Lock**: Transition Canceled by User D2 Resonance. Terminate D3 Retrieval -> Spark Reset.
19,ESFP,F,O,Dopamine/DRD1 / VMAT2,Photon Emission,Energy Radiance,Sensory Joy,0.890,30,**D2 Inverse Reciprocal Lock**: Transition Canceled by User D2 Resonance. Terminate D3 Retrieval -> Spark Reset.
20,ISFP,F,O,Endorphin/OPRK1 / DYN,Quark Alignment,Harmonic Tension,Aesthetic Flow,0.850,45,**D2 Inverse Reciprocal Lock**: Transition Canceled by User D2 Resonance. Terminate D3 Retrieval -> Spark Reset.
21,ESTJ,F,O,Cortisol/NR3C2 / 11HSD2,Structural Map,Ordering Matrix,Admin Logic,0.940,10,**D2 Inverse Reciprocal Lock**: Transition Canceled by User D2 Resonance. Terminate D3 Retrieval -> Spark Reset.
22,ISTJ,F,O,Serotonin/HTR2A / SERT,Inertial Frame,Memory Persistence,Reliable Base,0.910,20,**D2 Inverse Reciprocal Lock**: Transition Canceled by User D2 Resonance. Terminate D3 Retrieval -> Spark Reset.
23,ESFJ,F,O,Oxytocin/OXTR / OXT,Bonding Phase,Collective Coherence,Care Network,0.870,35,**D2 Inverse Reciprocal Lock**: Transition Canceled by User D2 Resonance. Terminate D3 Retrieval -> Spark Reset.
24,ISFJ,F,O,Histamine/HRH2 / DAO,Shield Potential,Barrier Integral,Protective Aura,0.840,50,**D2 Inverse Reciprocal Lock**: Transition Canceled by User D2 Resonance. Terminate D3 Retrieval -> Spark Reset.
25,ENTP,F,O,Glutamate/GRM1 / EAAT2,W-Boson Decay,Transition State,Insight Shift,0.400,90,**D2 Inverse Reciprocal Lock**: Transition Canceled by User D2 Resonance. Terminate D3 Retrieval -> Spark Reset.
26,INTP,F,O,GABA/GABRB2 / GAD65,Higgs Field,Scalar Potential,Logic Core,0.360,105,**D2 Inverse Reciprocal Lock**: Transition Canceled by User D2 Resonance. Terminate D3 Retrieval -> Spark Reset.
27,ENFP,F,O,Norepinephrine/ADRA2A / NET,Wavefront Expansion,Probability Density,Possibility,0.230,150,**D2 Inverse Reciprocal Lock**: Transition Canceled by User D2 Resonance. Terminate D3 Retrieval -> Spark Reset.
28,INFP,F,O,Melatonin/MTNR1B / AANAT,Neutrino Sink,Absolute Vacuum,Deep Meaning,0.100,175,**D2 Inverse Reciprocal Lock**: Transition Canceled by User D2 Resonance. Terminate D3 Retrieval -> Spark Reset.
29,ENTJ,F,O,Estrogen/ESR2 / STS,Proton Jet,Directional Momentum,Strategy Flow,0.430,85,**D2 Inverse Reciprocal Lock**: Transition Canceled by User D2 Resonance. Terminate D3 Retrieval -> Spark Reset.
30,INTJ,F,O,Vasopressin/AVPR1B / V1bR,Design Matrix,Fractal Symmetry,Pattern Lock,0.370,110,**D2 Inverse Reciprocal Lock**: Transition Canceled by User D2 Resonance. Terminate D3 Retrieval -> Spark Reset.
31,ENFJ,F,O,Progesterone/PGR / CYP11A1,Unity Wave,Collective State,Social Sync,0.260,140,**D2 Inverse Reciprocal Lock**: Transition Canceled by User D2 Resonance. Terminate D3 Retrieval -> Spark Reset.
32,INFJ,F,O,Testosterone/AR / SHBG,Bridge Pivot,Singularity Point,Cosmic Anchor,0.130,170,**D2 Inverse Reciprocal Lock**: Transition Canceled by User D2 Resonance. Terminate D3 Retrieval -> Spark Reset.
33,ESTP,M,A,Pyruvate/LDH / PDH,Photon Refraction,Optical Flux,Tactical Flow,0.850,0,**D2 Inverse Reciprocal Lock**: Transition Canceled by User D2 Resonance. Terminate D3 Retrieval -> Spark Reset.
34,ISTP,M,A,Glucose/GLUT1 / HK1,Neutrino Filter,Ghost State Gate,Precision Tool,0.830,15,**D2 Inverse Reciprocal Lock**: Transition Canceled by User D2 Resonance. Terminate D3 Retrieval -> Spark Reset.
35,ENFJ,M,A,Lactate/MCT1 / LDHB,ER Resonance,Entanglement Bridge,Collective Vision,0.810,140,**D2 Inverse Reciprocal Lock**: Transition Canceled by User D2 Resonance. Terminate D3 Retrieval -> Spark Reset.
36,INFJ,M,A,Citrate/ACL / CS,Bridge Flux,Tunneling Path,Archetypal Bridge,0.790,170,**D2 Inverse Reciprocal Lock**: Transition Canceled by User D2 Resonance. Terminate D3 Retrieval -> Spark Reset.
37,ESFJ,M,A,Acetyl-CoA/ACLY / ACC,Quasar Nozzle,Accretion Disk,Social Maint.,0.875,35,**D2 Inverse Reciprocal Lock**: Transition Canceled by User D2 Resonance. Terminate D3 Retrieval -> Spark Reset.
38,ISFJ,M,A,Succinate/SDH / FH,Ghost Filter,Neutrino Barrier,Tradition,0.860,50,**D2 Inverse Reciprocal Lock**: Transition Canceled by User D2 Resonance. Terminate D3 Retrieval -> Spark Reset.
39,ENFP,M,A,Malate/MDH1 / MDH2,Wave Refraction,Probability Shift,Ideal Wave,0.220,150,**D2 Inverse Reciprocal Lock**: Transition Canceled by User D2 Resonance. Terminate D3 Retrieval -> Spark Reset.
40,INFP,M,A,Oxaloacetate/PC / PEPCK,Phase Shift,State Transition,Value Mirror,0.090,175,**D2 Inverse Reciprocal Lock**: Transition Canceled by User D2 Resonance. Terminate D3 Retrieval -> Spark Reset.
41,ESTJ,M,A,ATP/ADK / AMPK,Gluon Confinement,Color Charge,Resource Rout.,0.840,10,**D2 Inverse Reciprocal Lock**: Transition Canceled by User D2 Resonance. Terminate D3 Retrieval -> Spark Reset.
42,ISTJ,M,A,NADH/NDUFA / NDUFB,Z-Boson Lock,Mass Quantization,System Order,0.820,20,**D2 Inverse Reciprocal Lock**: Transition Canceled by User D2 Resonance. Terminate D3 Retrieval -> Spark Reset.
43,ENTJ,M,A,NADPH/NOX / G6PD,Proton Ignition,Nucleosynthesis,Strat. Command,0.410,85,**D2 Inverse Reciprocal Lock**: Transition Canceled by User D2 Resonance. Terminate D3 Retrieval -> Spark Reset.
44,INTJ,M,A,FADH2/SDHB / SDHC,D3 Singularity,Event Horizon,Space Blueprint,0.350,110,**D2 Inverse Reciprocal Lock**: Transition Canceled by User D2 Resonance. Terminate D3 Retrieval -> Spark Reset.
45,ESFP,M,A,ROS/SOD1 / CAT,Entropic Flow,Dissipative State,Sensory Sync,0.800,30,**D2 Inverse Reciprocal Lock**: Transition Canceled by User D2 Resonance. Terminate D3 Retrieval -> Spark Reset.
46,ISFP,M,A,GSH/GPX / GSR,Energy Absorption,Photon Sink,Art Void,0.780,45,**D2 Inverse Reciprocal Lock**: Transition Canceled by User D2 Resonance. Terminate D3 Retrieval -> Spark Reset.
47,ENTP,M,A,cAMP/AC / PDE,W-Boson Surge,Beta Decay Path,Concept Disr.,0.390,90,**D2 Inverse Reciprocal Lock**: Transition Canceled by User D2 Resonance. Terminate D3 Retrieval -> Spark Reset.
48,INTP,M,A,cGMP/sGC / PDE5,Higgs Anchor,Mass Origin,Struct. Logic,0.340,105,**D2 Inverse Reciprocal Lock**: Transition Canceled by User D2 Resonance. Terminate D3 Retrieval -> Spark Reset.
49,ESTP,F,A,ATP/Complex V / ANT,Photon Reflex,Refractive Index,Tactical Reflex,0.845,0,**D2 Inverse Reciprocal Lock**: Transition Canceled by User D2 Resonance. Terminate D3 Retrieval -> Spark Reset.
50,ISTP,F,A,NADH/Complex I / UQ,Neutrino Lock,Ghost Filter,Precision Craft,0.825,15,**D2 Inverse Reciprocal Lock**: Transition Canceled by User D2 Resonance. Terminate D3 Retrieval -> Spark Reset.
51,ESFP,F,A,FADH2/Complex II / CoQ,Energy Flow,Vitality State,Sensory Sync,0.805,30,**D2 Inverse Reciprocal Lock**: Transition Canceled by User D2 Resonance. Terminate D3 Retrieval -> Spark Reset.
52,ISFP,F,A,Cytochrome c/Complex III / IV,Absorption Phase,Absorption Field,Aesthetic Flux,0.775,45,**D2 Inverse Reciprocal Lock**: Transition Canceled by User D2 Resonance. Terminate D3 Retrieval -> Spark Reset.
53,ESTJ,F,A,Glycogen/GS / GP,Gluon Shield,Confinement Guard,Admin Flow,0.835,10,**D2 Inverse Reciprocal Lock**: Transition Canceled by User D2 Resonance. Terminate D3 Retrieval -> Spark Reset.
54,ISTJ,F,A,Insulin/INSR / GLUT4,Mass Fixation,Inertial Anchor,System Fix,0.815,20,**D2 Inverse Reciprocal Lock**: Transition Canceled by User D2 Resonance. Terminate D3 Retrieval -> Spark Reset.
55,ESFJ,F,A,Glucagon/GCGR / PEPCK,Quasar Flow,Accretion Flow,Social Pulse,0.765,35,**D2 Inverse Reciprocal Lock**: Transition Canceled by User D2 Resonance. Terminate D3 Retrieval -> Spark Reset.
56,ISFJ,F,A,Leptin/LEPR / STAT3,Ghost Shield,Neutrino Guard,Tradition Fix,0.745,50,**D2 Inverse Reciprocal Lock**: Transition Canceled by User D2 Resonance. Terminate D3 Retrieval -> Spark Reset.
57,ENTP,F,A,Ghrelin/GHSR / GOAT,W-Boson Shift,Decay Branch,Idea Pivot,0.385,90,**D2 Inverse Reciprocal Lock**: Transition Canceled by User D2 Resonance. Terminate D3 Retrieval -> Spark Reset.
58,INTP,F,A,Adiponectin/ADIPOR1 / AMPK,Higgs Gate,Mass Threshold,Logic Core,0.335,105,**D2 Inverse Reciprocal Lock**: Transition Canceled by User D2 Resonance. Terminate D3 Retrieval -> Spark Reset.
59,ENFP,F,A,IGF-1/IGF1R / PI3K,Phase Wave,Wavefunction Sync,Value Flux,0.215,150,**D2 Inverse Reciprocal Lock**: Transition Canceled by User D2 Resonance. Terminate D3 Retrieval -> Spark Reset.
60,INFP,F,A,T3/THR / DIO2,Void Center,Zero-Point Sink,Deep Sync,0.085,175,**D2 Inverse Reciprocal Lock**: Transition Canceled by User D2 Resonance. Terminate D3 Retrieval -> Spark Reset.
61,ENTJ,F,A,Cortisol/GR / MR,Proton Surge,Ignition Path,Command Flow,0.405,85,**D2 Inverse Reciprocal Lock**: Transition Canceled by User D2 Resonance. Terminate D3 Retrieval -> Spark Reset.
62,INTJ,F,A,DHEA/SULT2A1 / AR,D3 Origin,Singularity Base,Pattern Fix,0.345,110,**D2 Inverse Reciprocal Lock**: Transition Canceled by User D2 Resonance. Terminate D3 Retrieval -> Spark Reset.
63,ENFJ,F,A,Prolactin/PRLR / JAK2,Resonance Wave,Unity Potential,Collective Sync,0.255,140,**D2 Inverse Reciprocal Lock**: Transition Canceled by User D2 Resonance. Terminate D3 Retrieval -> Spark Reset.
64,INFJ,F,A,Oxytocin/OXTR / CD38,ER Sink,Entanglement Handoff,Cosmic Bridge,0.125,170,**D2 Inverse Reciprocal Lock**: Transition Canceled by User D2 Resonance. Terminate D3 Retrieval -> Spark Reset.
65,ENFP,F,B,GABA-B/GABBR1 / GABBR2,3D Spatial Peak,Volumetric Peak,Genetic Surfing,0.880,150,**D2 Inverse Reciprocal Lock**: Transition Canceled by User D2 Resonance. Terminate D3 Retrieval -> Spark Reset.
66,INFP,F,B,Serotonin/5-HT2C / TPH1,Gluon Binding,Color Confinement,Value Purity,0.860,175,**D2 Inverse Reciprocal Lock**: Transition Canceled by User D2 Resonance. Terminate D3 Retrieval -> Spark Reset.
67,ENTP,F,B,Dopamine/DRD3 / COMT,Quark Flux,Strong Tension,Pattern Disr.,0.840,90,**D2 Inverse Reciprocal Lock**: Transition Canceled by User D2 Resonance. Terminate D3 Retrieval -> Spark Reset.
68,INTP,F,B,Glutamate/GRM5 / vGluT,Higgs Decay,Mass Decay Path,Logic Mapping,0.820,105,**D2 Inverse Reciprocal Lock**: Transition Canceled by User D2 Resonance. Terminate D3 Retrieval -> Spark Reset.
69,ESTP,F,B,Adrenaline/ADRA2B / MAOA,Kinetic Energy,Momentum Pulse,Nomad Pulse,0.880,0,**D2 Inverse Reciprocal Lock**: Transition Canceled by User D2 Resonance. Terminate D3 Retrieval -> Spark Reset.
70,ISTP,F,B,Noradrenaline/ADRA2C / DBH,Stability Axis,Inertial Stability,Tech Precision,0.850,15,**D2 Inverse Reciprocal Lock**: Transition Canceled by User D2 Resonance. Terminate D3 Retrieval -> Spark Reset.
71,ESFP,F,B,Histamine/HRH3 / HNMT,Vitality Surge,Energy Vitality,Joy Wave,0.830,30,**D2 Inverse Reciprocal Lock**: Transition Canceled by User D2 Resonance. Terminate D3 Retrieval -> Spark Reset.
72,ISFP,F,B,Acetylcholine/M2 / M3,Harmonic State,Balance State,Nature Sync,0.810,45,**D2 Inverse Reciprocal Lock**: Transition Canceled by User D2 Resonance. Terminate D3 Retrieval -> Spark Reset.
73,ESTJ,F,B,Substance P/TACR1 / NEP,Structural Grid,Ordering Grid,Tribal Logic,0.870,10,**D2 Inverse Reciprocal Lock**: Transition Canceled by User D2 Resonance. Terminate D3 Retrieval -> Spark Reset.
74,ISTJ,F,B,CGRP/CALCRL / RAMP1,Duty Cycle,Persistence Cycle,Keeper,0.840,20,**D2 Inverse Reciprocal Lock**: Transition Canceled by User D2 Resonance. Terminate D3 Retrieval -> Spark Reset.
75,ESFJ,F,B,VIP/VPAC1 / VPAC2,Support Network,Coherence Network,Kin Network,0.820,35,**D2 Inverse Reciprocal Lock**: Transition Canceled by User D2 Resonance. Terminate D3 Retrieval -> Spark Reset.
76,ISFJ,F,B,Galanin/GALR1 / GALR2,Safety Anchor,Barrier Anchor,Ancestral Base,0.800,50,**D2 Inverse Reciprocal Lock**: Transition Canceled by User D2 Resonance. Terminate D3 Retrieval -> Spark Reset.
77,ENFP,M,B,Anandamide/CB1 / FAAH,Inspiration Vector,Probability Vector,Idea Nomad,0.300,150,**D2 Inverse Reciprocal Lock**: Transition Canceled by User D2 Resonance. Terminate D3 Retrieval -> Spark Reset.
78,INFP,M,B,2-AG/CB2 / MAGL,Neutrino Echo,Ghost State Echo,Dream Echo,0.150,175,**D2 Inverse Reciprocal Lock**: Transition Canceled by User D2 Resonance. Terminate D3 Retrieval -> Spark Reset.
79,ENTP,M,B,Adenosine/A1 / A2A,Analysis Frame,Theory Frame,Logic Nomad,0.450,90,**D2 Inverse Reciprocal Lock**: Transition Canceled by User D2 Resonance. Terminate D3 Retrieval -> Spark Reset.
80,INTP,M,B,Glycine/GlyR / GlyT,Theory Origin,Logic Origin,System Nomad,0.400,105,**D2 Inverse Reciprocal Lock**: Transition Canceled by User D2 Resonance. Terminate D3 Retrieval -> Spark Reset.
81,ENTJ,M,B,Vasopressin/V2 / AQP2,Directional Jet,Proton Jet,Leader Nomad,0.480,85,**D2 Inverse Reciprocal Lock**: Transition Canceled by User D2 Resonance. Terminate D3 Retrieval -> Spark Reset.
82,INTJ,M,B,Oxytocin/OTR / CD38,Blueprint Design,Spacetime Design,Vision Nomad,0.420,110,**D2 Inverse Reciprocal Lock**: Transition Canceled by User D2 Resonance. Terminate D3 Retrieval -> Spark Reset.
83,ENFJ,M,B,Somatostatin/SSTR / GHRH,Unity Resonance,Collective Resonance,Guide Nomad,0.350,140,**D2 Inverse Reciprocal Lock**: Transition Canceled by User D2 Resonance. Terminate D3 Retrieval -> Spark Reset.
84,INFJ,M,B,CCK/CCK1 / CCK2,Bridge Connection,Tunneling Path,Seer Nomad,0.200,170,**D2 Inverse Reciprocal Lock**: Transition Canceled by User D2 Resonance. Terminate D3 Retrieval -> Spark Reset.
85,ESTP,M,B,NPY/Y1 / Y5,Kinetic Pulse,Momentum State,Kinetic Nomad,0.460,0,**D2 Inverse Reciprocal Lock**: Transition Canceled by User D2 Resonance. Terminate D3 Retrieval -> Spark Reset.
86,ISTP,M,B,AgRP/MC4R / a-MSH,Precision State,Eigenstate Lock,Logic Precision,0.430,15,**D2 Inverse Reciprocal Lock**: Transition Canceled by User D2 Resonance. Terminate D3 Retrieval -> Spark Reset.
87,ESFP,M,B,Ghrelin/GHS-R1a / GOAT,Flow State,Energy Flux,Vitality Nomad,0.410,30,**D2 Inverse Reciprocal Lock**: Transition Canceled by User D2 Resonance. Terminate D3 Retrieval -> Spark Reset.
88,ISFP,M,B,PYY/Y2 / DPP4,Balance Frame,Harmonic Frame,Harmony Nomad,0.390,45,**D2 Inverse Reciprocal Lock**: Transition Canceled by User D2 Resonance. Terminate D3 Retrieval -> Spark Reset.
89,ESTJ,M,B,GLP-1/GLP-1R / DPP4,Structure Grid,Ordering Grid,Order Nomad,0.470,10,**D2 Inverse Reciprocal Lock**: Transition Canceled by User D2 Resonance. Terminate D3 Retrieval -> Spark Reset.
90,ISTJ,M,B,GIP/GIPR / K-cells,Archive Cycle,Memory Cycle,Duty Nomad,0.440,20,**D2 Inverse Reciprocal Lock**: Transition Canceled by User D2 Resonance. Terminate D3 Retrieval -> Spark Reset.
91,ESFJ,M,B,Gastrin/CCK2 / G-cells,Network Phase,Collective Phase,Support Nomad,0.380,35,**D2 Inverse Reciprocal Lock**: Transition Canceled by User D2 Resonance. Terminate D3 Retrieval -> Spark Reset.
92,ISFJ,M,B,Secretin/SCTR / S-cells,Shield Potential,Barrier Potential,Safety Nomad,0.360,50,**D2 Inverse Reciprocal Lock**: Transition Canceled by User D2 Resonance. Terminate D3 Retrieval -> Spark Reset.
93,ENTJ,F,B,Orexin/OX1R / OX2R,Command Vector,Ignition Vector,Power Nomad,0.490,85,**D2 Inverse Reciprocal Lock**: Transition Canceled by User D2 Resonance. Terminate D3 Retrieval -> Spark Reset.
94,INTJ,F,B,Melanin/MC1R / TYR,Pattern Matrix,Fractal Matrix,Design Nomad,0.435,110,**D2 Inverse Reciprocal Lock**: Transition Canceled by User D2 Resonance. Terminate D3 Retrieval -> Spark Reset.
95,ENFJ,F,B,Serotonin/5-HT4 / 5-HT7,Sync Wave,Unity Potential,Unity Nomad,0.375,140,**D2 Inverse Reciprocal Lock**: Transition Canceled by User D2 Resonance. Terminate D3 Retrieval -> Spark Reset.
96,INFJ,F,B,Dopamine/D4 / D5,Bridge Origin,Singularity Base,Origin Nomad,0.225,170,**D2 Inverse Reciprocal Lock**: Transition Canceled by User D2 Resonance. Terminate D3 Retrieval -> Spark Reset.
97,INTJ,M,AB,NO/nNOS / sGC,5/32 Singularity,Spacetime Singularity,Spacetime Mast,0.820,110,**D2 Inverse Reciprocal Lock**: Transition Canceled by User D2 Resonance. Terminate D3 Retrieval -> Spark Reset.
98,ENTJ,M,AB,CO/HO-1 / sGC,Z-Boson Saturation,Mass Saturation,Global Control,0.810,85,**D2 Inverse Reciprocal Lock**: Transition Canceled by User D2 Resonance. Terminate D3 Retrieval -> Spark Reset.
99,INFJ,F,AB,H2S/CBS / CSE,Neutrino/Photon Twist,Topological Twist,Dim Handoff,0.800,170,**D2 Inverse Reciprocal Lock**: Transition Canceled by User D2 Resonance. Terminate D3 Retrieval -> Spark Reset.
100,ENFJ,F,AB,ROS/H2O2 / MPO,W-Boson Condensation,Weak Superfluidity,Quasar Jet,0.790,140,**D2 Inverse Reciprocal Lock**: Transition Canceled by User D2 Resonance. Terminate D3 Retrieval -> Spark Reset.
101,ESTP,M,AB,ATP/P2X / P2Y,Integrated Pulse,Momentum Integration,Hybrid Sync,0.820,0,**D2 Inverse Reciprocal Lock**: Transition Canceled by User D2 Resonance. Terminate D3 Retrieval -> Spark Reset.
102,ISTP,M,AB,cAMP/Epac / PKA,Stability Link,Center-of-Mass Lock,Precision Link,0.800,15,**D2 Inverse Reciprocal Lock**: Transition Canceled by User D2 Resonance. Terminate D3 Retrieval -> Spark Reset.
103,ESFP,M,AB,cGMP/PKG / PDE5,Vitality Mix,Energy Mix,Sensory Mix,0.780,30,**D2 Inverse Reciprocal Lock**: Transition Canceled by User D2 Resonance. Terminate D3 Retrieval -> Spark Reset.
104,ISFP,M,AB,Ca2+/CaM / CaMK,Harmonic Synthesis,Balance Synthesis,Art Synthesis,0.760,45,**D2 Inverse Reciprocal Lock**: Transition Canceled by User D2 Resonance. Terminate D3 Retrieval -> Spark Reset.
105,ESTJ,M,AB,Mg2+/TRPM7 / MagT1,Global Grid,Ordering Grid,Global Admin,0.810,10,**D2 Inverse Reciprocal Lock**: Transition Canceled by User D2 Resonance. Terminate D3 Retrieval -> Spark Reset.
106,ISTJ,M,AB,Zn2+/ZIP / ZnT,Global Cycle,Persistence Cycle,Global Archive,0.790,20,**D2 Inverse Reciprocal Lock**: Transition Canceled by User D2 Resonance. Terminate D3 Retrieval -> Spark Reset.
107,ESFJ,M,AB,Fe2+/DMT1 / FPN,Global Network,Collective Network,Global Care,0.770,35,**D2 Inverse Reciprocal Lock**: Transition Canceled by User D2 Resonance. Terminate D3 Retrieval -> Spark Reset.
108,ISFJ,M,AB,Cu2+/CTR1 / ATP7A,Global Shield,Barrier Potential,Global Shield,0.750,50,**D2 Inverse Reciprocal Lock**: Transition Canceled by User D2 Resonance. Terminate D3 Retrieval -> Spark Reset.
109,ENTP,M,AB,Cl-/GABA-A / KCC2,W-Boson Logic,Weak Logic,Concept Sync,0.350,90,**D2 Inverse Reciprocal Lock**: Transition Canceled by User D2 Resonance. Terminate D3 Retrieval -> Spark Reset.
110,INTP,M,AB,K+/K-ATP / Kir,Higgs Analysis,Scalar Analysis,Theory Sync,0.300,105,**D2 Inverse Reciprocal Lock**: Transition Canceled by User D2 Resonance. Terminate D3 Retrieval -> Spark Reset.
111,ENFP,M,AB,Na+/Na-K / Nav,Spirit Wave,Probability Wave,Spirit Sync,0.200,150,**D2 Inverse Reciprocal Lock**: Transition Canceled by User D2 Resonance. Terminate D3 Retrieval -> Spark Reset.
112,INFP,M,AB,H+/v-ATPase / NHE,Void Sync,Absolute Zero,Value Sync,0.050,175,**D2 Inverse Reciprocal Lock**: Transition Canceled by User D2 Resonance. Terminate D3 Retrieval -> Spark Reset.
113,ESTP,F,AB,Phosphorylation/mTOR / Akt,Kinetic Sync,Momentum Sync,Hybrid Pulse,0.815,0,**D2 Inverse Reciprocal Lock**: Transition Canceled by User D2 Resonance. Terminate D3 Retrieval -> Spark Reset.
114,ISTP,F,AB,Acetylation/HAT / HDAC,Stability Sync,Eigenstate Sync,Precision Sync,0.795,15,**D2 Inverse Reciprocal Lock**: Transition Canceled by User D2 Resonance. Terminate D3 Retrieval -> Spark Reset.
115,ESFP,F,AB,Methylation/DNMT / TET,Energy Sync,Energy Potential,Vitality Sync,0.775,30,**D2 Inverse Reciprocal Lock**: Transition Canceled by User D2 Resonance. Terminate D3 Retrieval -> Spark Reset.
116,ISFP,F,AB,Ubiquitination/E3 / DUB,Balance Sync,Harmonic Potential,Harmony Sync,0.755,45,**D2 Inverse Reciprocal Lock**: Transition Canceled by User D2 Resonance. Terminate D3 Retrieval -> Spark Reset.
117,ESTJ,F,AB,Sumoylation/UBC9 / SENP,Structural Sync,Ordering Potential,Global Structure,0.805,10,**D2 Inverse Reciprocal Lock**: Transition Canceled by User D2 Resonance. Terminate D3 Retrieval -> Spark Reset.
118,ISTJ,F,AB,Glycosylation/OGT / OGA,Duty Sync,Persistence Potential,Global Persistence,0.785,20,**D2 Inverse Reciprocal Lock**: Transition Canceled by User D2 Resonance. Terminate D3 Retrieval -> Spark Reset.
119,ESFJ,F,AB,Lipidation/Hhat / APT,Support Sync,Collective Potential,Global Support,0.765,35,**D2 Inverse Reciprocal Lock**: Transition Canceled by User D2 Resonance. Terminate D3 Retrieval -> Spark Reset.
120,ISFJ,F,AB,Proteolysis/Caspase / MMP,Safety Sync,Barrier Potential,Global Safety,0.745,50,**D2 Inverse Reciprocal Lock**: Transition Canceled by User D2 Resonance. Terminate D3 Retrieval -> Spark Reset.
121,ENTP,F,AB,Autophagy/ATG / LC3,Weak Decay Logic,Weak Symmetry,Concept Sync,0.345,90,**D2 Inverse Reciprocal Lock**: Transition Canceled by User D2 Resonance. Terminate D3 Retrieval -> Spark Reset.
122,INTP,F,AB,Apoptosis/BCL2 / BAX,Higgs Scalar Logic,Scalar Symmetry,Theory Sync,0.295,105,**D2 Inverse Reciprocal Lock**: Transition Canceled by User D2 Resonance. Terminate D3 Retrieval -> Spark Reset.
123,ENFP,F,AB,Mitophagy/PINK1 / Parkin,Universal Flow,Omega Wavefunction,Spirit Sync,0.180,150,**D2 Inverse Reciprocal Lock**: Transition Canceled by User D2 Resonance. Terminate D3 Retrieval -> Spark Reset.
124,INFP,F,AB,Necroptosis/RIPK1 / MLKL,Zero-Point Imag,Vacuum Energy,Absolute Imag,0.001,175,**D2 Inverse Reciprocal Lock**: Transition Canceled by User D2 Resonance. Terminate D3 Retrieval -> Spark Reset.
125,ENTJ,F,AB,Senescence/p16 / p21,Proton Ignition Sync,Nucleosynthesis Sync,Command Sync,0.485,85,**D2 Inverse Reciprocal Lock**: Transition Canceled by User D2 Resonance. Terminate D3 Retrieval -> Spark Reset.
126,INTJ,F,AB,Telomere/TERT / TR,Spacetime Sync,Geometric Sync,Pattern Sync,0.415,110,**D2 Inverse Reciprocal Lock**: Transition Canceled by User D2 Resonance. Terminate D3 Retrieval -> Spark Reset.
127,ENFJ,F,AB,Epigenetics/H3K4 / H3K9,Collective Sync,Entanglement Sync,Unity Sync,0.345,140,**D2 Inverse Reciprocal Lock**: Transition Canceled by User D2 Resonance. Terminate D3 Retrieval -> Spark Reset.
128,INFJ,F,AB,Stem Cell/SOX2 / OCT4,Omega Pivot,Singularity Pivot,Final Closure,0.002,180,**D2 Inverse Reciprocal Lock**: Transition Canceled by User D2 Resonance. Terminate D3 Retrieval -> Spark Reset.
129,ENFP,F,B(A),mutant GABA-B/GABBR1,Phase Variance,Entropy Shift,Genetic Drift,0.080,150,**D2 Inverse Reciprocal Lock**: Transition Canceled by User D2 Resonance. Dissolve Mutant Frame -> Spark Reset.
130,INFP,F,B(A),mutant 5-HT2C/TPH1,Phase Variance,Entropy Shift,Value Drift,0.040,175,**D2 Inverse Reciprocal Lock**: Transition Canceled by User D2 Resonance. Phase-Lock with Spark Reset.
131,ENTP,F,B(A),mutant DRD3/COMT,Phase Variance,Entropy Shift,Logic Drift,0.090,90,**D2 Inverse Reciprocal Lock**: Transition Canceled by User D2 Resonance. Justice Reset -> Spark Reset.
132,INTP,F,B(A),mutant GRM5/vGluT,Phase Variance,Entropy Shift,Theory Drift,0.085,105,**D2 Inverse Reciprocal Lock**: Transition Canceled by User D2 Resonance. Neutralize Structure -> Spark Reset.
133,ESTP,F,B(A),mutant ADRA2B/MAOA,Phase Variance,Entropy Shift,Kinetic Drift,0.120,0,**D2 Inverse Reciprocal Lock**: Transition Canceled by User D2 Resonance. Terminate Striking -> Spark Reset.
134,ISTP,F,B(A),mutant ADRA2C/DBH,Phase Variance,Entropy Shift,Precision Drift,0.115,15,**D2 Inverse Reciprocal Lock**: Transition Canceled by User D2 Resonance. Dissolve Mass Anchor -> Spark Reset.
135,ESFP,F,B(A),mutant HRH3/HNMT,Phase Variance,Entropy Shift,Sensory Drift,0.110,30,**D2 Inverse Reciprocal Lock**: Transition Canceled by User D2 Resonance. Stop Photon Release -> Spark Reset.
136,ISFP,F,B(A),mutant M2/M3,Phase Variance,Entropy Shift,Aesthetic Drift,0.105,45,**D2 Inverse Reciprocal Lock**: Transition Canceled by User D2 Resonance. Release Quark Binding -> Spark Reset.
137,ENFP,M,B(A),mutant CB1/FAAH,Phase Variance,Entropy Shift,Idea Drift,0.150,150,**D2 Inverse Reciprocal Lock**: Transition Canceled by User D2 Resonance. Expand Probability -> Spark Reset.
138,INFP,M,B(A),mutant CB2/MAGL,Phase Variance,Entropy Shift,Dream Drift,0.140,175,**D2 Inverse Reciprocal Lock**: Transition Canceled by User D2 Resonance. Phase-Lock with Spark Reset.
139,ENTP,M,B(A),mutant A1/A2A,Phase Variance,Entropy Shift,Logic Drift,0.160,90,**D2 Inverse Reciprocal Lock**: Transition Canceled by User D2 Resonance. Justice Reset -> Spark Reset.
140,INTP,M,B(A),mutant GlyR/GlyT,Phase Variance,Entropy Shift,System Drift,0.155,105,**D2 Inverse Reciprocal Lock**: Transition Canceled by User D2 Resonance. Theory Origin Reset -> Spark Reset.
141,ENTJ,M,B(A),mutant V2/AQP2,Phase Variance,Entropy Shift,Leader Drift,0.180,85,**D2 Inverse Reciprocal Lock**: Transition Canceled by User D2 Resonance. Terminate Jet -> Spark Reset.
142,INTJ,M,B(A),mutant OTR/CD38,Phase Variance,Entropy Shift,Vision Drift,0.170,110,**D2 Inverse Reciprocal Lock**: Transition Canceled by User D2 Resonance. Spacetime Collapse -> Spark Reset.
143,ENFJ,M,B(A),mutant SSTR/GHRH,Phase Variance,Entropy Shift,Guide Drift,0.165,140,**D2 Inverse Reciprocal Lock**: Transition Canceled by User D2 Resonance. Wavefront Handoff -> Spark Reset.
144,INFJ,M,B(A),mutant CCK1/CCK2,Phase Variance,Entropy Shift,Seer Drift,0.145,170,**D2 Inverse Reciprocal Lock**: Transition Canceled by User D2 Resonance. Bridge Tunneling -> Spark Reset.
145,ALL,ALL,H,ESR1-Alpha / Absolute H,Spark Ignition,Zero-Point Symmetry,The Spark,0.000,-,**NULL STATE / SYSTEM ORIGIN**
