r,psi2,y_hat,residual,nearest_gate,gate_distance,closure_residual,lunar_cycle,chirality_constant
0.01,0.05615108088,0.07267574254852807,-0.01652466166852807,0.015625,0.005625,4.240000000010902e-05,0.03571428571428571,0.05555492104
0.01,0.108644478,0.07267574254852807,0.03596873545147193,0.015625,0.005625,4.240000000010902e-05,0.03571428571428571,0.05555492104
0.01,0.05389142781,0.07267574254852807,-0.01878431473852807,0.015625,0.005625,4.240000000010902e-05,0.03571428571428571,0.05555492104
0.01,0.1169266924,0.07267574254852807,0.04425094985147193,0.015625,0.005625,4.240000000010902e-05,0.03571428571428571,0.05555492104
0.01,0.1135006472,0.07267574254852807,0.04082490465147193,0.015625,0.005625,4.240000000010902e-05,0.03571428571428571,0.05555492104
0.01,0.118542999,0.07267574254852807,0.045867256451471924,0.015625,0.005625,4.240000000010902e-05,0.03571428571428571,0.05555492104
0.01,0.06225403771,0.07267574254852807,-0.01042170483852807,0.015625,0.005625,4.240000000010902e-05,0.03571428571428571,0.05555492104
0.01,0.08628281206,0.07267574254852807,0.013607069511471934,0.015625,0.005625,4.240000000010902e-05,0.03571428571428571,0.05555492104
0.01,0.0901452899,0.07267574254852807,0.017469547351471923,0.015625,0.005625,4.240000000010902e-05,0.03571428571428571,0.05555492104
0.01,0.01675010659,0.07267574254852807,-0.05592563595852807,0.015625,0.005625,4.240000000010902e-05,0.03571428571428571,0.05555492104
0.01,0.03109231777,0.07267574254852807,-0.04158342477852807,0.015625,0.005625,4.240000000010902e-05,0.03571428571428571,0.05555492104
0.01,0.09664271027,0.07267574254852807,0.02396696772147193,0.015625,0.005625,4.240000000010902e-05,0.03571428571428571,0.05555492104
0.01,0.1190826073,0.07267574254852807,0.04640686475147193,0.015625,0.005625,4.240000000010902e-05,0.03571428571428571,0.05555492104
0.01,0.09786422551,0.07267574254852807,0.025188482961471928,0.015625,0.005625,4.240000000010902e-05,0.03571428571428571,0.05555492104
0.01,0.06899520755,0.07267574254852807,-0.003680534998528065,0.015625,0.005625,4.240000000010902e-05,0.03571428571428571,0.05555492104
0.01,0.1644927114,0.07267574254852807,0.09181696885147192,0.015625,0.005625,4.240000000010902e-05,0.03571428571428571,0.05555492104
0.01,0.06889659166,0.07267574254852807,-0.0037791508885280656,0.015625,0.005625,4.240000000010902e-05,0.03571428571428571,0.05555492104
0.01,0.05361479148,0.07267574254852807,-0.01906095106852807,0.015625,0.005625,4.240000000010902e-05,0.03571428571428571,0.05555492104
0.01,0.1401511878,0.07267574254852807,0.06747544525147192,0.015625,0.005625,4.240000000010902e-05,0.03571428571428571,0.05555492104
0.01,0.08569858968,0.07267574254852807,0.013022847131471935,0.015625,0.005625,4.240000000010902e-05,0.03571428571428571,0.05555492104
0.01,0.04926997796,0.07267574254852807,-0.02340576458852807,0.015625,0.005625,4.240000000010902e-05,0.03571428571428571,0.05555492104
0.01,0.0569611825,0.07267574254852807,-0.015714560048528073,0.015625,0.005625,4.240000000010902e-05,0.03571428571428571,0.05555492104
0.01,0.1249508113,0.07267574254852807,0.052275068751471934,0.015625,0.005625,4.240000000010902e-05,0.03571428571428571,0.05555492104
0.01,0.06065783277,0.07267574254852807,-0.012017909778528069,0.015625,0.005625,4.240000000010902e-05,0.03571428571428571,0.05555492104
0.01,0.04262784496,0.07267574254852807,-0.03004789758852807,0.015625,0.005625,4.240000000010902e-05,0.03571428571428571,0.05555492104
0.01,0.1031061709,0.07267574254852807,0.03043042835147193,0.015625,0.005625,4.240000000010902e-05,0.03571428571428571,0.05555492104
0.01,0.02222078294,0.07267574254852807,-0.05045495960852807,0.015625,0.005625,4.240000000010902e-05,0.03571428571428571,0.05555492104
0.01,0.05229144916,0.07267574254852807,-0.02038429338852807,0.015625,0.005625,4.240000000010902e-05,0.03571428571428571,0.05555492104
0.01,0.0718395263,0.07267574254852807,-0.0008362162485280739,0.015625,0.005625,4.240000000010902e-05,0.03571428571428571,0.05555492104
0.01,0.02588118799,0.07267574254852807,-0.04679455455852807,0.015625,0.005625,4.240000000010902e-05,0.03571428571428571,0.05555492104
0.01,0.04372853041,0.07267574254852807,-0.02894721213852807,0.015625,0.005625,4.240000000010902e-05,0.03571428571428571,0.05555492104
0.01,0.07728669792,0.07267574254852807,0.004610955371471923,0.015625,0.005625,4.240000000010902e-05,0.03571428571428571,0.05555492104
0.01,0.09604155272,0.07267574254852807,0.023365810171471935,0.015625,0.005625,4.240000000010902e-05,0.03571428571428571,0.05555492104
0.01,0.07162690163,0.07267574254852807,-0.0010488409185280684,0.015625,0.005625,4.240000000010902e-05,0.03571428571428571,0.05555492104
0.01,0.1436971873,0.07267574254852807,0.07102144475147193,0.015625,0.005625,4.240000000010902e-05,0.03571428571428571,0.05555492104
0.01,0.07258814573,0.07267574254852807,-8.7596818528074e-05,0.015625,0.005625,4.240000000010902e-05,0.03571428571428571,0.05555492104
0.01,0.04567099735,0.07267574254852807,-0.027004745198528073,0.015625,0.005625,4.240000000010902e-05,0.03571428571428571,0.05555492104
0.01,0.112262249,0.07267574254852807,0.03958650645147192,0.015625,0.005625,4.240000000010902e-05,0.03571428571428571,0.05555492104
0.01,0.110447146,0.07267574254852807,0.037771403451471924,0.015625,0.005625,4.240000000010902e-05,0.03571428571428571,0.05555492104
0.01,0.07793726027,0.07267574254852807,0.005261517721471931,0.015625,0.005625,4.240000000010902e-05,0.03571428571428571,0.05555492104
0.01,0.08610454947,0.07267574254852807,0.013428806921471928,0.015625,0.005625,4.240000000010902e-05,0.03571428571428571,0.05555492104
0.01,0.1187612563,0.07267574254852807,0.046085513751471935,0.015625,0.005625,4.240000000010902e-05,0.03571428571428571,0.05555492104
0.01,0.08330547065,0.07267574254852807,0.010629728101471933,0.015625,0.005625,4.240000000010902e-05,0.03571428571428571,0.05555492104
0.01,0.09019321203,0.07267574254852807,0.017517469481471926,0.015625,0.005625,4.240000000010902e-05,0.03571428571428571,0.05555492104
0.01,0.02646565065,0.07267574254852807,-0.04621009189852807,0.015625,0.005625,4.240000000010902e-05,0.03571428571428571,0.05555492104
0.01,0.05590841919,0.07267574254852807,-0.01676732335852807,0.015625,0.005625,4.240000000010902e-05,0.03571428571428571,0.05555492104
0.01,0.07074629515,0.07267574254852807,-0.0019294473985280725,0.015625,0.005625,4.240000000010902e-05,0.03571428571428571,0.05555492104
0.01,0.03638444841,0.07267574254852807,-0.03629129413852807,0.015625,0.005625,4.240000000010902e-05,0.03571428571428571,0.05555492104
0.01,0.04506887123,0.07267574254852807,-0.02760687131852807,0.015625,0.005625,4.240000000010902e-05,0.03571428571428571,0.05555492104
0.01,0.02854298241,0.07267574254852807,-0.04413276013852807,0.015625,0.005625,4.240000000010902e-05,0.03571428571428571,0.05555492104
0.01,0.04821945354,0.07267574254852807,-0.024456289008528073,0.015625,0.005625,4.240000000010902e-05,0.03571428571428571,0.05555492104
0.01,0.05377889425,0.07267574254852807,-0.01889684829852807,0.015625,0.005625,4.240000000010902e-05,0.03571428571428571,0.05555492104
0.01,0.06939670444,0.07267574254852807,-0.0032790381085280734,0.015625,0.005625,4.240000000010902e-05,0.03571428571428571,0.05555492104
0.01,0.01027813181,0.07267574254852807,-0.06239761073852807,0.015625,0.005625,4.240000000010902e-05,0.03571428571428571,0.05555492104
0.01,0.1441711038,0.07267574254852807,0.07149536125147193,0.015625,0.005625,4.240000000010902e-05,0.03571428571428571,0.05555492104
0.01,0.04392231256,0.07267574254852807,-0.02875342998852807,0.015625,0.005625,4.240000000010902e-05,0.03571428571428571,0.05555492104
0.01,0.03808369115,0.07267574254852807,-0.03459205139852807,0.015625,0.005625,4.240000000010902e-05,0.03571428571428571,0.05555492104
0.01,0.1168212295,0.07267574254852807,0.04414548695147193,0.015625,0.005625,4.240000000010902e-05,0.03571428571428571,0.05555492104
0.01,0.09378541261,0.07267574254852807,0.021109670061471922,0.015625,0.005625,4.240000000010902e-05,0.03571428571428571,0.05555492104
0.01,0.02363174036,0.07267574254852807,-0.04904400218852807,0.015625,0.005625,4.240000000010902e-05,0.03571428571428571,0.05555492104
0.01,0.08646979928,0.07267574254852807,0.013794056731471924,0.015625,0.005625,4.240000000010902e-05,0.03571428571428571,0.05555492104
0.01,0.05401131138,0.07267574254852807,-0.01866443116852807,0.015625,0.005625,4.240000000010902e-05,0.03571428571428571,0.05555492104
0.01,0.02826803923,0.07267574254852807,-0.04440770331852807,0.015625,0.005625,4.240000000010902e-05,0.03571428571428571,0.05555492104
0.01,0.0371540077,0.07267574254852807,-0.03552173484852807,0.015625,0.005625,4.240000000010902e-05,0.03571428571428571,0.05555492104
0.01,0.09997991472,0.07267574254852807,0.02730417217147192,0.015625,0.005625,4.240000000010902e-05,0.03571428571428571,0.05555492104
0.01,0.03736370429,0.07267574254852807,-0.03531203825852807,0.015625,0.005625,4.240000000010902e-05,0.03571428571428571,0.05555492104
0.01,0.01212054398,0.07267574254852807,-0.06055519856852807,0.015625,0.005625,4.240000000010902e-05,0.03571428571428571,0.05555492104
0.01,0.0503856726,0.07267574254852807,-0.02229006994852807,0.015625,0.005625,4.240000000010902e-05,0.03571428571428571,0.05555492104
0.01,0.1275016963,0.07267574254852807,0.05482595375147192,0.015625,0.005625,4.240000000010902e-05,0.03571428571428571,0.05555492104
0.01,0.05979506671,0.07267574254852807,-0.012880675838528075,0.015625,0.005625,4.240000000010902e-05,0.03571428571428571,0.05555492104
0.02,0.08555411547,0.08543337877642303,0.00012073669357696992,0.015625,0.004375,4.240000000010902e-05,0.03571428571428571,0.05555492104
0.02,0.1261627972,0.08543337877642303,0.04072941842357698,0.015625,0.004375,4.240000000010902e-05,0.03571428571428571,0.05555492104
0.02,0.07549544424,0.08543337877642303,-0.009937934536423026,0.015625,0.004375,4.240000000010902e-05,0.03571428571428571,0.05555492104
0.02,0.1289518774,0.08543337877642303,0.04351849862357697,0.015625,0.004375,4.240000000010902e-05,0.03571428571428571,0.05555492104
0.02,0.137852475,0.08543337877642303,0.052419096223576975,0.015625,0.004375,4.240000000010902e-05,0.03571428571428571,0.05555492104
0.02,0.1493051648,0.08543337877642303,0.06387178602357697,0.015625,0.004375,4.240000000010902e-05,0.03571428571428571,0.05555492104
0.02,0.08702043444,0.08543337877642303,0.001587055663576975,0.015625,0.004375,4.240000000010902e-05,0.03571428571428571,0.05555492104
0.02,0.09455563873,0.08543337877642303,0.009122259953576975,0.015625,0.004375,4.240000000010902e-05,0.03571428571428571,0.05555492104
0.02,0.1153584942,0.08543337877642303,0.029925115423576967,0.015625,0.004375,4.240000000010902e-05,0.03571428571428571,0.05555492104
0.02,0.02183659561,0.08543337877642303,-0.06359678316642303,0.015625,0.004375,4.240000000010902e-05,0.03571428571428571,0.05555492104
0.02,0.03446565196,0.08543337877642303,-0.050967726816423024,0.015625,0.004375,4.240000000010902e-05,0.03571428571428571,0.05555492104
0.02,0.09664601088,0.08543337877642303,0.011212632103576967,0.015625,0.004375,4.240000000010902e-05,0.03571428571428571,0.05555492104
0.02,0.1216568127,0.08543337877642303,0.03622343392357698,0.015625,0.004375,4.240000000010902e-05,0.03571428571428571,0.05555492104
0.02,0.08981626481,0.08543337877642303,0.004382886033576977,0.015625,0.004375,4.240000000010902e-05,0.03571428571428571,0.05555492104
0.02,0.08462633193,0.08543337877642303,-0.0008070468464230207,0.015625,0.004375,4.240000000010902e-05,0.03571428571428571,0.05555492104
0.02,0.178166002,0.08543337877642303,0.09273262322357696,0.015625,0.004375,4.240000000010902e-05,0.03571428571428571,0.05555492104
0.02,0.07836846262,0.08543337877642303,-0.007064916156423032,0.015625,0.004375,4.240000000010902e-05,0.03571428571428571,0.05555492104
0.02,0.06211141869,0.08543337877642303,-0.023321960086423024,0.015625,0.004375,4.240000000010902e-05,0.03571428571428571,0.05555492104
0.02,0.1895360798,0.08543337877642303,0.10410270102357698,0.015625,0.004375,4.240000000010902e-05,0.03571428571428571,0.05555492104
0.02,0.09244319052,0.08543337877642303,0.007009811743576969,0.015625,0.004375,4.240000000010902e-05,0.03571428571428571,0.05555492104
0.02,0.04029650986,0.08543337877642303,-0.045136868916423024,0.015625,0.004375,4.240000000010902e-05,0.03571428571428571,0.05555492104
0.02,0.07095009834,0.08543337877642303,-0.014483280436423024,0.015625,0.004375,4.240000000010902e-05,0.03571428571428571,0.05555492104
0.02,0.1410346329,0.08543337877642303,0.055601254123576985,0.015625,0.004375,4.240000000010902e-05,0.03571428571428571,0.05555492104
0.02,0.05908358097,0.08543337877642303,-0.026349797806423027,0.015625,0.004375,4.240000000010902e-05,0.03571428571428571,0.05555492104
0.02,0.04266857356,0.08543337877642303,-0.04276480521642303,0.015625,0.004375,4.240000000010902e-05,0.03571428571428571,0.05555492104
0.02,0.1260960102,0.08543337877642303,0.04066263142357697,0.015625,0.004375,4.240000000010902e-05,0.03571428571428571,0.05555492104
0.02,0.03836304322,0.08543337877642303,-0.04707033555642303,0.015625,0.004375,4.240000000010902e-05,0.03571428571428571,0.05555492104
0.02,0.05398082733,0.08543337877642303,-0.031452551446423026,0.015625,0.004375,4.240000000010902e-05,0.03571428571428571,0.05555492104
0.02,0.07038071752,0.08543337877642303,-0.01505266125642303,0.015625,0.004375,4.240000000010902e-05,0.03571428571428571,0.05555492104
0.02,0.03661020845,0.08543337877642303,-0.04882317032642303,0.015625,0.004375,4.240000000010902e-05,0.03571428571428571,0.05555492104
0.02,0.06114275008,0.08543337877642303,-0.024290628696423025,0.015625,0.004375,4.240000000010902e-05,0.03571428571428571,0.05555492104
0.02,0.09279702604,0.08543337877642303,0.007363647263576967,0.015625,0.004375,4.240000000010902e-05,0.03571428571428571,0.05555492104
0.02,0.09520783275,0.08543337877642303,0.009774453973576971,0.015625,0.004375,4.240000000010902e-05,0.03571428571428571,0.05555492104
0.02,0.0742508024,0.08543337877642303,-0.011182576376423031,0.015625,0.004375,4.240000000010902e-05,0.03571428571428571,0.05555492104
0.02,0.1725215614,0.08543337877642303,0.08708818262357697,0.015625,0.004375,4.240000000010902e-05,0.03571428571428571,0.05555492104
0.02,0.08562316746,0.08543337877642303,0.0001897886835769691,0.015625,0.004375,4.240000000010902e-05,0.03571428571428571,0.05555492104
0.02,0.05889455602,0.08543337877642303,-0.026538822756423025,0.015625,0.004375,4.240000000010902e-05,0.03571428571428571,0.05555492104
0.02,0.1381860375,0.08543337877642303,0.05275265872357697,0.015625,0.004375,4.240000000010902e-05,0.03571428571428571,0.05555492104
0.02,0.1331719607,0.08543337877642303,0.04773858192357698,0.015625,0.004375,4.240000000010902e-05,0.03571428571428571,0.05555492104
0.02,0.09342952818,0.08543337877642303,0.007996149403576971,0.015625,0.004375,4.240000000010902e-05,0.03571428571428571,0.05555492104
0.02,0.1243136302,0.08543337877642303,0.03888025142357697,0.015625,0.004375,4.240000000010902e-05,0.03571428571428571,0.05555492104
0.02,0.1407851428,0.08543337877642303,0.055351764023576985,0.015625,0.004375,4.240000000010902e-05,0.03571428571428571,0.05555492104
0.02,0.1029546782,0.08543337877642303,0.01752129942357697,0.015625,0.004375,4.240000000010902e-05,0.03571428571428571,0.05555492104
0.02,0.1097206324,0.08543337877642303,0.024287253623576976,0.015625,0.004375,4.240000000010902e-05,0.03571428571428571,0.05555492104
0.02,0.02643086016,0.08543337877642303,-0.05900251861642303,0.015625,0.004375,4.240000000010902e-05,0.03571428571428571,0.05555492104
0.02,0.06584195793,0.08543337877642303,-0.019591420846423027,0.015625,0.004375,4.240000000010902e-05,0.03571428571428571,0.05555492104
0.02,0.0826176703,0.08543337877642303,-0.002815708476423026,0.015625,0.004375,4.240000000010902e-05,0.03571428571428571,0.05555492104
0.02,0.0434217751,0.08543337877642303,-0.04201160367642303,0.015625,0.004375,4.240000000010902e-05,0.03571428571428571,0.05555492104
0.02,0.06244752556,0.08543337877642303,-0.022985853216423026,0.015625,0.004375,4.240000000010902e-05,0.03571428571428571,0.05555492104
0.02,0.04440426826,0.08543337877642303,-0.04102911051642303,0.015625,0.004375,4.240000000010902e-05,0.03571428571428571,0.05555492104
0.02,0.05050221086,0.08543337877642303,-0.03493116791642303,0.015625,0.004375,4.240000000010902e-05,0.03571428571428571,0.05555492104
0.02,0.07333742827,0.08543337877642303,-0.012095950506423023,0.015625,0.004375,4.240000000010902e-05,0.03571428571428571,0.05555492104
0.02,0.07497292012,0.08543337877642303,-0.010460458656423033,0.015625,0.004375,4.240000000010902e-05,0.03571428571428571,0.05555492104
0.02,0.01453742757,0.08543337877642303,-0.07089595120642303,0.015625,0.004375,4.240000000010902e-05,0.03571428571428571,0.05555492104
0.02,0.1713355184,0.08543337877642303,0.08590213962357697,0.015625,0.004375,4.240000000010902e-05,0.03571428571428571,0.05555492104
0.02,0.05531618372,0.08543337877642303,-0.030117195056423025,0.015625,0.004375,4.240000000010902e-05,0.03571428571428571,0.05555492104
0.02,0.01846548542,0.08543337877642303,-0.06696789335642303,0.015625,0.004375,4.240000000010902e-05,0.03571428571428571,0.05555492104
0.02,0.1253834218,0.08543337877642303,0.03995004302357698,0.015625,0.004375,4.240000000010902e-05,0.03571428571428571,0.05555492104
0.02,0.1172302291,0.08543337877642303,0.03179685032357697,0.015625,0.004375,4.240000000010902e-05,0.03571428571428571,0.05555492104
0.02,0.03830562904,0.08543337877642303,-0.04712774973642303,0.015625,0.004375,4.240000000010902e-05,0.03571428571428571,0.05555492104
0.02,0.09740837663,0.08543337877642303,0.011974997853576974,0.015625,0.004375,4.240000000010902e-05,0.03571428571428571,0.05555492104
0.02,0.07943464816,0.08543337877642303,-0.005998730616423031,0.015625,0.004375,4.240000000010902e-05,0.03571428571428571,0.05555492104
0.02,0.04195638373,0.08543337877642303,-0.04347699504642303,0.015625,0.004375,4.240000000010902e-05,0.03571428571428571,0.05555492104
0.02,0.04211079329,0.08543337877642303,-0.04332258548642303,0.015625,0.004375,4.240000000010902e-05,0.03571428571428571,0.05555492104
0.02,0.1152605712,0.08543337877642303,0.029827192423576968,0.015625,0.004375,4.240000000010902e-05,0.03571428571428571,0.05555492104
0.02,0.04883694276,0.08543337877642303,-0.036596436016423026,0.015625,0.004375,4.240000000010902e-05,0.03571428571428571,0.05555492104
0.02,0.02990088426,0.08543337877642303,-0.05553249451642303,0.015625,0.004375,4.240000000010902e-05,0.03571428571428571,0.05555492104
0.02,0.05750586838,0.08543337877642303,-0.02792751039642303,0.015625,0.004375,4.240000000010902e-05,0.03571428571428571,0.05555492104
0.02,0.1348059475,0.08543337877642303,0.04937256872357697,0.015625,0.004375,4.240000000010902e-05,0.03571428571428571,0.05555492104
0.02,0.05604235455,0.08543337877642303,-0.029391024226423028,0.015625,0.004375,4.240000000010902e-05,0.03571428571428571,0.05555492104
0.03,0.1836487204,0.14887456225738116,0.03477415814261883,0.03125,0.0012500000000000011,4.240000000010902e-05,0.03571428571428571,0.05555492104
0.03,0.2065955251,0.14887456225738116,0.05772096284261885,0.03125,0.0012500000000000011,4.240000000010902e-05,0.03571428571428571,0.05555492104
0.03,0.1704715043,0.14887456225738116,0.021596942042618833,0.03125,0.0012500000000000011,4.240000000010902e-05,0.03571428571428571,0.05555492104
0.03,0.2278941423,0.14887456225738116,0.07901958004261883,0.03125,0.0012500000000000011,4.240000000010902e-05,0.03571428571428571,0.05555492104
0.03,0.2251192927,0.14887456225738116,0.07624473044261884,0.03125,0.0012500000000000011,4.240000000010902e-05,0.03571428571428571,0.05555492104
0.03,0.2619620264,0.14887456225738116,0.11308746414261883,0.03125,0.0012500000000000011,4.240000000010902e-05,0.03571428571428571,0.05555492104
0.03,0.1570467204,0.14887456225738116,0.008172158142618846,0.03125,0.0012500000000000011,4.240000000010902e-05,0.03571428571428571,0.05555492104
0.03,0.1584943235,0.14887456225738116,0.009619761242618846,0.03125,0.0012500000000000011,4.240000000010902e-05,0.03571428571428571,0.05555492104
0.03,0.201593712,0.14887456225738116,0.05271914974261885,0.03125,0.0012500000000000011,4.240000000010902e-05,0.03571428571428571,0.05555492104
0.03,0.02869694121,0.14887456225738116,-0.12017762104738117,0.03125,0.0012500000000000011,4.240000000010902e-05,0.03571428571428571,0.05555492104
0.03,0.07132466137,0.14887456225738116,-0.07754990088738116,0.03125,0.0012500000000000011,4.240000000010902e-05,0.03571428571428571,0.05555492104
0.03,0.1511133164,0.14887456225738116,0.002238754142618843,0.03125,0.0012500000000000011,4.240000000010902e-05,0.03571428571428571,0.05555492104
0.03,0.1818913966,0.14887456225738116,0.033016834342618845,0.03125,0.0012500000000000011,4.240000000010902e-05,0.03571428571428571,0.05555492104
0.03,0.09213531762,0.14887456225738116,-0.056739244637381156,0.03125,0.0012500000000000011,4.240000000010902e-05,0.03571428571428571,0.05555492104
0.03,0.1520309597,0.14887456225738116,0.0031563974426188357,0.03125,0.0012500000000000011,4.240000000010902e-05,0.03571428571428571,0.05555492104
0.03,0.2810092568,0.14887456225738116,0.13213469454261884,0.03125,0.0012500000000000011,4.240000000010902e-05,0.03571428571428571,0.05555492104
0.03,0.1178621799,0.14887456225738116,-0.031012382357381157,0.03125,0.0012500000000000011,4.240000000010902e-05,0.03571428571428571,0.05555492104
0.03,0.1095672399,0.14887456225738116,-0.03930732235738116,0.03125,0.0012500000000000011,4.240000000010902e-05,0.03571428571428571,0.05555492104
0.03,0.325003773,0.14887456225738116,0.17612921074261884,0.03125,0.0012500000000000011,4.240000000010902e-05,0.03571428571428571,0.05555492104
0.03,0.1337519437,0.14887456225738116,-0.015122618557381173,0.03125,0.0012500000000000011,4.240000000010902e-05,0.03571428571428571,0.05555492104
0.03,0.08060637861,0.14887456225738116,-0.06826818364738116,0.03125,0.0012500000000000011,4.240000000010902e-05,0.03571428571428571,0.05555492104
0.03,0.1446192116,0.14887456225738116,-0.004255350657381168,0.03125,0.0012500000000000011,4.240000000010902e-05,0.03571428571428571,0.05555492104
0.03,0.2388799489,0.14887456225738116,0.09000538664261884,0.03125,0.0012500000000000011,4.240000000010902e-05,0.03571428571428571,0.05555492104
0.03,0.09068594128,0.14887456225738116,-0.05818862097738116,0.03125,0.0012500000000000011,4.240000000010902e-05,0.03571428571428571,0.05555492104
0.03,0.08490415663,0.14887456225738116,-0.06397040562738115,0.03125,0.0012500000000000011,4.240000000010902e-05,0.03571428571428571,0.05555492104
0.03,0.2245542705,0.14887456225738116,0.07567970824261885,0.03125,0.0012500000000000011,4.240000000010902e-05,0.03571428571428571,0.05555492104
0.03,0.1022628993,0.14887456225738116,-0.04661166295738116,0.03125,0.0012500000000000011,4.240000000010902e-05,0.03571428571428571,0.05555492104
0.03,0.0735014379,0.14887456225738116,-0.07537312435738117,0.03125,0.0012500000000000011,4.240000000010902e-05,0.03571428571428571,0.05555492104
0.03,0.09044028074,0.14887456225738116,-0.058434281517381156,0.03125,0.0012500000000000011,4.240000000010902e-05,0.03571428571428571,0.05555492104
0.03,0.07279819995,0.14887456225738116,-0.07607636230738116,0.03125,0.0012500000000000011,4.240000000010902e-05,0.03571428571428571,0.05555492104
0.03,0.1015201285,0.14887456225738116,-0.04735443375738116,0.03125,0.0012500000000000011,4.240000000010902e-05,0.03571428571428571,0.05555492104
0.03,0.1628962159,0.14887456225738116,0.014021653642618842,0.03125,0.0012500000000000011,4.240000000010902e-05,0.03571428571428571,0.05555492104
0.03,0.1368697882,0.14887456225738116,-0.012004774057381151,0.03125,0.0012500000000000011,4.240000000010902e-05,0.03571428571428571,0.05555492104
0.03,0.1117714792,0.14887456225738116,-0.037103083057381164,0.03125,0.0012500000000000011,4.240000000010902e-05,0.03571428571428571,0.05555492104
0.03,0.3211792707,0.14887456225738116,0.17230470844261886,0.03125,0.0012500000000000011,4.240000000010902e-05,0.03571428571428571,0.05555492104
0.03,0.1564891785,0.14887456225738116,0.007614616242618832,0.03125,0.0012500000000000011,4.240000000010902e-05,0.03571428571428571,0.05555492104
0.03,0.08888814598,0.14887456225738116,-0.05998641627738116,0.03125,0.0012500000000000011,4.240000000010902e-05,0.03571428571428571,0.05555492104
0.03,0.2472946793,0.14887456225738116,0.09842011704261883,0.03125,0.0012500000000000011,4.240000000010902e-05,0.03571428571428571,0.05555492104
0.03,0.2499879748,0.14887456225738116,0.10111341254261885,0.03125,0.0012500000000000011,4.240000000010902e-05,0.03571428571428571,0.05555492104
0.03,0.1513967216,0.14887456225738116,0.002522159342618846,0.03125,0.0012500000000000011,4.240000000010902e-05,0.03571428571428571,0.05555492104
0.03,0.2496043295,0.14887456225738116,0.10072976724261884,0.03125,0.0012500000000000011,4.240000000010902e-05,0.03571428571428571,0.05555492104
0.03,0.2565418184,0.14887456225738116,0.10766725614261885,0.03125,0.0012500000000000011,4.240000000010902e-05,0.03571428571428571,0.05555492104
0.03,0.2011515796,0.14887456225738116,0.05227701734261883,0.03125,0.0012500000000000011,4.240000000010902e-05,0.03571428571428571,0.05555492104
0.03,0.216825068,0.14887456225738116,0.06795050574261885,0.03125,0.0012500000000000011,4.240000000010902e-05,0.03571428571428571,0.05555492104
0.03,0.04538000003,0.14887456225738116,-0.10349456222738115,0.03125,0.0012500000000000011,4.240000000010902e-05,0.03571428571428571,0.05555492104
0.03,0.1185562983,0.14887456225738116,-0.03031826395738116,0.03125,0.0012500000000000011,4.240000000010902e-05,0.03571428571428571,0.05555492104
0.03,0.1152181998,0.14887456225738116,-0.033656362457381156,0.03125,0.0012500000000000011,4.240000000010902e-05,0.03571428571428571,0.05555492104
0.03,0.07086884975,0.14887456225738116,-0.07800571250738116,0.03125,0.0012500000000000011,4.240000000010902e-05,0.03571428571428571,0.05555492104
0.03,0.08836837858,0.14887456225738116,-0.060506183677381156,0.03125,0.0012500000000000011,4.240000000010902e-05,0.03571428571428571,0.05555492104
0.03,0.1147856936,0.14887456225738116,-0.03408886865738116,0.03125,0.0012500000000000011,4.240000000010902e-05,0.03571428571428571,0.05555492104
0.03,0.07309368998,0.14887456225738116,-0.07578087227738116,0.03125,0.0012500000000000011,4.240000000010902e-05,0.03571428571428571,0.05555492104
0.03,0.1331004798,0.14887456225738116,-0.015774082457381156,0.03125,0.0012500000000000011,4.240000000010902e-05,0.03571428571428571,0.05555492104
0.03,0.1119540185,0.14887456225738116,-0.03692054375738116,0.03125,0.0012500000000000011,4.240000000010902e-05,0.03571428571428571,0.05555492104
0.03,0.02560331672,0.14887456225738116,-0.12327124553738115,0.03125,0.0012500000000000011,4.240000000010902e-05,0.03571428571428571,0.05555492104
0.03,0.2975566089,0.14887456225738116,0.14868204664261886,0.03125,0.0012500000000000011,4.240000000010902e-05,0.03571428571428571,0.05555492104
0.03,0.1155862063,0.14887456225738116,-0.033288355957381166,0.03125,0.0012500000000000011,4.240000000010902e-05,0.03571428571428571,0.05555492104
0.03,0.0309572462,0.14887456225738116,-0.11791731605738116,0.03125,0.0012500000000000011,4.240000000010902e-05,0.03571428571428571,0.05555492104
0.03,0.210246861,0.14887456225738116,0.06137229874261885,0.03125,0.0012500000000000011,4.240000000010902e-05,0.03571428571428571,0.05555492104
0.03,0.2249124348,0.14887456225738116,0.07603787254261885,0.03125,0.0012500000000000011,4.240000000010902e-05,0.03571428571428571,0.05555492104
0.03,0.1057567,0.14887456225738116,-0.043117862257381165,0.03125,0.0012500000000000011,4.240000000010902e-05,0.03571428571428571,0.05555492104
0.03,0.156362012,0.14887456225738116,0.007487449742618835,0.03125,0.0012500000000000011,4.240000000010902e-05,0.03571428571428571,0.05555492104
0.03,0.1272064745,0.14887456225738116,-0.02166808775738116,0.03125,0.0012500000000000011,4.240000000010902e-05,0.03571428571428571,0.05555492104
0.03,0.0612253882,0.14887456225738116,-0.08764917405738115,0.03125,0.0012500000000000011,4.240000000010902e-05,0.03571428571428571,0.05555492104
0.03,0.1003460661,0.14887456225738116,-0.048528496157381154,0.03125,0.0012500000000000011,4.240000000010902e-05,0.03571428571428571,0.05555492104
0.03,0.1960229576,0.14887456225738116,0.04714839534261883,0.03125,0.0012500000000000011,4.240000000010902e-05,0.03571428571428571,0.05555492104
0.03,0.1080648825,0.14887456225738116,-0.04080967975738116,0.03125,0.0012500000000000011,4.240000000010902e-05,0.03571428571428571,0.05555492104
0.03,0.05995555967,0.14887456225738116,-0.08891900258738117,0.03125,0.0012500000000000011,4.240000000010902e-05,0.03571428571428571,0.05555492104
0.03,0.1322677135,0.14887456225738116,-0.016606848757381165,0.03125,0.0012500000000000011,4.240000000010902e-05,0.03571428571428571,0.05555492104
0.03,0.2089769542,0.14887456225738116,0.06010239194261885,0.03125,0.0012500000000000011,4.240000000010902e-05,0.03571428571428571,0.05555492104
0.03,0.0958943814,0.14887456225738116,-0.052980180857381154,0.03125,0.0012500000000000011,4.240000000010902e-05,0.03571428571428571,0.05555492104
0.05,0.404176861,0.25963174093939717,0.14454512006060283,0.0625,0.012499999999999997,4.240000000010902e-05,0.03571428571428571,0.05555492104
0.05,0.2468376756,0.25963174093939717,-0.01279406533939717,0.0625,0.012499999999999997,4.240000000010902e-05,0.03571428571428571,0.05555492104
0.05,0.3125969172,0.25963174093939717,0.05296517626060282,0.0625,0.012499999999999997,4.240000000010902e-05,0.03571428571428571,0.05555492104
0.05,0.3655052185,0.25963174093939717,0.10587347756060284,0.0625,0.012499999999999997,4.240000000010902e-05,0.03571428571428571,0.05555492104
0.05,0.2596717477,0.25963174093939717,4.000676060283981e-05,0.0625,0.012499999999999997,4.240000000010902e-05,0.03571428571428571,0.05555492104
0.05,0.379989773,0.25963174093939717,0.1203580320606028,0.0625,0.012499999999999997,4.240000000010902e-05,0.03571428571428571,0.05555492104
0.05,0.2306978554,0.25963174093939717,-0.02893388553939716,0.0625,0.012499999999999997,4.240000000010902e-05,0.03571428571428571,0.05555492104
0.05,0.2643968463,0.25963174093939717,0.004765105360602817,0.0625,0.012499999999999997,4.240000000010902e-05,0.03571428571428571,0.05555492104
0.05,0.2103874087,0.25963174093939717,-0.04924433223939717,0.0625,0.012499999999999997,4.240000000010902e-05,0.03571428571428571,0.05555492104
0.05,0.04570437968,0.25963174093939717,-0.21392736125939718,0.0625,0.012499999999999997,4.240000000010902e-05,0.03571428571428571,0.05555492104
0.05,0.124317959,0.25963174093939717,-0.13531378193939717,0.0625,0.012499999999999997,4.240000000010902e-05,0.03571428571428571,0.05555492104
0.05,0.2584991157,0.25963174093939717,-0.001132625239397167,0.0625,0.012499999999999997,4.240000000010902e-05,0.03571428571428571,0.05555492104
0.05,0.2706942558,0.25963174093939717,0.011062514860602835,0.0625,0.012499999999999997,4.240000000010902e-05,0.03571428571428571,0.05555492104
0.05,0.09349060059,0.25963174093939717,-0.16614114034939717,0.0625,0.012499999999999997,4.240000000010902e-05,0.03571428571428571,0.05555492104
0.05,0.2405901849,0.25963174093939717,-0.019041556039397167,0.0625,0.012499999999999997,4.240000000010902e-05,0.03571428571428571,0.05555492104
0.05,0.3820634782,0.25963174093939717,0.1224317372606028,0.0625,0.012499999999999997,4.240000000010902e-05,0.03571428571428571,0.05555492104
0.05,0.1669315398,0.25963174093939717,-0.09270020113939717,0.0625,0.012499999999999997,4.240000000010902e-05,0.03571428571428571,0.05555492104
0.05,0.1955446303,0.25963174093939717,-0.06408711063939718,0.0625,0.012499999999999997,4.240000000010902e-05,0.03571428571428571,0.05555492104
0.05,0.5012971759,0.25963174093939717,0.24166543496060283,0.0625,0.012499999999999997,4.240000000010902e-05,0.03571428571428571,0.05555492104
0.05,0.2229104191,0.25963174093939717,-0.036721321839397164,0.0625,0.012499999999999997,4.240000000010902e-05,0.03571428571428571,0.05555492104
0.05,0.1230935082,0.25963174093939717,-0.13653823273939716,0.0625,0.012499999999999997,4.240000000010902e-05,0.03571428571428571,0.05555492104
0.05,0.2576822937,0.25963174093939717,-0.0019494472393971618,0.0625,0.012499999999999997,4.240000000010902e-05,0.03571428571428571,0.05555492104
0.05,0.3351674676,0.25963174093939717,0.07553572666060282,0.0625,0.012499999999999997,4.240000000010902e-05,0.03571428571428571,0.05555492104
0.05,0.2256129086,0.25963174093939717,-0.034018832339397176,0.0625,0.012499999999999997,4.240000000010902e-05,0.03571428571428571,0.05555492104
0.05,0.1593116224,0.25963174093939717,-0.10032011853939718,0.0625,0.012499999999999997,4.240000000010902e-05,0.03571428571428571,0.05555492104
0.05,0.3870826662,0.25963174093939717,0.1274509252606028,0.0625,0.012499999999999997,4.240000000010902e-05,0.03571428571428571,0.05555492104
0.05,0.1838233769,0.25963174093939717,-0.07580836403939717,0.0625,0.012499999999999997,4.240000000010902e-05,0.03571428571428571,0.05555492104
0.05,0.1208524033,0.25963174093939717,-0.13877933763939718,0.0625,0.012499999999999997,4.240000000010902e-05,0.03571428571428571,0.05555492104
0.05,0.07899166644,0.25963174093939717,-0.18064007449939717,0.0625,0.012499999999999997,4.240000000010902e-05,0.03571428571428571,0.05555492104
0.05,0.1341640651,0.25963174093939717,-0.12546767583939716,0.0625,0.012499999999999997,4.240000000010902e-05,0.03571428571428571,0.05555492104
0.05,0.207239449,0.25963174093939717,-0.05239229193939718,0.0625,0.012499999999999997,4.240000000010902e-05,0.03571428571428571,0.05555492104
0.05,0.3908110559,0.25963174093939717,0.1311793149606028,0.0625,0.012499999999999997,4.240000000010902e-05,0.03571428571428571,0.05555492104
0.05,0.2335690409,0.25963174093939717,-0.026062700039397174,0.0625,0.012499999999999997,4.240000000010902e-05,0.03571428571428571,0.05555492104
0.05,0.1718783081,0.25963174093939717,-0.08775343283939718,0.0625,0.012499999999999997,4.240000000010902e-05,0.03571428571428571,0.05555492104
0.05,0.6122959256,0.25963174093939717,0.35266418466060284,0.0625,0.012499999999999997,4.240000000010902e-05,0.03571428571428571,0.05555492104
0.05,0.3756917417,0.25963174093939717,0.11606000076060285,0.0625,0.012499999999999997,4.240000000010902e-05,0.03571428571428571,0.05555492104
0.05,0.1471595615,0.25963174093939717,-0.11247217943939716,0.0625,0.012499999999999997,4.240000000010902e-05,0.03571428571428571,0.05555492104
0.05,0.4638056457,0.25963174093939717,0.20417390476060282,0.0625,0.012499999999999997,4.240000000010902e-05,0.03571428571428571,0.05555492104
0.05,0.3688707352,0.25963174093939717,0.10923899426060285,0.0625,0.012499999999999997,4.240000000010902e-05,0.03571428571428571,0.05555492104
0.05,0.202222243,0.25963174093939717,-0.057409497939397175,0.0625,0.012499999999999997,4.240000000010902e-05,0.03571428571428571,0.05555492104
0.05,0.5012901425,0.25963174093939717,0.24165840156060286,0.0625,0.012499999999999997,4.240000000010902e-05,0.03571428571428571,0.05555492104
0.05,0.4601578712,0.25963174093939717,0.20052613026060284,0.0625,0.012499999999999997,4.240000000010902e-05,0.03571428571428571,0.05555492104
0.05,0.4069328606,0.25963174093939717,0.14730111966060283,0.0625,0.012499999999999997,4.240000000010902e-05,0.03571428571428571,0.05555492104
0.05,0.4465121031,0.25963174093939717,0.18688036216060283,0.0625,0.012499999999999997,4.240000000010902e-05,0.03571428571428571,0.05555492104
0.05,0.1384741664,0.25963174093939717,-0.12115757453939718,0.0625,0.012499999999999997,4.240000000010902e-05,0.03571428571428571,0.05555492104
0.05,0.1756770611,0.25963174093939717,-0.08395467983939717,0.0625,0.012499999999999997,4.240000000010902e-05,0.03571428571428571,0.05555492104
0.05,0.1492600143,0.25963174093939717,-0.11037172663939718,0.0625,0.012499999999999997,4.240000000010902e-05,0.03571428571428571,0.05555492104
0.05,0.2502911389,0.25963174093939717,-0.009340602039397183,0.0625,0.012499999999999997,4.240000000010902e-05,0.03571428571428571,0.05555492104
0.05,0.05686438456,0.25963174093939717,-0.20276735637939716,0.0625,0.012499999999999997,4.240000000010902e-05,0.03571428571428571,0.05555492104
0.05,0.1863798797,0.25963174093939717,-0.07325186123939717,0.0625,0.012499999999999997,4.240000000010902e-05,0.03571428571428571,0.05555492104
0.05,0.03770560026,0.25963174093939717,-0.22192614067939717,0.0625,0.012499999999999997,4.240000000010902e-05,0.03571428571428571,0.05555492104
0.05,0.248904109,0.25963174093939717,-0.010727631939397159,0.0625,0.012499999999999997,4.240000000010902e-05,0.03571428571428571,0.05555492104
0.05,0.1533438414,0.25963174093939717,-0.10628789953939716,0.0625,0.012499999999999997,4.240000000010902e-05,0.03571428571428571,0.05555492104
0.05,0.06761080027,0.25963174093939717,-0.19202094066939718,0.0625,0.012499999999999997,4.240000000010902e-05,0.03571428571428571,0.05555492104
0.05,0.4648786187,0.25963174093939717,0.20524687776060285,0.0625,0.012499999999999997,4.240000000010902e-05,0.03571428571428571,0.05555492104
0.05,0.2096347213,0.25963174093939717,-0.04999701963939718,0.0625,0.012499999999999997,4.240000000010902e-05,0.03571428571428571,0.05555492104
0.05,0.06616599858,0.25963174093939717,-0.19346574235939717,0.0625,0.012499999999999997,4.240000000010902e-05,0.03571428571428571,0.05555492104
0.05,0.3990006745,0.25963174093939717,0.13936893356060281,0.0625,0.012499999999999997,4.240000000010902e-05,0.03571428571428571,0.05555492104
0.05,0.4987131059,0.25963174093939717,0.23908136496060284,0.0625,0.012499999999999997,4.240000000010902e-05,0.03571428571428571,0.05555492104
0.05,0.2742229402,0.25963174093939717,0.014591199260602816,0.0625,0.012499999999999997,4.240000000010902e-05,0.03571428571428571,0.05555492104
0.05,0.2745229006,0.25963174093939717,0.014891159660602837,0.0625,0.012499999999999997,4.240000000010902e-05,0.03571428571428571,0.05555492104
0.05,0.1816182584,0.25963174093939717,-0.07801348253939716,0.0625,0.012499999999999997,4.240000000010902e-05,0.03571428571428571,0.05555492104
0.05,0.09961508214,0.25963174093939717,-0.16001665879939717,0.0625,0.012499999999999997,4.240000000010902e-05,0.03571428571428571,0.05555492104
0.05,0.2932647765,0.25963174093939717,0.03363303556060282,0.0625,0.012499999999999997,4.240000000010902e-05,0.03571428571428571,0.05555492104
0.05,0.4304923117,0.25963174093939717,0.17086057076060285,0.0625,0.012499999999999997,4.240000000010902e-05,0.03571428571428571,0.05555492104
0.05,0.2544310987,0.25963174093939717,-0.005200642239397146,0.0625,0.012499999999999997,4.240000000010902e-05,0.03571428571428571,0.05555492104
0.05,0.1346018463,0.25963174093939717,-0.12502989463939718,0.0625,0.012499999999999997,4.240000000010902e-05,0.03571428571428571,0.05555492104
0.05,0.3584682047,0.25963174093939717,0.09883646376060284,0.0625,0.012499999999999997,4.240000000010902e-05,0.03571428571428571,0.05555492104
0.05,0.3158680797,0.25963174093939717,0.056236338760602855,0.0625,0.012499999999999997,4.240000000010902e-05,0.03571428571428571,0.05555492104
0.05,0.2840621471,0.25963174093939717,0.024430406160602824,0.0625,0.012499999999999997,4.240000000010902e-05,0.03571428571428571,0.05555492104
0.08,0.2396270484,0.203277850429311,0.03634919797068897,0.09375,0.013749999999999998,4.240000000010902e-05,0.03571428571428571,0.05555492104
0.08,0.3824329376,0.203277850429311,0.179155087170689,0.09375,0.013749999999999998,4.240000000010902e-05,0.03571428571428571,0.05555492104
0.08,0.1524185687,0.203277850429311,-0.05085928172931101,0.09375,0.013749999999999998,4.240000000010902e-05,0.03571428571428571,0.05555492104
0.08,0.1204840094,0.203277850429311,-0.08279384102931102,0.09375,0.013749999999999998,4.240000000010902e-05,0.03571428571428571,0.05555492104
0.08,0.06707637012,0.203277850429311,-0.136201480309311,0.09375,0.013749999999999998,4.240000000010902e-05,0.03571428571428571,0.05555492104
0.08,0.1780608445,0.203277850429311,-0.025217005929311004,0.09375,0.013749999999999998,4.240000000010902e-05,0.03571428571428571,0.05555492104
0.08,0.2495365292,0.203277850429311,0.04625867877068898,0.09375,0.013749999999999998,4.240000000010902e-05,0.03571428571428571,0.05555492104
0.08,0.03949943185,0.203277850429311,-0.16377841857931102,0.09375,0.013749999999999998,4.240000000010902e-05,0.03571428571428571,0.05555492104
0.08,0.1790059954,0.203277850429311,-0.024271855029311007,0.09375,0.013749999999999998,4.240000000010902e-05,0.03571428571428571,0.05555492104
0.08,0.2279438674,0.203277850429311,0.024666016970688986,0.09375,0.013749999999999998,4.240000000010902e-05,0.03571428571428571,0.05555492104
0.08,0.2153128237,0.203277850429311,0.012034973270688976,0.09375,0.013749999999999998,4.240000000010902e-05,0.03571428571428571,0.05555492104
0.08,0.1936062425,0.203277850429311,-0.009671607929311016,0.09375,0.013749999999999998,4.240000000010902e-05,0.03571428571428571,0.05555492104
0.08,0.249557361,0.203277850429311,0.04627951057068899,0.09375,0.013749999999999998,4.240000000010902e-05,0.03571428571428571,0.05555492104
0.08,0.128342703,0.203277850429311,-0.07493514742931101,0.09375,0.013749999999999998,4.240000000010902e-05,0.03571428571428571,0.05555492104
0.08,0.09461364895,0.203277850429311,-0.10866420147931101,0.09375,0.013749999999999998,4.240000000010902e-05,0.03571428571428571,0.05555492104
0.08,0.1952827722,0.203277850429311,-0.007995078229311003,0.09375,0.013749999999999998,4.240000000010902e-05,0.03571428571428571,0.05555492104
0.08,0.2277617157,0.203277850429311,0.024483865270688993,0.09375,0.013749999999999998,4.240000000010902e-05,0.03571428571428571,0.05555492104
0.08,0.1614536494,0.203277850429311,-0.041824201029311,0.09375,0.013749999999999998,4.240000000010902e-05,0.03571428571428571,0.05555492104
0.08,0.1581050605,0.203277850429311,-0.04517278992931101,0.09375,0.013749999999999998,4.240000000010902e-05,0.03571428571428571,0.05555492104
0.08,0.2576472759,0.203277850429311,0.05436942547068896,0.09375,0.013749999999999998,4.240000000010902e-05,0.03571428571428571,0.05555492104
0.08,0.273532629,0.203277850429311,0.07025477857068901,0.09375,0.013749999999999998,4.240000000010902e-05,0.03571428571428571,0.05555492104
0.08,0.236741513,0.203277850429311,0.03346366257068897,0.09375,0.013749999999999998,4.240000000010902e-05,0.03571428571428571,0.05555492104
0.08,0.2141443789,0.203277850429311,0.010866528470688974,0.09375,0.013749999999999998,4.240000000010902e-05,0.03571428571428571,0.05555492104
0.08,0.1679816842,0.203277850429311,-0.035296166229311005,0.09375,0.013749999999999998,4.240000000010902e-05,0.03571428571428571,0.05555492104
0.08,0.2923556566,0.203277850429311,0.089077806170689,0.09375,0.013749999999999998,4.240000000010902e-05,0.03571428571428571,0.05555492104
0.08,0.1211628467,0.203277850429311,-0.08211500372931102,0.09375,0.013749999999999998,4.240000000010902e-05,0.03571428571428571,0.05555492104
0.08,0.2736966014,0.203277850429311,0.070418750970689,0.09375,0.013749999999999998,4.240000000010902e-05,0.03571428571428571,0.05555492104
0.08,0.1646298319,0.203277850429311,-0.03864801852931102,0.09375,0.013749999999999998,4.240000000010902e-05,0.03571428571428571,0.05555492104
0.08,0.1576366872,0.203277850429311,-0.04564116322931103,0.09375,0.013749999999999998,4.240000000010902e-05,0.03571428571428571,0.05555492104
0.08,0.3373718262,0.203277850429311,0.134093975770689,0.09375,0.013749999999999998,4.240000000010902e-05,0.03571428571428571,0.05555492104
0.08,0.1010201499,0.203277850429311,-0.10225770052931102,0.09375,0.013749999999999998,4.240000000010902e-05,0.03571428571428571,0.05555492104
0.08,0.1558197141,0.203277850429311,-0.04745813632931101,0.09375,0.013749999999999998,4.240000000010902e-05,0.03571428571428571,0.05555492104
0.08,0.1458805948,0.203277850429311,-0.057397255629311,0.09375,0.013749999999999998,4.240000000010902e-05,0.03571428571428571,0.05555492104
0.08,0.1199162006,0.203277850429311,-0.08336164982931102,0.09375,0.013749999999999998,4.240000000010902e-05,0.03571428571428571,0.05555492104
0.08,0.3809607029,0.203277850429311,0.177682852470689,0.09375,0.013749999999999998,4.240000000010902e-05,0.03571428571428571,0.05555492104
0.08,0.4149625897,0.203277850429311,0.21168473927068898,0.09375,0.013749999999999998,4.240000000010902e-05,0.03571428571428571,0.05555492104
0.08,0.3906585872,0.203277850429311,0.187380736770689,0.09375,0.013749999999999998,4.240000000010902e-05,0.03571428571428571,0.05555492104
0.08,0.3471978307,0.203277850429311,0.14391998027068897,0.09375,0.013749999999999998,4.240000000010902e-05,0.03571428571428571,0.05555492104
0.08,0.4455711544,0.203277850429311,0.242293303970689,0.09375,0.013749999999999998,4.240000000010902e-05,0.03571428571428571,0.05555492104
0.08,0.06803037226,0.203277850429311,-0.13524747816931101,0.09375,0.013749999999999998,4.240000000010902e-05,0.03571428571428571,0.05555492104
0.08,0.2800323367,0.203277850429311,0.07675448627068898,0.09375,0.013749999999999998,4.240000000010902e-05,0.03571428571428571,0.05555492104
0.08,0.1257817447,0.203277850429311,-0.07749610572931101,0.09375,0.013749999999999998,4.240000000010902e-05,0.03571428571428571,0.05555492104
0.08,0.1084068418,0.203277850429311,-0.09487100862931101,0.09375,0.013749999999999998,4.240000000010902e-05,0.03571428571428571,0.05555492104
0.08,0.1455545425,0.203277850429311,-0.05772330792931102,0.09375,0.013749999999999998,4.240000000010902e-05,0.03571428571428571,0.05555492104
0.08,0.3643585742,0.203277850429311,0.161080723770689,0.09375,0.013749999999999998,4.240000000010902e-05,0.03571428571428571,0.05555492104
0.08,0.1891482472,0.203277850429311,-0.014129603229311005,0.09375,0.013749999999999998,4.240000000010902e-05,0.03571428571428571,0.05555492104
0.08,0.1764271855,0.203277850429311,-0.026850664929311013,0.09375,0.013749999999999998,4.240000000010902e-05,0.03571428571428571,0.05555492104
0.08,0.2241736799,0.203277850429311,0.020895829470688992,0.09375,0.013749999999999998,4.240000000010902e-05,0.03571428571428571,0.05555492104
0.08,0.2018098831,0.203277850429311,-0.0014679673293110096,0.09375,0.013749999999999998,4.240000000010902e-05,0.03571428571428571,0.05555492104
0.08,0.2372999638,0.203277850429311,0.034022113370689,0.09375,0.013749999999999998,4.240000000010902e-05,0.03571428571428571,0.05555492104
0.08,0.2677491605,0.203277850429311,0.06447131007068901,0.09375,0.013749999999999998,4.240000000010902e-05,0.03571428571428571,0.05555492104
0.08,0.06214627624,0.203277850429311,-0.14113157418931102,0.09375,0.013749999999999998,4.240000000010902e-05,0.03571428571428571,0.05555492104
0.08,0.1693001688,0.203277850429311,-0.033977681629311,0.09375,0.013749999999999998,4.240000000010902e-05,0.03571428571428571,0.05555492104
0.08,0.2732585073,0.203277850429311,0.069980656870689,0.09375,0.013749999999999998,4.240000000010902e-05,0.03571428571428571,0.05555492104
0.08,0.1564435214,0.203277850429311,-0.046834329029311006,0.09375,0.013749999999999998,4.240000000010902e-05,0.03571428571428571,0.05555492104
0.08,0.2794705927,0.203277850429311,0.076192742270689,0.09375,0.013749999999999998,4.240000000010902e-05,0.03571428571428571,0.05555492104
0.08,0.2071995437,0.203277850429311,0.003921693270688975,0.09375,0.013749999999999998,4.240000000010902e-05,0.03571428571428571,0.05555492104
0.08,0.1972154081,0.203277850429311,-0.006062442329311024,0.09375,0.013749999999999998,4.240000000010902e-05,0.03571428571428571,0.05555492104
0.08,0.2336203456,0.203277850429311,0.030342495170688988,0.09375,0.013749999999999998,4.240000000010902e-05,0.03571428571428571,0.05555492104
0.08,0.07343624532,0.203277850429311,-0.12984160510931103,0.09375,0.013749999999999998,4.240000000010902e-05,0.03571428571428571,0.05555492104
0.08,0.1099118888,0.203277850429311,-0.09336596162931102,0.09375,0.013749999999999998,4.240000000010902e-05,0.03571428571428571,0.05555492104
0.08,0.1458990723,0.203277850429311,-0.057378778129311026,0.09375,0.013749999999999998,4.240000000010902e-05,0.03571428571428571,0.05555492104
0.08,0.4095335901,0.203277850429311,0.206255739670689,0.09375,0.013749999999999998,4.240000000010902e-05,0.03571428571428571,0.05555492104
0.08,0.2389192581,0.203277850429311,0.03564140767068899,0.09375,0.013749999999999998,4.240000000010902e-05,0.03571428571428571,0.05555492104
0.08,0.0732023865,0.203277850429311,-0.13007546392931102,0.09375,0.013749999999999998,4.240000000010902e-05,0.03571428571428571,0.05555492104
0.08,0.24087964,0.203277850429311,0.03760178957068899,0.09375,0.013749999999999998,4.240000000010902e-05,0.03571428571428571,0.05555492104
0.08,0.01485008653,0.203277850429311,-0.188427763899311,0.09375,0.013749999999999998,4.240000000010902e-05,0.03571428571428571,0.05555492104
0.08,0.1360717565,0.203277850429311,-0.06720609392931101,0.09375,0.013749999999999998,4.240000000010902e-05,0.03571428571428571,0.05555492104
0.08,0.290489465,0.203277850429311,0.08721161457068899,0.09375,0.013749999999999998,4.240000000010902e-05,0.03571428571428571,0.05555492104
0.08,0.06937563419,0.203277850429311,-0.13390221623931103,0.09375,0.013749999999999998,4.240000000010902e-05,0.03571428571428571,0.05555492104
0.1,0.1126533523,0.19151037532624648,-0.07885702302624649,0.09375,0.0062500000000000056,4.240000000010902e-05,0.03571428571428571,0.05555492104
0.1,0.2459876537,0.19151037532624648,0.05447727837375352,0.09375,0.0062500000000000056,4.240000000010902e-05,0.03571428571428571,0.05555492104
0.1,0.0551180914,0.19151037532624648,-0.13639228392624647,0.09375,0.0062500000000000056,4.240000000010902e-05,0.03571428571428571,0.05555492104
0.1,0.1661376357,0.19151037532624648,-0.025372739626246477,0.09375,0.0062500000000000056,4.240000000010902e-05,0.03571428571428571,0.05555492104
0.1,0.2058063298,0.19151037532624648,0.014295954473753508,0.09375,0.0062500000000000056,4.240000000010902e-05,0.03571428571428571,0.05555492104
0.1,0.2298307717,0.19151037532624648,0.03832039637375351,0.09375,0.0062500000000000056,4.240000000010902e-05,0.03571428571428571,0.05555492104
0.1,0.06700792909,0.19151037532624648,-0.12450244623624648,0.09375,0.0062500000000000056,4.240000000010902e-05,0.03571428571428571,0.05555492104
0.1,0.05765947327,0.19151037532624648,-0.1338509020562465,0.09375,0.0062500000000000056,4.240000000010902e-05,0.03571428571428571,0.05555492104
0.1,0.2060342133,0.19151037532624648,0.014523837973753506,0.09375,0.0062500000000000056,4.240000000010902e-05,0.03571428571428571,0.05555492104
0.1,0.2500649393,0.19151037532624648,0.058554563973753526,0.09375,0.0062500000000000056,4.240000000010902e-05,0.03571428571428571,0.05555492104
0.1,0.3092402816,0.19151037532624648,0.11772990627375352,0.09375,0.0062500000000000056,4.240000000010902e-05,0.03571428571428571,0.05555492104
0.1,0.1598354429,0.19151037532624648,-0.03167493242624647,0.09375,0.0062500000000000056,4.240000000010902e-05,0.03571428571428571,0.05555492104
0.1,0.179095149,0.19151037532624648,-0.012415226326246476,0.09375,0.0062500000000000056,4.240000000010902e-05,0.03571428571428571,0.05555492104
0.1,0.1013760418,0.19151037532624648,-0.09013433352624649,0.09375,0.0062500000000000056,4.240000000010902e-05,0.03571428571428571,0.05555492104
0.1,0.1831511557,0.19151037532624648,-0.008359219626246472,0.09375,0.0062500000000000056,4.240000000010902e-05,0.03571428571428571,0.05555492104
0.1,0.2494995743,0.19151037532624648,0.057989198973753514,0.09375,0.0062500000000000056,4.240000000010902e-05,0.03571428571428571,0.05555492104
0.1,0.3614388406,0.19151037532624648,0.1699284652737535,0.09375,0.0062500000000000056,4.240000000010902e-05,0.03571428571428571,0.05555492104
0.1,0.3218910992,0.19151037532624648,0.1303807238737535,0.09375,0.0062500000000000056,4.240000000010902e-05,0.03571428571428571,0.05555492104
0.1,0.2184693068,0.19151037532624648,0.026958931473753528,0.09375,0.0062500000000000056,4.240000000010902e-05,0.03571428571428571,0.05555492104
0.1,0.0789603591,0.19151037532624648,-0.11255001622624648,0.09375,0.0062500000000000056,4.240000000010902e-05,0.03571428571428571,0.05555492104
0.1,0.1828942746,0.19151037532624648,-0.008616100726246495,0.09375,0.0062500000000000056,4.240000000010902e-05,0.03571428571428571,0.05555492104
0.1,0.3049762845,0.19151037532624648,0.11346590917375354,0.09375,0.0062500000000000056,4.240000000010902e-05,0.03571428571428571,0.05555492104
0.1,0.2106592655,0.19151037532624648,0.019148890173753513,0.09375,0.0062500000000000056,4.240000000010902e-05,0.03571428571428571,0.05555492104
0.1,0.01210949849,0.19151037532624648,-0.17940087683624648,0.09375,0.0062500000000000056,4.240000000010902e-05,0.03571428571428571,0.05555492104
0.1,0.1405729651,0.19151037532624648,-0.05093741022624648,0.09375,0.0062500000000000056,4.240000000010902e-05,0.03571428571428571,0.05555492104
0.1,0.05920177326,0.19151037532624648,-0.13230860206624648,0.09375,0.0062500000000000056,4.240000000010902e-05,0.03571428571428571,0.05555492104
0.1,0.3652918339,0.19151037532624648,0.1737814585737535,0.09375,0.0062500000000000056,4.240000000010902e-05,0.03571428571428571,0.05555492104
0.1,0.1424781531,0.19151037532624648,-0.04903222222624648,0.09375,0.0062500000000000056,4.240000000010902e-05,0.03571428571428571,0.05555492104
0.1,0.05615472049,0.19151037532624648,-0.13535565483624648,0.09375,0.0062500000000000056,4.240000000010902e-05,0.03571428571428571,0.05555492104
0.1,0.1579459906,0.19151037532624648,-0.03356438472624648,0.09375,0.0062500000000000056,4.240000000010902e-05,0.03571428571428571,0.05555492104
0.1,0.2130959779,0.19151037532624648,0.021585602573753526,0.09375,0.0062500000000000056,4.240000000010902e-05,0.03571428571428571,0.05555492104
0.1,0.1847861558,0.19151037532624648,-0.006724219526246494,0.09375,0.0062500000000000056,4.240000000010902e-05,0.03571428571428571,0.05555492104
0.1,0.07996977121,0.19151037532624648,-0.11154060411624649,0.09375,0.0062500000000000056,4.240000000010902e-05,0.03571428571428571,0.05555492104
0.1,0.2252817601,0.19151037532624648,0.03377138477375352,0.09375,0.0062500000000000056,4.240000000010902e-05,0.03571428571428571,0.05555492104
0.1,0.1345064044,0.19151037532624648,-0.05700397092624648,0.09375,0.0062500000000000056,4.240000000010902e-05,0.03571428571428571,0.05555492104
0.1,0.1644998193,0.19151037532624648,-0.027010556026246496,0.09375,0.0062500000000000056,4.240000000010902e-05,0.03571428571428571,0.05555492104
0.1,0.2380367666,0.19151037532624648,0.04652639127375352,0.09375,0.0062500000000000056,4.240000000010902e-05,0.03571428571428571,0.05555492104
0.1,0.2668542564,0.19151037532624648,0.0753438810737535,0.09375,0.0062500000000000056,4.240000000010902e-05,0.03571428571428571,0.05555492104
0.1,0.1158322692,0.19151037532624648,-0.07567810612624648,0.09375,0.0062500000000000056,4.240000000010902e-05,0.03571428571428571,0.05555492104
0.1,0.1339451969,0.19151037532624648,-0.05756517842624648,0.09375,0.0062500000000000056,4.240000000010902e-05,0.03571428571428571,0.05555492104
0.1,0.2034387589,0.19151037532624648,0.011928383573753504,0.09375,0.0062500000000000056,4.240000000010902e-05,0.03571428571428571,0.05555492104
0.1,0.07469853014,0.19151037532624648,-0.11681184518624649,0.09375,0.0062500000000000056,4.240000000010902e-05,0.03571428571428571,0.05555492104
0.1,0.2250582129,0.19151037532624648,0.033547837573753514,0.09375,0.0062500000000000056,4.240000000010902e-05,0.03571428571428571,0.05555492104
0.1,0.1780224741,0.19151037532624648,-0.01348790122624649,0.09375,0.0062500000000000056,4.240000000010902e-05,0.03571428571428571,0.05555492104
0.1,0.2788998485,0.19151037532624648,0.0873894731737535,0.09375,0.0062500000000000056,4.240000000010902e-05,0.03571428571428571,0.05555492104
0.1,0.157709673,0.19151037532624648,-0.03380070232624649,0.09375,0.0062500000000000056,4.240000000010902e-05,0.03571428571428571,0.05555492104
0.1,0.06477323174,0.19151037532624648,-0.1267371435862465,0.09375,0.0062500000000000056,4.240000000010902e-05,0.03571428571428571,0.05555492104
0.1,0.210670501,0.19151037532624648,0.019160125673753525,0.09375,0.0062500000000000056,4.240000000010902e-05,0.03571428571428571,0.05555492104
0.1,0.01211876515,0.19151037532624648,-0.1793916101762465,0.09375,0.0062500000000000056,4.240000000010902e-05,0.03571428571428571,0.05555492104
0.1,0.3714814484,0.19151037532624648,0.17997107307375354,0.09375,0.0062500000000000056,4.240000000010902e-05,0.03571428571428571,0.05555492104
0.1,0.194269225,0.19151037532624648,0.002758849673753505,0.09375,0.0062500000000000056,4.240000000010902e-05,0.03571428571428571,0.05555492104
0.1,0.2282868326,0.19151037532624648,0.036776457273753504,0.09375,0.0062500000000000056,4.240000000010902e-05,0.03571428571428571,0.05555492104
0.1,0.1958335489,0.19151037532624648,0.004323173573753503,0.09375,0.0062500000000000056,4.240000000010902e-05,0.03571428571428571,0.05555492104
0.1,0.2283156365,0.19151037532624648,0.03680526117375352,0.09375,0.0062500000000000056,4.240000000010902e-05,0.03571428571428571,0.05555492104
0.1,0.06724001467,0.19151037532624648,-0.12427036065624648,0.09375,0.0062500000000000056,4.240000000010902e-05,0.03571428571428571,0.05555492104
0.1,0.07937156409,0.19151037532624648,-0.11213881123624649,0.09375,0.0062500000000000056,4.240000000010902e-05,0.03571428571428571,0.05555492104
0.1,0.01413425058,0.19151037532624648,-0.17737612474624648,0.09375,0.0062500000000000056,4.240000000010902e-05,0.03571428571428571,0.05555492104
0.1,0.1772511303,0.19151037532624648,-0.014259245026246481,0.09375,0.0062500000000000056,4.240000000010902e-05,0.03571428571428571,0.05555492104
0.1,0.287504971,0.19151037532624648,0.09599459567375351,0.09375,0.0062500000000000056,4.240000000010902e-05,0.03571428571428571,0.05555492104
0.1,0.2726584673,0.19151037532624648,0.0811480919737535,0.09375,0.0062500000000000056,4.240000000010902e-05,0.03571428571428571,0.05555492104
0.1,0.1335086077,0.19151037532624648,-0.05800176762624648,0.09375,0.0062500000000000056,4.240000000010902e-05,0.03571428571428571,0.05555492104
0.1,0.4197183847,0.19151037532624648,0.22820800937375352,0.09375,0.0062500000000000056,4.240000000010902e-05,0.03571428571428571,0.05555492104
0.1,0.278539151,0.19151037532624648,0.0870287756737535,0.09375,0.0062500000000000056,4.240000000010902e-05,0.03571428571428571,0.05555492104
0.1,0.3824898601,0.19151037532624648,0.19097948477375354,0.09375,0.0062500000000000056,4.240000000010902e-05,0.03571428571428571,0.05555492104
0.1,0.5130207539,0.19151037532624648,0.32151037857375353,0.09375,0.0062500000000000056,4.240000000010902e-05,0.03571428571428571,0.05555492104
0.1,0.0870045349,0.19151037532624648,-0.10450584042624649,0.09375,0.0062500000000000056,4.240000000010902e-05,0.03571428571428571,0.05555492104
0.1,0.3699054122,0.19151037532624648,0.17839503687375352,0.09375,0.0062500000000000056,4.240000000010902e-05,0.03571428571428571,0.05555492104
0.1,0.1337805986,0.19151037532624648,-0.05772977672624649,0.09375,0.0062500000000000056,4.240000000010902e-05,0.03571428571428571,0.05555492104
0.1,0.1881619096,0.19151037532624648,-0.0033484657262464745,0.09375,0.0062500000000000056,4.240000000010902e-05,0.03571428571428571,0.05555492104
0.1,0.229749009,0.19151037532624648,0.03823863367375352,0.09375,0.0062500000000000056,4.240000000010902e-05,0.03571428571428571,0.05555492104
