x,y,score,kappa_eff,w_gate,in_sh_band
5.5,9.0,2.533602525856309e-50,0.03125,8.107528082740188e-49,1.0
5.5,9.25,8.86134949596327e-26,0.03125,2.8356318387082463e-24,1.0
5.5,9.5,8.901335639277091e-26,0.03125,2.848427404568669e-24,1.0
5.5,9.75,8.936563513004495e-26,0.03125,2.8597003241614384e-24,1.0
5.5,10.0,1.8860495225264843e-09,0.03125,6.03535847208475e-08,1.0
5.5,10.25,1.8914226111950625e-09,0.03125,6.0525523558242e-08,1.0
5.5,10.5,1.895763332077477e-09,0.03125,6.066442662647927e-08,1.0
5.5,10.75,2.454194846393667e-07,0.03125,7.853423508459734e-06,1.0
5.5,11.0,2.4571105551998644e-07,0.03125,7.862753776639566e-06,1.0
5.75,9.0,2.533866149165835e-50,0.03125,8.108371677330672e-49,1.0
5.75,9.25,8.862271526256952e-26,0.03125,2.8359268884022247e-24,1.0
5.75,9.5,8.902261830160024e-26,0.03125,2.8487237856512077e-24,1.0
5.75,9.75,8.937493369375036e-26,0.03125,2.8599978782000114e-24,1.0
5.75,10.0,1.8862457674433503e-09,0.03125,6.035986455818721e-08,1.0
5.75,10.25,1.891619415185975e-09,0.03125,6.05318212859512e-08,1.0
5.75,10.5,1.8959605877237674e-09,0.03125,6.067073880716056e-08,1.0
5.75,10.75,2.454450207272504e-07,0.03125,7.854240663272014e-06,1.0
5.75,11.0,2.4573662194604665e-07,0.03125,7.863571902273493e-06,1.0
6.0,9.0,2.5341043252069694e-50,0.03125,8.109133840662302e-49,1.0
6.0,9.25,8.86310455397954e-26,0.03125,2.836193457273453e-24,1.0
6.0,9.5,8.903098616854755e-26,0.03125,2.8489915573935217e-24,1.0
6.0,9.75,8.938333467731882e-26,0.03125,2.8602667096742022e-24,1.0
6.0,10.0,1.886423069054031e-09,0.03125,6.036553820972899e-08,1.0
6.0,10.25,1.8917972219038993e-09,0.03125,6.053751110092478e-08,1.0
6.0,10.5,1.8961388024992713e-09,0.03125,6.067644167997668e-08,1.0
6.0,10.75,2.454680918446306e-07,0.03125,7.85497893902818e-06,1.0
6.0,11.0,2.457597204730924e-07,0.03125,7.864311055138957e-06,1.0
6.25,9.0,2.534317046798921e-50,0.03125,8.109814549756547e-49,1.0
6.25,9.25,8.863848554016003e-26,0.03125,2.836431537285121e-24,1.0
6.25,9.5,8.903845974132921e-26,0.03125,2.849230711722535e-24,1.0
6.25,9.75,8.93908378274683e-26,0.03125,2.8605068104789854e-24,1.0
6.25,10.0,1.8865814220130437e-09,0.03125,6.03706055044174e-08,1.0
6.25,10.25,1.891956025988123e-09,0.03125,6.054259283161994e-08,1.0
6.25,10.5,1.8962979710309756e-09,0.03125,6.068153507299122e-08,1.0
6.25,10.75,2.454886972959338e-07,0.03125,7.855638313469882e-06,1.0
6.25,11.0,2.457803504047241e-07,0.03125,7.864971212951172e-06,1.0
6.5,9.0,2.5345043075279464e-50,0.03125,8.110413784089428e-49,1.0
6.5,9.25,8.864503503934087e-26,0.03125,2.836641121258908e-24,1.0
6.5,9.5,8.904503879461048e-26,0.03125,2.8494412414275354e-24,1.0
6.5,9.75,8.939744291797225e-26,0.03125,2.860718173375112e-24,1.0
6.5,10.0,1.8867208215459073e-09,0.03125,6.037506628946903e-08,1.0
6.5,10.25,1.892095822650565e-09,0.03125,6.054706632481808e-08,1.0
6.5,10.5,1.896438088519809e-09,0.03125,6.06860188326339e-08,1.0
6.5,10.75,2.4550683645988785e-07,0.03125,7.856218766716411e-06,1.0
6.5,11.0,2.4579851111893114e-07,0.03125,7.865552355805797e-06,1.0
6.75,9.0,1.4921324171907696e-05,0.03125,0.0004774823735010463,1.0
6.75,9.25,1.9052843657172073e-25,0.03125,6.096909970295063e-24,1.0
6.75,9.5,1.9138818117084592e-25,0.03125,6.124421797467069e-24,1.0
6.75,9.75,1.9214561791432228e-25,0.03125,6.148659773258313e-24,1.0
6.75,10.0,0.002489117485836422,0.03125,0.07965175954676551,1.0
6.75,10.25,0.002496208629943811,0.03125,0.07987867615820195,1.0
6.75,10.5,0.002501937304679287,0.03125,0.08006199374973719,1.0
6.75,10.75,3.788458275721563e-39,0.03125,1.2123066482309e-37,1.0
6.75,11.0,3.792959157618803e-39,0.03125,1.213746930438017e-37,1.0
7.0,9.0,1.4922126690694128e-05,0.03125,0.0004775080541022121,1.0
7.0,9.25,1.9053868382913146e-25,0.03125,6.097237882532207e-24,1.0
7.0,9.5,1.9139847466820052e-25,0.03125,6.1247511893824166e-24,1.0
7.0,9.75,1.9215595214916166e-25,0.03125,6.148990468773173e-24,1.0
7.0,10.0,0.002489251358911024,0.03125,0.07965604348515277,1.0
7.0,10.25,0.0024963428844038916,0.03125,0.07988297230092453,1.0
7.0,10.5,0.0025020718672466805,0.03125,0.08006629975189378,1.0
7.0,10.75,3.78866203169542e-39,0.03125,1.2123718501425344e-37,1.0
7.0,11.0,3.7931631556651625e-39,0.03125,1.213812209812852e-37,1.0
7.25,9.0,1.4922779237783571e-05,0.03125,0.0004775289356090743,1.0
7.25,9.25,1.9054701611756036e-25,0.03125,6.0975045157619314e-24,1.0
7.25,9.5,1.9140684455542624e-25,0.03125,6.12501902577364e-24,1.0
7.25,9.75,1.9216435516100395e-25,0.03125,6.1492593651521264e-24,1.0
7.25,10.0,0.002489360214288198,0.03125,0.07965952685722233,1.0
7.25,10.25,0.0024964520498946584,0.03125,0.07988646559662907,1.0
7.25,10.5,0.0025021812832668228,0.03125,0.08006980106453833,1.0
7.25,10.75,3.7888277105180784e-39,0.03125,1.212424867365785e-37,1.0
7.25,11.0,3.7933290313227226e-39,0.03125,1.2138652900232712e-37,1.0
7.5,9.0,1.492328179349781e-05,0.03125,0.0004775450173919299,1.0
7.5,9.25,1.905534331857388e-25,0.03125,6.0977098619436415e-24,1.0
7.5,9.5,1.9141329058012062e-25,0.03125,6.12522529856386e-24,1.0
7.5,9.75,1.9217082669644787e-25,0.03125,6.149466454286332e-24,1.0
7.5,10.0,0.0024894440486853,0.03125,0.0796622095579296,1.0
7.5,10.25,0.0024965361231241157,0.03125,0.0798891559399717,1.0
7.5,10.5,0.0025022655494401627,0.03125,0.0800724975820852,1.0
7.5,10.75,3.788955307193325e-39,0.03125,1.212465698301864e-37,1.0
7.5,11.0,3.793456779589336e-39,0.03125,1.2139061694685874e-37,1.0
