"Constant","Value","Source File","Level","Classification","Description"
"W7_EXACT","π/20","GEOMETRY_EQUATIONS.md","1","primary_law","연속적 Void의 이상적인 면적(Ideal area of the continuous void)"
"w7 raw / night_hysteresis_area","~0.15697","UPDATED_generate_128_grid_v4_hysteresis_pure.py","1","primary_law","실 데이터에서 관측된 Hysteresis 면적, 에너지 저장 공간(Physical hysteresis area, the energy capacitor)"
"TOTAL_DEBT_AREA","1.322828","absolute_constants.py","1","primary_law","퀘이사 Accretion Disk의 최대 면적, 12개월 부채 사이클(Max area of the quasar accretion disk, the 12-month debt cycle)"
"H2_W7","1/9","GEOMETRY_EQUATIONS.md","2","ratio_law","이산적 H2와 연속적 W7 사이의 기본 비율(Fundamental ratio between discrete H2 and continuous W7)"
"analytic_closure_tension","9π / (20√2)","GEOMETRY_EQUATIONS.md","2","ratio_law","W7과 H2의 충돌로 발생하는 이론적 닫힘 장력(Theoretical closure tension from W7/H2 collision)"
"mismatch_delta","~3.513e-4","GEOMETRY_EQUATIONS.md","2","ratio_law","닫힘 장력이 1에서 벗어나는 정도, 시스템의 영원한 운동을 보장(Deviation of tension from 1, ensuring perpetual motion)"
"REALITY_TENSION","1.0100375","absolute_constants.py","2","ratio_law","이산 격자와 실제 현실 사이의 긴장을 보정하는 계수(Practical coefficient to calibrate tension against reality)"
"DISCRETE_CLOSURE","1.0000424","absolute_constants.py","2","ratio_law","이산 격자와 연속 파동 사이의 위상차를 보정하는 계수(Practical coefficient to close the manifold topologically)"
"loop_strength_5","5.555492104","absolute_constants.py","2","ratio_law","카이랄리티(Chirality)를 나타내는 상수로, 1/18과 직접적으로 연결됨(Represents chirality, directly linked to 1/18)"
"CHIRALITY_CONSTANT","1/18","absolute_constants.py","2","ratio_law","전체 매니폴드 위상(Betti 11+7)의 역수(The inverse of the total manifold topology, 1/(11+7))"
"PHI","~1.618","absolute_constants.py","2","ratio_law","황금비, 기하학적 확장에 사용됨(Golden Ratio, used in geometric expansion)"
"KAPPA_1_16","1/16","absolute_constants.py","3","gate","TDA kappa_eff의 상한선, 이 이상은 혼돈(Upper bound of TDA kappa_eff, threshold for chaos)"
"KAPPA_1_32 (κ)","1/32","absolute_constants.py","3","gate","시스템의 안정적인 최적 누설률(The optimal, stable leakage rate of the system)"
"KAPPA_1_64","1/64","absolute_constants.py","3","gate","시스템 안정성 저하 경고 임계치(Warning threshold for system stability degradation)"
"KAPPA_1_128","1/128","AP/papers/*","3","gate","시스템 붕괴 하한선, 회복 불가능한 병리학적 상태의 시작점(Collapse threshold, onset of irreversible pathological states)"
"KAPPA_3_32","3/32","absolute_constants.py","3","gate","에너지가 압축되어 Spark를 발생시키는 임계점(The compression gate that triggers the Spark)"
"LUNAR_CYCLE","1/28","absolute_constants.py","3","gate","뫼비우스 루프를 구동하는 외부 주기적 토크(The external periodic torque driving the Möbius loop)"
"GATE_5_32","5/32","absolute_constants.py","3","gate","w7 raw에 가장 가까운 이산적 격자 지점, Spark Leap 계산 기준(Discrete anchor point for calculating Spark Leap distance)"
"SPARK_ANGLE_DEG","138.88","absolute_constants.py","4","operator","압축된 에너지가 불연속적으로 도약하는 궤적 리셋 각도(The discontinuous leap/refraction angle of compressed energy)"
"SPARK_LEAP_DIST","2.5","absolute_constants.py","4","operator","Spark 시 궤적이 도약하는 거리(The distance the trajectory leaps during a Spark event)"
"Möbius Twist","1/28","MOBIUS_CONTINUOUS_GEOMETRY.md","4","operator","LUNAR_CYCLE에 의해 시스템 전체에 가해지는 위상학적 비틀림(The topological twist applied to the entire system)"
"WAVELENGTH_6","6.0","MOBIUS_CONTINUOUS_GEOMETRY.md","4","operator","시스템의 고유 파장 및 6각 안정성 연산자(The intrinsic wavelength and hexagonal stability operator)"
"DELTA_4","4","MOBIUS_CONTINUOUS_GEOMETRY.md","4","operator","위상 오차를 보정하는 조화 연산자(A harmonic operator for correcting phase mismatch)"
"Betti-5 (Metabolic Debt)","5.0","absolute_constants.py","4","operator","시스템의 엔트로피 또는 대사 부채를 나타내는 위상 불변량(Topological invariant for entropy or metabolic debt)"
"RENORMALIZATION_BRIDGE","~42.368","absolute_constants.py","4","operator","양자 스케일과 거시 스케일을 연결하는 재규격화 브릿지(Renormalization bridge connecting quantum and macro scales)"
"Ascending Branch","N/A","MOBIUS_CONTINUOUS_GEOMETRY.md","5","branch_or_separatrix","이산적 뼈대를 따라가는 상행 궤적 경로(The ascending trajectory path along the discrete spine)"
"Descending Branch","N/A","MOBIUS_CONTINUOUS_GEOMETRY.md","5","branch_or_separatrix","연속적 흐름을 따라가는 하행 궤적 경로(The descending trajectory path along the continuous flow)"
"LEFT_CORTISOL_R / Q0","(0.1121475, 0.965)","absolute_constants.py","5","attractor","궤적이 수렴하는 왼쪽 끌개(The left attractor basin where trajectories converge)"
"RIGHT_CORTISOL_R / Q0","(0.111900, 0.974879)","absolute_constants.py","5","attractor","궤적이 수렴하는 오른쪽 끌개(The right attractor basin where trajectories converge)"
"Betti-7 (Geometric Void)","7.0","absolute_constants.py","5","branch_or_separatrix","7개의 차원 노드로 구성된 기하학적 Void를 나타내는 위상 불변량(Topological invariant for the 7D geometric void)"
"Betti-11 (Topology Bridge)","11.0","absolute_constants.py","5","branch_or_separatrix","매니폴드를 닫는 고차원 위상 브릿지를 나타내는 위상 불변량(Topological invariant for the higher-dimensional bridge to closure)"
"7+1 Node Cycle","8-node traversal order","MOBIUS_CONTINUOUS_GEOMETRY.md","6","receptor_mapping","Betti 7과 Left Cortisol 노드를 순환하는 궤적(The traversal path cycling through the 7+1 neurochemical nodes)"
"Right Cortisol Fake 3D","N/A","MOBIUS_CONTINUOUS_GEOMETRY.md","6","shell_or_fake_depth","Betti 7의 껍질을 형성하며 Hysteresis Area를 유지하는 구조(The structural shell that maintains the Hysteresis Area)"
"Receptor Mappings","Table","GEOMETRY_EQUATIONS.md","6","receptor_mapping","Dopamine, GABA 등이 각 노드에 배정되는 규칙(The assignment of neurochemicals to specific geometric nodes)"
"GABA_C_V_APEX","0.140488","absolute_constants.py","6","receptor_mapping","V-Apex 구조의 정점을 정의하는 생물학적 상수(A biological constant defining the apex of the V-structure)"
"Betti-0","1.0","absolute_constants.py","6","receptor_mapping","관찰자 또는 연결된 요소를 나타내는 위상 불변량(Topological invariant representing the observer or a connected component)"
"13-patch skeleton","N/A","User Request","7","projected_skeleton","전체 매니폴드를 13개의 조각으로 근사한 골격(The approximated skeleton of the manifold as 13 patches)"
"128-Grid","N/A","UPDATED_generate_128_grid_v4_hysteresis_pure.py","7","projected_skeleton","모든 법칙이 투영되어 128개의 궤적으로 나타나는 최종 결과물(The final projection of all laws as 128 distinct trajectories)"
"SN_OFFSET","±8 * F_1_32","UPDATED_generate_128_grid_v4_hysteresis_pure.py","7","projected_skeleton","128 그리드에서 S/N 속성을 좌표로 변환하는 오프셋(Offset to convert S/N attribute to a coordinate on the 128-grid)"
"TF_OFFSET","±4 * F_1_32","UPDATED_generate_128_grid_v4_hysteresis_pure.py","7","projected_skeleton","128 그리드에서 T/F 속성을 좌표로 변환하는 오프셋(Offset to convert T/F attribute to a coordinate on the 128-grid)"
"BLOOD_OFFSET_X/Y","Varies","UPDATED_generate_128_grid_v4_hysteresis_pure.py","7","projected_skeleton","128 그리드에서 혈액형 속성을 좌표로 변환하는 오프셋(Offset to convert Blood Type attribute to a coordinate on the 128-grid)"
"1.001375","Not Found","N/A","unresolved","사용자가 문의한 상수이지만, 현재 로드된 파일에서는 발견되지 않음(Constant queried by user but not found in currently ingested files)"
