step,z_real,z_imag,radius,spark_gate,confinement,electron_stress,d3,inverse_square,proton_membership,omega_proxy,omega_error
0,-0.2083778505445297,0.18190771522790058,0.27660756579853946,1.0,0.04862684407943025,0.0,0.029176106447658147,0.2062542659337071,0.5293687093381392,0.4500185341056824,-6.949981465894318
1,-0.20096896190475302,0.12753924860013577,0.23802265350710067,0.9942206389175381,0.04062478344396018,0.0002041266300319745,0.024456520718388896,0.20837242485681035,0.5222790465742045,0.4269575063255917,-6.973042493674408
2,-0.19107839332928753,0.14514418103541785,0.23995371571564392,0.9988424363852542,0.03805975194011562,3.924159360288989e-05,0.022851547801510524,0.21005150369653316,0.519534531586718,0.4129611115921134,-6.987038888407887
3,-0.1973019879762009,0.14212855397584606,0.24316373149510995,0.9978198102252589,0.03701533495355661,7.948281989326398e-05,0.022240994100091272,0.20889874841018694,0.5185945066031268,0.4102724094993749,-6.9897275905006255
4,-0.19494725258561654,0.1416863127177807,0.24099676865518532,0.9980122969279911,0.03622091493393549,7.36622953159474e-05,0.021762013878487675,0.2093536738643348,0.5177584628060673,0.40686457947311716,-6.993135420526883
5,-0.19551963627368532,0.1422899997359787,0.2418147476756929,0.9980401622176858,0.03595473668546951,7.319802108037082e-05,0.02160212121971385,0.20923678431310444,0.5174868086412929,0.4058070039450021,-6.9941929960549984
6,-0.19548229815033208,0.14200438237910942,0.24161658367133587,0.9980017258948894,0.03578266255418373,7.509875491581999e-05,0.02149963703447657,0.20924747181494444,0.5173128003499865,0.40516970909716143,-6.994830290902839
7,-0.1954345353806526,0.14209208494781486,0.24162950611270262,0.9980199861957291,0.035703373928311063,7.454813057472373e-05,0.021451843609216526,0.20925550522268271,0.5172297012450878,0.40483518393685625,-6.995164816063144
8,-0.19546579430225558,0.14207722890815805,0.24164605462625047,0.9980143902504133,0.0356647450576112,7.485920027974144e-05,0.021428790714678615,0.20924971846897664,0.5171905660893068,0.4046900978330714,-6.9953099021669285
9,-0.19545400369617388,0.14207502322242876,0.2416352204967596,0.9980153385775359,0.03564408459138142,7.486688829398408e-05,0.021416397510146446,0.20925199832395067,0.517169179955142,0.4046070951095856,-6.995392904890415
10,-0.19545685972543006,0.14207804430020768,0.24163930699680924,0.9980154793668973,0.0356343952025883,7.488318036989546e-05,0.02141059039370094,0.2092514151323592,0.5171592174374212,0.40456880871977363,-6.995431191280227
11,-0.19545667469573427,0.14207661534882376,0.24163831714380837,0.9980152865208451,0.035629354864000276,7.490213258389742e-05,0.021407573771433725,0.20925146825862911,0.5171540453118404,0.4045491234917141,-6.995450876508286
12,-0.1954564353713243,0.14207705365634335,0.24163838127195797,0.9980153777377405,0.03562686793463662,7.490405207544564e-05,0.021406082381612148,0.20925150852462046,0.517151478585628,0.4045391995609685,-6.995460800439032
13,-0.195456591784576,0.14207697954871829,0.24163846421819787,0.9980153497587242,0.035625629458477075,7.490795084197221e-05,0.021405340855423033,0.20925147956621223,0.5171502073262213,0.40453434854201137,-6.995465651457989
14,-0.19545653283284262,0.14207696845012102,0.24163841000762434,0.9980153544893369,0.03562500346257387,7.490916009863293e-05,0.021404965741583775,0.20925149096616422,0.5171495625920198,0.40453187065550006,-6.9954681293445
15,-0.19545654709803054,0.142076983574936,0.24163843043944244,0.9980153551978084,0.03562469366240078,7.49098266580387e-05,0.021404780128103682,0.20925148805282612,0.5171492438769679,0.404530647767622,-6.995469352232378
16,-0.19545654618102115,0.14207697642774827,0.24163842549533507,0.9980153542323256,0.03562453778308335,7.491021412175066e-05,0.02140468675549871,0.20925148831693274,0.5171490835657041,0.40453003361701306,-6.995469966382987
17,-0.1954565449816253,0.14207697861830598,0.24163842581315723,0.9980153546885617,0.03562446000884876,7.491037003340122e-05,0.021404640153322614,0.20925148851880476,0.5171490035062085,0.4045297261316714,-6.995470273868329
18,-0.1954565457642699,0.1420769782486081,0.24163842622885043,0.9980153545487289,0.03562442114672993,7.49104626860802e-05,0.02140461687311239,0.20925148837389185,0.5171489635371403,0.4045295729442727,-6.995470427055728
19,-0.19545654546952032,0.14207697819276174,0.24163842595759716,0.9980153545723283,0.03562440168181415,7.491050531503615e-05,0.0214046052112145,0.20925148843089428,0.5171489435070402,0.40452949608855054,-6.9954705039114495
20,-0.19545654554077171,0.14207697826848306,0.24163842605975314,0.9980153545758932,0.03562439196534417,7.491052693719814e-05,0.021404599389981384,0.20925148841634067,0.5171489335102509,0.4045294577409184,-6.995470542259082
21,-0.19545654553622738,0.14207697823273505,0.24163842603505842,0.9980153545710596,0.0356243871022137,7.491053801989685e-05,0.02140459647653618,0.20925148841765348,0.5171489285070914,0.40452943855359685,-6.995470561446403
22,-0.1954565455302165,0.1420769782436829,0.24163842603663338,0.9980153545733417,0.03562438467147331,7.491054337198818e-05,0.02140459502023278,0.2092514884186656,0.5171489260059897,0.40452942895787214,-6.995470571042128
23,-0.19545654553413264,0.14207697824183865,0.24163842603871669,0.9980153545726427,0.035624383456228814,7.49105461215277e-05,0.0214045942921859,0.2092514884179403,0.5171489247557433,0.4045294241627896,-6.995470575837211
24,-0.19545654553265893,0.14207697824155763,0.2416384260373594,0.9980153545727605,0.03562438284843704,7.491054747782265e-05,0.02140459392805335,0.20925148841822547,0.5171489241303919,0.40452942176393775,-6.995470578236063
25,-0.1954565455330148,0.1420769782419367,0.24163842603787017,0.9980153545727783,0.03562438254462111,7.49105481575022e-05,0.021404593746035663,0.20925148841815278,0.5171489238178075,0.4045294205649127,-6.9954705794350875
26,-0.19545654553299227,0.14207697824175794,0.2416384260377468,0.9980153545727541,0.03562438239268867,7.491054849870246e-05,0.021404593655012683,0.20925148841815924,0.5171489236614916,0.4045294199653328,-6.9954705800346675
27,-0.19545654553296218,0.14207697824181262,0.24163842603775462,0.9980153545727657,0.035624382316726565,7.491054866835053e-05,0.021404593609503277,0.20925148841816432,0.517148923583336,0.40452941966553246,-6.995470580334468
28,-0.19545654553298175,0.14207697824180343,0.24163842603776506,0.9980153545727621,0.03562438227874615,7.491054875354681e-05,0.021404593586749104,0.20925148841816074,0.5171489235442597,0.40452941951564625,-6.995470580484354
29,-0.1954565455329744,0.14207697824180204,0.24163842603775829,0.9980153545727627,0.035624382259755095,7.491054879605274e-05,0.02140459357537148,0.2092514884181622,0.5171489235247204,0.4045294194406966,-6.995470580559304
30,-0.19545654553297617,0.1420769782418039,0.2416384260377608,0.9980153545727628,0.03562438225025996,7.491054881731195e-05,0.0214045935696829,0.20925148841816188,0.5171489235149512,0.40452941940322373,-6.995470580596777
31,-0.19545654553297606,0.14207697824180304,0.24163842603776023,0.9980153545727627,0.03562438224551227,7.491054882794828e-05,0.02140459356683854,0.20925148841816188,0.5171489235100665,0.404529419384487,-6.995470580615513
32,-0.1954565455329759,0.1420769782418033,0.24163842603776026,0.9980153545727628,0.03562438224313846,7.491054883325997e-05,0.02140459356541638,0.20925148841816188,0.5171489235076241,0.4045294193751186,-6.995470580624882
33,-0.19545654553297603,0.14207697824180326,0.24163842603776034,0.9980153545727627,0.035624382241951545,7.49105488359222e-05,0.021404593564705296,0.20925148841816188,0.517148923506403,0.40452941937043446,-6.995470580629566
34,-0.19545654553297595,0.14207697824180324,0.24163842603776026,0.9980153545727628,0.035624382241358096,7.491054883724692e-05,0.021404593564349754,0.20925148841816188,0.5171489235057924,0.40452941936809234,-6.995470580631908
35,-0.19545654553297598,0.14207697824180326,0.24163842603776028,0.9980153545727628,0.03562438224106137,7.491054883791138e-05,0.021404593564171986,0.20925148841816188,0.5171489235054871,0.4045294193669213,-6.9954705806330795
36,-0.19545654553297598,0.14207697824180326,0.24163842603776028,0.9980153545727628,0.035624382240913,7.491054883824361e-05,0.021404593564083096,0.20925148841816188,0.5171489235053345,0.40452941936633574,-6.995470580633665
37,-0.19545654553297598,0.14207697824180326,0.24163842603776028,0.9980153545727628,0.03562438224083882,7.491054883840972e-05,0.021404593564038652,0.20925148841816188,0.5171489235052581,0.4045294193660429,-6.995470580633958
38,-0.19545654553297598,0.14207697824180326,0.24163842603776028,0.9980153545727628,0.03562438224080172,7.491054883849279e-05,0.02140459356401643,0.20925148841816188,0.51714892350522,0.4045294193658966,-6.9954705806341035
39,-0.19545654553297598,0.14207697824180326,0.24163842603776028,0.9980153545727628,0.035624382240783174,7.491054883853433e-05,0.021404593564005318,0.20925148841816188,0.5171489235052009,0.4045294193658234,-6.995470580634177
40,-0.19545654553297598,0.14207697824180326,0.24163842603776028,0.9980153545727628,0.035624382240773904,7.491054883855509e-05,0.021404593563999763,0.20925148841816188,0.5171489235051914,0.4045294193657868,-6.995470580634214
41,-0.19545654553297598,0.14207697824180326,0.24163842603776028,0.9980153545727628,0.03562438224076927,7.491054883856547e-05,0.021404593563996984,0.20925148841816188,0.5171489235051866,0.4045294193657685,-6.995470580634231
42,-0.19545654553297598,0.14207697824180326,0.24163842603776028,0.9980153545727628,0.03562438224076695,7.491054883857065e-05,0.0214045935639956,0.20925148841816188,0.5171489235051843,0.40452941936575937,-6.995470580634241
43,-0.19545654553297598,0.14207697824180326,0.24163842603776028,0.9980153545727628,0.0356243822407658,7.491054883857323e-05,0.021404593563994906,0.20925148841816188,0.517148923505183,0.40452941936575476,-6.995470580634246
44,-0.19545654553297598,0.14207697824180326,0.24163842603776028,0.9980153545727628,0.03562438224076522,7.491054883857454e-05,0.021404593563994562,0.20925148841816188,0.5171489235051824,0.4045294193657525,-6.995470580634247
45,-0.19545654553297598,0.14207697824180326,0.24163842603776028,0.9980153545727628,0.03562438224076493,7.49105488385752e-05,0.021404593563994385,0.20925148841816188,0.5171489235051822,0.4045294193657514,-6.995470580634249
46,-0.19545654553297598,0.14207697824180326,0.24163842603776028,0.9980153545727628,0.03562438224076478,7.491054883857552e-05,0.0214045935639943,0.20925148841816188,0.517148923505182,0.40452941936575076,-6.995470580634249
47,-0.19545654553297598,0.14207697824180326,0.24163842603776028,0.9980153545727628,0.0356243822407647,7.491054883857569e-05,0.021404593563994254,0.20925148841816188,0.5171489235051819,0.40452941936575043,-6.99547058063425
48,-0.19545654553297598,0.14207697824180326,0.24163842603776028,0.9980153545727628,0.03562438224076467,7.491054883857577e-05,0.021404593563994233,0.20925148841816188,0.5171489235051819,0.4045294193657503,-6.99547058063425
49,-0.19545654553297598,0.14207697824180326,0.24163842603776028,0.9980153545727628,0.035624382240764654,7.49105488385758e-05,0.021404593563994222,0.20925148841816188,0.5171489235051818,0.40452941936575026,-6.99547058063425
50,-0.19545654553297598,0.14207697824180326,0.24163842603776028,0.9980153545727628,0.035624382240764654,7.491054883857582e-05,0.021404593563994222,0.20925148841816188,0.5171489235051818,0.40452941936575026,-6.99547058063425
51,-0.19545654553297598,0.14207697824180326,0.24163842603776028,0.9980153545727628,0.035624382240764654,7.491054883857582e-05,0.021404593563994222,0.20925148841816188,0.5171489235051818,0.40452941936575026,-6.99547058063425
52,-0.19545654553297598,0.14207697824180326,0.24163842603776028,0.9980153545727628,0.035624382240764654,7.491054883857582e-05,0.021404593563994222,0.20925148841816188,0.5171489235051818,0.40452941936575026,-6.99547058063425
53,-0.19545654553297598,0.14207697824180326,0.24163842603776028,0.9980153545727628,0.035624382240764654,7.491054883857582e-05,0.021404593563994222,0.20925148841816188,0.5171489235051818,0.40452941936575026,-6.99547058063425
54,-0.19545654553297598,0.14207697824180326,0.24163842603776028,0.9980153545727628,0.035624382240764654,7.491054883857582e-05,0.021404593563994222,0.20925148841816188,0.5171489235051818,0.40452941936575026,-6.99547058063425
55,-0.19545654553297598,0.14207697824180326,0.24163842603776028,0.9980153545727628,0.035624382240764654,7.491054883857582e-05,0.021404593563994222,0.20925148841816188,0.5171489235051818,0.40452941936575026,-6.99547058063425
56,-0.19545654553297598,0.14207697824180326,0.24163842603776028,0.9980153545727628,0.035624382240764654,7.491054883857582e-05,0.021404593563994222,0.20925148841816188,0.5171489235051818,0.40452941936575026,-6.99547058063425
57,-0.19545654553297598,0.14207697824180326,0.24163842603776028,0.9980153545727628,0.035624382240764654,7.491054883857582e-05,0.021404593563994222,0.20925148841816188,0.5171489235051818,0.40452941936575026,-6.99547058063425
58,-0.19545654553297598,0.14207697824180326,0.24163842603776028,0.9980153545727628,0.035624382240764654,7.491054883857582e-05,0.021404593563994222,0.20925148841816188,0.5171489235051818,0.40452941936575026,-6.99547058063425
59,-0.19545654553297598,0.14207697824180326,0.24163842603776028,0.9980153545727628,0.035624382240764654,7.491054883857582e-05,0.021404593563994222,0.20925148841816188,0.5171489235051818,0.40452941936575026,-6.99547058063425
60,-0.19545654553297598,0.14207697824180326,0.24163842603776028,0.9980153545727628,0.035624382240764654,7.491054883857582e-05,0.021404593563994222,0.20925148841816188,0.5171489235051818,0.40452941936575026,-6.99547058063425
61,-0.19545654553297598,0.14207697824180326,0.24163842603776028,0.9980153545727628,0.035624382240764654,7.491054883857582e-05,0.021404593563994222,0.20925148841816188,0.5171489235051818,0.40452941936575026,-6.99547058063425
62,-0.19545654553297598,0.14207697824180326,0.24163842603776028,0.9980153545727628,0.035624382240764654,7.491054883857582e-05,0.021404593563994222,0.20925148841816188,0.5171489235051818,0.40452941936575026,-6.99547058063425
63,-0.19545654553297598,0.14207697824180326,0.24163842603776028,0.9980153545727628,0.035624382240764654,7.491054883857582e-05,0.021404593563994222,0.20925148841816188,0.5171489235051818,0.40452941936575026,-6.99547058063425
